{
 "name": "Pangalaktische Handelsgesellschaft",
 "iconPath": "a0960d5af6cf1132823fd310bb121f93ef987f2b763835967ce1f89a200b1af1",
 "artPath": "1cd05f785ef0e19e5d2f63679e73ba3051a5d2d2b14f3623d2773f0d4e2c1984",
 "rarity": 5,
 "relicType": 0,
 "embeddedBaseTypes": {
  "0": {
   "id": 0,
   "iconPath": "41072ca3899477a962f134868e1fa9e70dccfb48858da4ba0f0240284789aaef",
   "color": "#FFFFFF",
   "name": "",
   "rarity": 0
  },
  "1": {
   "id": 1,
   "iconPath": "adc5e9134f1305bc6fce9540aa715f3a126bf8c692f884f179c30f4a77c23517",
   "color": "#FFFFFF",
   "name": "Kopf",
   "rarity": 0
  },
  "2": {
   "id": 2,
   "iconPath": "881cc71c4ba36330e78afd8048fcb12d871fed11643cf88ed0ec35baa2dc4448",
   "color": "#FFFFFF",
   "name": "Hände",
   "rarity": 0
  },
  "3": {
   "id": 3,
   "iconPath": "69a915b7e71818ce9045d15909d068e17b0eb55b521de61e2b6beae81aaad69d",
   "color": "#FFFFFF",
   "name": "Körper",
   "rarity": 0
  },
  "4": {
   "id": 4,
   "iconPath": "4e3a373adf26de8bf6a014d20c60673e492edb4e0c42eb41c4fdd0e1ee76be18",
   "color": "#FFFFFF",
   "name": "Füße",
   "rarity": 0
  },
  "5": {
   "id": 5,
   "iconPath": "4d5bdc016d963c74451bbfd89499fb09b38187b832b78f9e370059491a889144",
   "color": "#FFFFFF",
   "name": "Planarsphäre",
   "rarity": 0
  },
  "6": {
   "id": 6,
   "iconPath": "6480632e5e286318196c11d1b3a878c0ca0491dbda41d1e795a50570f18426eb",
   "color": "#FFFFFF",
   "name": "Verbindungsseil",
   "rarity": 0
  }
 },
 "skills": [
  {
   "useNum": 2,
   "desc": "Erhöht die Effekt-Trefferrate des Trägers um <nobr>#1[i]%</nobr>. Erhöht gleichzeitig den ANG des Trägers in Höhe von <nobr>#2[i]%</nobr> der Effekt-Trefferrate, bis zu einem Höchstwert von <nobr>#3[i]%</nobr>.",
   "params": [
    0.1,
    0.25,
    0.25
   ]
  }
 ],
 "pieces": {
  "5": {
   "name": "Das Mega-Hauptquartier der IFK",
   "type": 0,
   "maxRarity": 5,
   "iconPath": "71c420a0ea7d9db3246781bb6b0f54fe196a51376f2d77e4157cbc8f7f60af45",
   "baseTypeText": "Planarsphäre",
   "loreTitle": "Das Mega-Hauptquartier der IFK",
   "miniLore": "Das Hauptquartier der IFK in Pier Point wird von einer Planarsphäre umschlossen. Kein Planet kann sich vor dem genialen Businessplan der Interastralen Friedenskorporation verstecken. Sie ist weit ins All vorgedrungen, um sich die Möglichkeiten des gesamten Universums zunutze zu machen.",
   "lore": "Der Subraum-Aufprall erschütterte das Universum. Der stille und einsame Koloss nahm den Bau der großen Barriere durch die Galaxie in Angriff. Die selbst ernannten Orakel schritten zur Tat. Sie wollten dem Äon Qlipoth dabei helfen, den Wall zu errichten.<br /><br />Das Universum ist in unmittelbarer Gefahr, und die Errichtung des Walls konnte nicht warten. Die unbedeutenden Menschen hatten nicht die Absicht, dem Gott nachzueifern. Stattdessen schlossen sie sich zu einem selbsternannten „Unterstützungsteam“ des Äons zusammen. Sie waren bereit, sich voll und ganz dem Bernsteinfürsten hinzugeben. Mit der Kraft der Bewahrung lenkt das Unterstützungsteam die Flotte in verschiedene Galaxien, um Baumaterialien wie Stein, Holz, Gold und Supernium zu kaufen. Unermüdlich wird Baumaterial zur Subraumbarriere geliefert und in der planetaren Ödnis angehäuft.<br /><br />Nach einer kurzen Erschließungsphase konnte das Unterstützungsteam sich in Pier Point niederlassen und gründete dort die Interastrale Friedenskorporation. Um ihre Aufgabe voll und ganz erfüllen zu können, richtete die Korporation ihren Blick in die Tiefen des Alls.<br /><br />Auf Louis Flemings Aufforderung hin verließ die Handelsflotte die angrenzenden Sternensysteme des Äons Qlipoth. Zu ihrem Sortiment gehörten nun nicht mehr nur Baumaterialien ... Ihr Plan lautete nun, die Galaxie zu vernetzen und mit allem zu handeln. Bald darauf erließ Dongfang Qixing galaxieweite Handelsbestimmungen und errichtete ein „Credit“-System als Standard für den Handel im Universum. In die Billionen gehende Warenbestände sammelten sich unter der Megastruktur von Pier Point wie in einem Schwarzen Loch und ließen sämtliche Vorstellungen von den Grenzen des Reichtums lächerlich erscheinen.<br /><br />Heute sind die Schiffe der Interastralen Friedenskorporation überall in der Galaxie anzutreffen. Obgleich sie bereits als Konzerndiktatur kritisiert wird, expandiert die IFK immer weiter. Für sie spielt die Meinung anderer keine Rolle und sie folgt stets der Mission, mit der sie gegründet wurde.<br /><br />Die Methoden im Rekrutentraining der IFK sind stetigen Veränderungen unterworfen. Nur eine Tradition wurde in den fast <nobr>800</nobr> Bernsteinzeitaltern immer beibehalten. Damals stand Louis Fleming, der Gründer der IFK vor dem Unterstützungsteam und hielt eine leidenschaftliche Rede. Er setzte sich dafür ein, das Universum zu vereinen und es entsprechend den Wünschen des Äons zu schützen. Sobald die Rede endete, erklang in der Ferne das gewaltige Geräusch eines galaktischen Aufpralls und verlieh diesem feierlichen und erhabenen Moment eine höhere Bedeutung. Von diesem Moment an wurde allen klar, dass sie einem unerschütterlichen Glauben folgten.<br /><br />„Alles im Namen des Bernsteinfürsten.“",
   "rarityData": {
    "2": {
     "rarity": 2,
     "maxLevel": 6,
     "mainAffixes": [
      {
       "propertyName": "LP",
       "propertyIconPath": "9560c98da124f605af2e45c09f26a0b8ee24c3aa357b9701464d7c04adcd0da7",
       "isPercent": true,
       "baseValue": 0.027648,
       "levelAdd": 0.009677,
       "stepValue": 0,
       "maxStep": 0
      },
      {
       "propertyName": "ANG",
       "propertyIconPath": "2d1ce81848ae3af0e819f7f98badde6930dd127f20a6d2686eb806bc963989d5",
       "isPercent": true,
       "baseValue": 0.027648,
       "levelAdd": 0.009677,
       "stepValue": 0,
       "maxStep": 0
      },
      {
       "propertyName": "VTD",
       "propertyIconPath": "2077c52919d0f523755a4d92ce338874b71561611a436572d8eb315a34f4a4c2",
       "isPercent": true,
       "baseValue": 0.034560002,
       "levelAdd": 0.012096001,
       "stepValue": 0,
       "maxStep": 0
      },
      {
       "propertyName": "Erhöhung des physischen SCH",
       "propertyIconPath": "cabfca0b70c2eecf82043ceb1819f7ca57b7bd5ec9297733cb2a48346a42ec75",
       "isPercent": true,
       "baseValue": 0.024883,
       "levelAdd": 0.008709,
       "stepValue": 0,
       "maxStep": 0
      },
      {
       "propertyName": "<span style=\"color:#F84F36;\">Feuer</span>-SCH-Erhöhung",
       "propertyIconPath": "f124a2e51d1d9692f17baff23eca48074f9a349128b90924102dfa77114eb98a",
       "isPercent": true,
       "baseValue": 0.024883,
       "levelAdd": 0.008709,
       "stepValue": 0,
       "maxStep": 0
      },
      {
       "propertyName": "<span style=\"color:#47C7FD;\">Eis</span>-SCH-Erhöhung",
       "propertyIconPath": "4f595a21ec0e5b7a2e90e4d4dce82ebbc0c0e7ce3cbd10d38c93547a05c21e5f",
       "isPercent": true,
       "baseValue": 0.024883,
       "levelAdd": 0.008709,
       "stepValue": 0,
       "maxStep": 0
      },
      {
       "propertyName": "<span style=\"color:#c75de2;\">Blitz</span>-SCH-Erhöhung",
       "propertyIconPath": "9cfbb52c7e12da9c27404c412ae07eb239bca41af4f7da91f6cca91549684fdc",
       "isPercent": true,
       "baseValue": 0.024883,
       "levelAdd": 0.008709,
       "stepValue": 0,
       "maxStep": 0
      },
      {
       "propertyName": "<span style=\"color:#00FF9C;\">Wind</span>-SCH-Erhöhung",
       "propertyIconPath": "13f176b2c801b7bf67d76f1de4a996acd18bbf26ea89b3035877973d037337e4",
       "isPercent": true,
       "baseValue": 0.024883,
       "levelAdd": 0.008709,
       "stepValue": 0,
       "maxStep": 0
      },
      {
       "propertyName": "<span style=\"color:#7788ff;\">Quanten</span>-SCH-Erhöhung",
       "propertyIconPath": "d80c1a4fb5085eb81b10136cf5078d87066fb0c6471e0ad6fbaae0e8a7343c10",
       "isPercent": true,
       "baseValue": 0.024883,
       "levelAdd": 0.008709,
       "stepValue": 0,
       "maxStep": 0
      },
      {
       "propertyName": "Erhöhung des imaginären SCH",
       "propertyIconPath": "2be6fe6f4073cb1ff6a2f624baf6f8aee605371d6bcc0cf0ed25811dba044845",
       "isPercent": true,
       "baseValue": 0.024883,
       "levelAdd": 0.008709,
       "stepValue": 0,
       "maxStep": 0
      }
     ],
     "subAffixes": [
      {
       "propertyName": "LP",
       "propertyIconPath": "9560c98da124f605af2e45c09f26a0b8ee24c3aa357b9701464d7c04adcd0da7",
       "isPercent": false,
       "baseValue": 13.548016,
       "levelAdd": 13.548016,
       "stepValue": 1.693502,
       "maxStep": 2
      },
      {
       "propertyName": "ANG",
       "propertyIconPath": "2d1ce81848ae3af0e819f7f98badde6930dd127f20a6d2686eb806bc963989d5",
       "isPercent": false,
       "baseValue": 6.774008,
       "levelAdd": 6.774008,
       "stepValue": 0.846751,
       "maxStep": 2
      },
      {
       "propertyName": "VTD",
       "propertyIconPath": "2077c52919d0f523755a4d92ce338874b71561611a436572d8eb315a34f4a4c2",
       "isPercent": false,
       "baseValue": 6.774008,
       "levelAdd": 6.774008,
       "stepValue": 0.846751,
       "maxStep": 2
      },
      {
       "propertyName": "LP",
       "propertyIconPath": "9560c98da124f605af2e45c09f26a0b8ee24c3aa357b9701464d7c04adcd0da7",
       "isPercent": true,
       "baseValue": 0.013824001,
       "levelAdd": 0.013824001,
       "stepValue": 0.0017280006,
       "maxStep": 2
      },
      {
       "propertyName": "ANG",
       "propertyIconPath": "2d1ce81848ae3af0e819f7f98badde6930dd127f20a6d2686eb806bc963989d5",
       "isPercent": true,
       "baseValue": 0.013824001,
       "levelAdd": 0.013824001,
       "stepValue": 0.0017280006,
       "maxStep": 2
      },
      {
       "propertyName": "VTD",
       "propertyIconPath": "2077c52919d0f523755a4d92ce338874b71561611a436572d8eb315a34f4a4c2",
       "isPercent": true,
       "baseValue": 0.017280001,
       "levelAdd": 0.017280001,
       "stepValue": 0.0021600004,
       "maxStep": 2
      },
      {
       "propertyName": "GES",
       "propertyIconPath": "959ebc55a284ac83b29de4d97b3422772e372e53ff820bc9af972e0201aabe98",
       "isPercent": false,
       "baseValue": 1,
       "levelAdd": 1,
       "stepValue": 0.1,
       "maxStep": 2
      },
      {
       "propertyName": "KRIT-Rate",
       "propertyIconPath": "649d04ce090ec9e142d024138f54bf2e416362f48f452776826e5a4e8e26c028",
       "isPercent": true,
       "baseValue": 0.010368001,
       "levelAdd": 0.010368001,
       "stepValue": 0.0012960008,
       "maxStep": 2
      },
      {
       "propertyName": "KRIT-SCH",
       "propertyIconPath": "70505c64ff7cb3df4a9faf76eb488438570422a20d9dd2f42225da1dd1c97648",
       "isPercent": true,
       "baseValue": 0.020736001,
       "levelAdd": 0.020736001,
       "stepValue": 0.0025920009,
       "maxStep": 2
      },
      {
       "propertyName": "Effekt-Trefferrate",
       "propertyIconPath": "16e46edec660d897581a1ee77b95e61bafbc7a669f7e88ab6d27b9f23fa4bd49",
       "isPercent": true,
       "baseValue": 0.013824001,
       "levelAdd": 0.013824001,
       "stepValue": 0.0017280006,
       "maxStep": 2
      },
      {
       "propertyName": "Effekt-WDS",
       "propertyIconPath": "53050ffa2be01a99b930263f8c1b883e021e236827d23c7f2fafbd5d59f4a98d",
       "isPercent": true,
       "baseValue": 0.013824001,
       "levelAdd": 0.013824001,
       "stepValue": 0.0017280006,
       "maxStep": 2
      },
      {
       "propertyName": "Brucheffekt",
       "propertyIconPath": "2f652a2e091ec1a28dde16dfec5968a959804447eb99f746b6f2cba53dedfc2c",
       "isPercent": true,
       "baseValue": 0.020736001,
       "levelAdd": 0.020736001,
       "stepValue": 0.0025920009,
       "maxStep": 2
      }
     ]
    },
    "3": {
     "rarity": 3,
     "maxLevel": 9,
     "mainAffixes": [
      {
       "propertyName": "LP",
       "propertyIconPath": "9560c98da124f605af2e45c09f26a0b8ee24c3aa357b9701464d7c04adcd0da7",
       "isPercent": true,
       "baseValue": 0.041472,
       "levelAdd": 0.014515,
       "stepValue": 0,
       "maxStep": 0
      },
      {
       "propertyName": "ANG",
       "propertyIconPath": "2d1ce81848ae3af0e819f7f98badde6930dd127f20a6d2686eb806bc963989d5",
       "isPercent": true,
       "baseValue": 0.041472,
       "levelAdd": 0.014515,
       "stepValue": 0,
       "maxStep": 0
      },
      {
       "propertyName": "VTD",
       "propertyIconPath": "2077c52919d0f523755a4d92ce338874b71561611a436572d8eb315a34f4a4c2",
       "isPercent": true,
       "baseValue": 0.05184,
       "levelAdd": 0.018144,
       "stepValue": 0,
       "maxStep": 0
      },
      {
       "propertyName": "Erhöhung des physischen SCH",
       "propertyIconPath": "cabfca0b70c2eecf82043ceb1819f7ca57b7bd5ec9297733cb2a48346a42ec75",
       "isPercent": true,
       "baseValue": 0.037325,
       "levelAdd": 0.013064001,
       "stepValue": 0,
       "maxStep": 0
      },
      {
       "propertyName": "<span style=\"color:#F84F36;\">Feuer</span>-SCH-Erhöhung",
       "propertyIconPath": "f124a2e51d1d9692f17baff23eca48074f9a349128b90924102dfa77114eb98a",
       "isPercent": true,
       "baseValue": 0.037325,
       "levelAdd": 0.013064001,
       "stepValue": 0,
       "maxStep": 0
      },
      {
       "propertyName": "<span style=\"color:#47C7FD;\">Eis</span>-SCH-Erhöhung",
       "propertyIconPath": "4f595a21ec0e5b7a2e90e4d4dce82ebbc0c0e7ce3cbd10d38c93547a05c21e5f",
       "isPercent": true,
       "baseValue": 0.037325,
       "levelAdd": 0.013064001,
       "stepValue": 0,
       "maxStep": 0
      },
      {
       "propertyName": "<span style=\"color:#c75de2;\">Blitz</span>-SCH-Erhöhung",
       "propertyIconPath": "9cfbb52c7e12da9c27404c412ae07eb239bca41af4f7da91f6cca91549684fdc",
       "isPercent": true,
       "baseValue": 0.037325,
       "levelAdd": 0.013064001,
       "stepValue": 0,
       "maxStep": 0
      },
      {
       "propertyName": "<span style=\"color:#00FF9C;\">Wind</span>-SCH-Erhöhung",
       "propertyIconPath": "13f176b2c801b7bf67d76f1de4a996acd18bbf26ea89b3035877973d037337e4",
       "isPercent": true,
       "baseValue": 0.037325,
       "levelAdd": 0.013064001,
       "stepValue": 0,
       "maxStep": 0
      },
      {
       "propertyName": "<span style=\"color:#7788ff;\">Quanten</span>-SCH-Erhöhung",
       "propertyIconPath": "d80c1a4fb5085eb81b10136cf5078d87066fb0c6471e0ad6fbaae0e8a7343c10",
       "isPercent": true,
       "baseValue": 0.037325,
       "levelAdd": 0.013064001,
       "stepValue": 0,
       "maxStep": 0
      },
      {
       "propertyName": "Erhöhung des imaginären SCH",
       "propertyIconPath": "2be6fe6f4073cb1ff6a2f624baf6f8aee605371d6bcc0cf0ed25811dba044845",
       "isPercent": true,
       "baseValue": 0.037325,
       "levelAdd": 0.013064001,
       "stepValue": 0,
       "maxStep": 0
      }
     ],
     "subAffixes": [
      {
       "propertyName": "LP",
       "propertyIconPath": "9560c98da124f605af2e45c09f26a0b8ee24c3aa357b9701464d7c04adcd0da7",
       "isPercent": false,
       "baseValue": 20.322023,
       "levelAdd": 20.322023,
       "stepValue": 2.540253,
       "maxStep": 2
      },
      {
       "propertyName": "ANG",
       "propertyIconPath": "2d1ce81848ae3af0e819f7f98badde6930dd127f20a6d2686eb806bc963989d5",
       "isPercent": false,
       "baseValue": 10.161012,
       "levelAdd": 10.161012,
       "stepValue": 1.270126,
       "maxStep": 2
      },
      {
       "propertyName": "VTD",
       "propertyIconPath": "2077c52919d0f523755a4d92ce338874b71561611a436572d8eb315a34f4a4c2",
       "isPercent": false,
       "baseValue": 10.161012,
       "levelAdd": 10.161012,
       "stepValue": 1.270126,
       "maxStep": 2
      },
      {
       "propertyName": "LP",
       "propertyIconPath": "9560c98da124f605af2e45c09f26a0b8ee24c3aa357b9701464d7c04adcd0da7",
       "isPercent": true,
       "baseValue": 0.020736001,
       "levelAdd": 0.020736001,
       "stepValue": 0.0025920009,
       "maxStep": 2
      },
      {
       "propertyName": "ANG",
       "propertyIconPath": "2d1ce81848ae3af0e819f7f98badde6930dd127f20a6d2686eb806bc963989d5",
       "isPercent": true,
       "baseValue": 0.020736001,
       "levelAdd": 0.020736001,
       "stepValue": 0.0025920009,
       "maxStep": 2
      },
      {
       "propertyName": "VTD",
       "propertyIconPath": "2077c52919d0f523755a4d92ce338874b71561611a436572d8eb315a34f4a4c2",
       "isPercent": true,
       "baseValue": 0.02592,
       "levelAdd": 0.02592,
       "stepValue": 0.0032400002,
       "maxStep": 2
      },
      {
       "propertyName": "GES",
       "propertyIconPath": "959ebc55a284ac83b29de4d97b3422772e372e53ff820bc9af972e0201aabe98",
       "isPercent": false,
       "baseValue": 1.2,
       "levelAdd": 1.2,
       "stepValue": 0.1,
       "maxStep": 2
      },
      {
       "propertyName": "KRIT-Rate",
       "propertyIconPath": "649d04ce090ec9e142d024138f54bf2e416362f48f452776826e5a4e8e26c028",
       "isPercent": true,
       "baseValue": 0.015552,
       "levelAdd": 0.015552,
       "stepValue": 0.0019440008,
       "maxStep": 2
      },
      {
       "propertyName": "KRIT-SCH",
       "propertyIconPath": "70505c64ff7cb3df4a9faf76eb488438570422a20d9dd2f42225da1dd1c97648",
       "isPercent": true,
       "baseValue": 0.031104,
       "levelAdd": 0.031104,
       "stepValue": 0.003888001,
       "maxStep": 2
      },
      {
       "propertyName": "Effekt-Trefferrate",
       "propertyIconPath": "16e46edec660d897581a1ee77b95e61bafbc7a669f7e88ab6d27b9f23fa4bd49",
       "isPercent": true,
       "baseValue": 0.020736001,
       "levelAdd": 0.020736001,
       "stepValue": 0.0025920009,
       "maxStep": 2
      },
      {
       "propertyName": "Effekt-WDS",
       "propertyIconPath": "53050ffa2be01a99b930263f8c1b883e021e236827d23c7f2fafbd5d59f4a98d",
       "isPercent": true,
       "baseValue": 0.020736001,
       "levelAdd": 0.020736001,
       "stepValue": 0.0025920009,
       "maxStep": 2
      },
      {
       "propertyName": "Brucheffekt",
       "propertyIconPath": "2f652a2e091ec1a28dde16dfec5968a959804447eb99f746b6f2cba53dedfc2c",
       "isPercent": true,
       "baseValue": 0.031104,
       "levelAdd": 0.031104,
       "stepValue": 0.003888001,
       "maxStep": 2
      }
     ]
    },
    "4": {
     "rarity": 4,
     "maxLevel": 12,
     "mainAffixes": [
      {
       "propertyName": "LP",
       "propertyIconPath": "9560c98da124f605af2e45c09f26a0b8ee24c3aa357b9701464d7c04adcd0da7",
       "isPercent": true,
       "baseValue": 0.055296,
       "levelAdd": 0.019354,
       "stepValue": 0,
       "maxStep": 0
      },
      {
       "propertyName": "ANG",
       "propertyIconPath": "2d1ce81848ae3af0e819f7f98badde6930dd127f20a6d2686eb806bc963989d5",
       "isPercent": true,
       "baseValue": 0.055296,
       "levelAdd": 0.019354,
       "stepValue": 0,
       "maxStep": 0
      },
      {
       "propertyName": "VTD",
       "propertyIconPath": "2077c52919d0f523755a4d92ce338874b71561611a436572d8eb315a34f4a4c2",
       "isPercent": true,
       "baseValue": 0.06912,
       "levelAdd": 0.024192,
       "stepValue": 0,
       "maxStep": 0
      },
      {
       "propertyName": "Erhöhung des physischen SCH",
       "propertyIconPath": "cabfca0b70c2eecf82043ceb1819f7ca57b7bd5ec9297733cb2a48346a42ec75",
       "isPercent": true,
       "baseValue": 0.049766,
       "levelAdd": 0.017418,
       "stepValue": 0,
       "maxStep": 0
      },
      {
       "propertyName": "<span style=\"color:#F84F36;\">Feuer</span>-SCH-Erhöhung",
       "propertyIconPath": "f124a2e51d1d9692f17baff23eca48074f9a349128b90924102dfa77114eb98a",
       "isPercent": true,
       "baseValue": 0.049766,
       "levelAdd": 0.017418,
       "stepValue": 0,
       "maxStep": 0
      },
      {
       "propertyName": "<span style=\"color:#47C7FD;\">Eis</span>-SCH-Erhöhung",
       "propertyIconPath": "4f595a21ec0e5b7a2e90e4d4dce82ebbc0c0e7ce3cbd10d38c93547a05c21e5f",
       "isPercent": true,
       "baseValue": 0.049766,
       "levelAdd": 0.017418,
       "stepValue": 0,
       "maxStep": 0
      },
      {
       "propertyName": "<span style=\"color:#c75de2;\">Blitz</span>-SCH-Erhöhung",
       "propertyIconPath": "9cfbb52c7e12da9c27404c412ae07eb239bca41af4f7da91f6cca91549684fdc",
       "isPercent": true,
       "baseValue": 0.049766,
       "levelAdd": 0.017418,
       "stepValue": 0,
       "maxStep": 0
      },
      {
       "propertyName": "<span style=\"color:#00FF9C;\">Wind</span>-SCH-Erhöhung",
       "propertyIconPath": "13f176b2c801b7bf67d76f1de4a996acd18bbf26ea89b3035877973d037337e4",
       "isPercent": true,
       "baseValue": 0.049766,
       "levelAdd": 0.017418,
       "stepValue": 0,
       "maxStep": 0
      },
      {
       "propertyName": "<span style=\"color:#7788ff;\">Quanten</span>-SCH-Erhöhung",
       "propertyIconPath": "d80c1a4fb5085eb81b10136cf5078d87066fb0c6471e0ad6fbaae0e8a7343c10",
       "isPercent": true,
       "baseValue": 0.049766,
       "levelAdd": 0.017418,
       "stepValue": 0,
       "maxStep": 0
      },
      {
       "propertyName": "Erhöhung des imaginären SCH",
       "propertyIconPath": "2be6fe6f4073cb1ff6a2f624baf6f8aee605371d6bcc0cf0ed25811dba044845",
       "isPercent": true,
       "baseValue": 0.049766,
       "levelAdd": 0.017418,
       "stepValue": 0,
       "maxStep": 0
      }
     ],
     "subAffixes": [
      {
       "propertyName": "LP",
       "propertyIconPath": "9560c98da124f605af2e45c09f26a0b8ee24c3aa357b9701464d7c04adcd0da7",
       "isPercent": false,
       "baseValue": 27.096031,
       "levelAdd": 27.096031,
       "stepValue": 3.387004,
       "maxStep": 2
      },
      {
       "propertyName": "ANG",
       "propertyIconPath": "2d1ce81848ae3af0e819f7f98badde6930dd127f20a6d2686eb806bc963989d5",
       "isPercent": false,
       "baseValue": 13.548016,
       "levelAdd": 13.548016,
       "stepValue": 1.693502,
       "maxStep": 2
      },
      {
       "propertyName": "VTD",
       "propertyIconPath": "2077c52919d0f523755a4d92ce338874b71561611a436572d8eb315a34f4a4c2",
       "isPercent": false,
       "baseValue": 13.548016,
       "levelAdd": 13.548016,
       "stepValue": 1.693502,
       "maxStep": 2
      },
      {
       "propertyName": "LP",
       "propertyIconPath": "9560c98da124f605af2e45c09f26a0b8ee24c3aa357b9701464d7c04adcd0da7",
       "isPercent": true,
       "baseValue": 0.027648,
       "levelAdd": 0.027648,
       "stepValue": 0.0034560005,
       "maxStep": 2
      },
      {
       "propertyName": "ANG",
       "propertyIconPath": "2d1ce81848ae3af0e819f7f98badde6930dd127f20a6d2686eb806bc963989d5",
       "isPercent": true,
       "baseValue": 0.027648,
       "levelAdd": 0.027648,
       "stepValue": 0.0034560005,
       "maxStep": 2
      },
      {
       "propertyName": "VTD",
       "propertyIconPath": "2077c52919d0f523755a4d92ce338874b71561611a436572d8eb315a34f4a4c2",
       "isPercent": true,
       "baseValue": 0.034560002,
       "levelAdd": 0.034560002,
       "stepValue": 0.0043200003,
       "maxStep": 2
      },
      {
       "propertyName": "GES",
       "propertyIconPath": "959ebc55a284ac83b29de4d97b3422772e372e53ff820bc9af972e0201aabe98",
       "isPercent": false,
       "baseValue": 1.6,
       "levelAdd": 1.6,
       "stepValue": 0.2,
       "maxStep": 2
      },
      {
       "propertyName": "KRIT-Rate",
       "propertyIconPath": "649d04ce090ec9e142d024138f54bf2e416362f48f452776826e5a4e8e26c028",
       "isPercent": true,
       "baseValue": 0.020736001,
       "levelAdd": 0.020736001,
       "stepValue": 0.0025920009,
       "maxStep": 2
      },
      {
       "propertyName": "KRIT-SCH",
       "propertyIconPath": "70505c64ff7cb3df4a9faf76eb488438570422a20d9dd2f42225da1dd1c97648",
       "isPercent": true,
       "baseValue": 0.041472,
       "levelAdd": 0.041472,
       "stepValue": 0.0051840004,
       "maxStep": 2
      },
      {
       "propertyName": "Effekt-Trefferrate",
       "propertyIconPath": "16e46edec660d897581a1ee77b95e61bafbc7a669f7e88ab6d27b9f23fa4bd49",
       "isPercent": true,
       "baseValue": 0.027648,
       "levelAdd": 0.027648,
       "stepValue": 0.0034560005,
       "maxStep": 2
      },
      {
       "propertyName": "Effekt-WDS",
       "propertyIconPath": "53050ffa2be01a99b930263f8c1b883e021e236827d23c7f2fafbd5d59f4a98d",
       "isPercent": true,
       "baseValue": 0.027648,
       "levelAdd": 0.027648,
       "stepValue": 0.0034560005,
       "maxStep": 2
      },
      {
       "propertyName": "Brucheffekt",
       "propertyIconPath": "2f652a2e091ec1a28dde16dfec5968a959804447eb99f746b6f2cba53dedfc2c",
       "isPercent": true,
       "baseValue": 0.041472,
       "levelAdd": 0.041472,
       "stepValue": 0.0051840004,
       "maxStep": 2
      }
     ]
    },
    "5": {
     "rarity": 5,
     "maxLevel": 15,
     "mainAffixes": [
      {
       "propertyName": "LP",
       "propertyIconPath": "9560c98da124f605af2e45c09f26a0b8ee24c3aa357b9701464d7c04adcd0da7",
       "isPercent": true,
       "baseValue": 0.06912,
       "levelAdd": 0.024192,
       "stepValue": 0,
       "maxStep": 0
      },
      {
       "propertyName": "ANG",
       "propertyIconPath": "2d1ce81848ae3af0e819f7f98badde6930dd127f20a6d2686eb806bc963989d5",
       "isPercent": true,
       "baseValue": 0.06912,
       "levelAdd": 0.024192,
       "stepValue": 0,
       "maxStep": 0
      },
      {
       "propertyName": "VTD",
       "propertyIconPath": "2077c52919d0f523755a4d92ce338874b71561611a436572d8eb315a34f4a4c2",
       "isPercent": true,
       "baseValue": 0.0864,
       "levelAdd": 0.030240001,
       "stepValue": 0,
       "maxStep": 0
      },
      {
       "propertyName": "Erhöhung des physischen SCH",
       "propertyIconPath": "cabfca0b70c2eecf82043ceb1819f7ca57b7bd5ec9297733cb2a48346a42ec75",
       "isPercent": true,
       "baseValue": 0.062208,
       "levelAdd": 0.021773001,
       "stepValue": 0,
       "maxStep": 0
      },
      {
       "propertyName": "<span style=\"color:#F84F36;\">Feuer</span>-SCH-Erhöhung",
       "propertyIconPath": "f124a2e51d1d9692f17baff23eca48074f9a349128b90924102dfa77114eb98a",
       "isPercent": true,
       "baseValue": 0.062208,
       "levelAdd": 0.021773001,
       "stepValue": 0,
       "maxStep": 0
      },
      {
       "propertyName": "<span style=\"color:#47C7FD;\">Eis</span>-SCH-Erhöhung",
       "propertyIconPath": "4f595a21ec0e5b7a2e90e4d4dce82ebbc0c0e7ce3cbd10d38c93547a05c21e5f",
       "isPercent": true,
       "baseValue": 0.062208,
       "levelAdd": 0.021773001,
       "stepValue": 0,
       "maxStep": 0
      },
      {
       "propertyName": "<span style=\"color:#c75de2;\">Blitz</span>-SCH-Erhöhung",
       "propertyIconPath": "9cfbb52c7e12da9c27404c412ae07eb239bca41af4f7da91f6cca91549684fdc",
       "isPercent": true,
       "baseValue": 0.062208,
       "levelAdd": 0.021773001,
       "stepValue": 0,
       "maxStep": 0
      },
      {
       "propertyName": "<span style=\"color:#00FF9C;\">Wind</span>-SCH-Erhöhung",
       "propertyIconPath": "13f176b2c801b7bf67d76f1de4a996acd18bbf26ea89b3035877973d037337e4",
       "isPercent": true,
       "baseValue": 0.062208,
       "levelAdd": 0.021773001,
       "stepValue": 0,
       "maxStep": 0
      },
      {
       "propertyName": "<span style=\"color:#7788ff;\">Quanten</span>-SCH-Erhöhung",
       "propertyIconPath": "d80c1a4fb5085eb81b10136cf5078d87066fb0c6471e0ad6fbaae0e8a7343c10",
       "isPercent": true,
       "baseValue": 0.062208,
       "levelAdd": 0.021773001,
       "stepValue": 0,
       "maxStep": 0
      },
      {
       "propertyName": "Erhöhung des imaginären SCH",
       "propertyIconPath": "2be6fe6f4073cb1ff6a2f624baf6f8aee605371d6bcc0cf0ed25811dba044845",
       "isPercent": true,
       "baseValue": 0.062208,
       "levelAdd": 0.021773001,
       "stepValue": 0,
       "maxStep": 0
      }
     ],
     "subAffixes": [
      {
       "propertyName": "LP",
       "propertyIconPath": "9560c98da124f605af2e45c09f26a0b8ee24c3aa357b9701464d7c04adcd0da7",
       "isPercent": false,
       "baseValue": 33.87004,
       "levelAdd": 33.87004,
       "stepValue": 4.233755,
       "maxStep": 2
      },
      {
       "propertyName": "ANG",
       "propertyIconPath": "2d1ce81848ae3af0e819f7f98badde6930dd127f20a6d2686eb806bc963989d5",
       "isPercent": false,
       "baseValue": 16.935019,
       "levelAdd": 16.935019,
       "stepValue": 2.116877,
       "maxStep": 2
      },
      {
       "propertyName": "VTD",
       "propertyIconPath": "2077c52919d0f523755a4d92ce338874b71561611a436572d8eb315a34f4a4c2",
       "isPercent": false,
       "baseValue": 16.935019,
       "levelAdd": 16.935019,
       "stepValue": 2.116877,
       "maxStep": 2
      },
      {
       "propertyName": "LP",
       "propertyIconPath": "9560c98da124f605af2e45c09f26a0b8ee24c3aa357b9701464d7c04adcd0da7",
       "isPercent": true,
       "baseValue": 0.034560002,
       "levelAdd": 0.034560002,
       "stepValue": 0.0043200003,
       "maxStep": 2
      },
      {
       "propertyName": "ANG",
       "propertyIconPath": "2d1ce81848ae3af0e819f7f98badde6930dd127f20a6d2686eb806bc963989d5",
       "isPercent": true,
       "baseValue": 0.034560002,
       "levelAdd": 0.034560002,
       "stepValue": 0.0043200003,
       "maxStep": 2
      },
      {
       "propertyName": "VTD",
       "propertyIconPath": "2077c52919d0f523755a4d92ce338874b71561611a436572d8eb315a34f4a4c2",
       "isPercent": true,
       "baseValue": 0.0432,
       "levelAdd": 0.0432,
       "stepValue": 0.0054,
       "maxStep": 2
      },
      {
       "propertyName": "GES",
       "propertyIconPath": "959ebc55a284ac83b29de4d97b3422772e372e53ff820bc9af972e0201aabe98",
       "isPercent": false,
       "baseValue": 2,
       "levelAdd": 2,
       "stepValue": 0.3,
       "maxStep": 2
      },
      {
       "propertyName": "KRIT-Rate",
       "propertyIconPath": "649d04ce090ec9e142d024138f54bf2e416362f48f452776826e5a4e8e26c028",
       "isPercent": true,
       "baseValue": 0.02592,
       "levelAdd": 0.02592,
       "stepValue": 0.0032400002,
       "maxStep": 2
      },
      {
       "propertyName": "KRIT-SCH",
       "propertyIconPath": "70505c64ff7cb3df4a9faf76eb488438570422a20d9dd2f42225da1dd1c97648",
       "isPercent": true,
       "baseValue": 0.05184,
       "levelAdd": 0.05184,
       "stepValue": 0.0064800004,
       "maxStep": 2
      },
      {
       "propertyName": "Effekt-Trefferrate",
       "propertyIconPath": "16e46edec660d897581a1ee77b95e61bafbc7a669f7e88ab6d27b9f23fa4bd49",
       "isPercent": true,
       "baseValue": 0.034560002,
       "levelAdd": 0.034560002,
       "stepValue": 0.0043200003,
       "maxStep": 2
      },
      {
       "propertyName": "Effekt-WDS",
       "propertyIconPath": "53050ffa2be01a99b930263f8c1b883e021e236827d23c7f2fafbd5d59f4a98d",
       "isPercent": true,
       "baseValue": 0.034560002,
       "levelAdd": 0.034560002,
       "stepValue": 0.0043200003,
       "maxStep": 2
      },
      {
       "propertyName": "Brucheffekt",
       "propertyIconPath": "2f652a2e091ec1a28dde16dfec5968a959804447eb99f746b6f2cba53dedfc2c",
       "isPercent": true,
       "baseValue": 0.05184,
       "levelAdd": 0.05184,
       "stepValue": 0.0064800004,
       "maxStep": 2
      }
     ]
    }
   }
  },
  "6": {
   "name": "Handelsroute der IFK",
   "type": 0,
   "maxRarity": 5,
   "iconPath": "637bdd6aba909b1d0e3c3c9f91254bdc6e0531bd20afaa6f57b4616b210c7295",
   "baseTypeText": "Verbindungsseil",
   "loreTitle": "Handelsroute der IFK",
   "miniLore": "Mithilfe des praktischen Credit-Systems wurde das interstellare Wirtschaftssystem aufgebaut. Die Interastrale Friedenskorporation vernetzte die Sterne durch wirtschaftliche Aktivität und erweiterte die Grenzen des Handels.",
   "lore": "Das Unterstützungsteam eilte durch das Sternensystem rund um Äon Qlipoth, wobei die Flugbahnen der alten Schiffe die ersten Routen bildeten.<br /><br />Im Glauben an den Weg des Äons machte das Team den ersten Schritt, um den Handel von Waren gegen andere Waren mit einer Nachbargalaxie aufzubauen. Das Unterstützungsteam belud eine ausreichend große Flotte mit seltenen und wertvollen Waren und konnte mit ihrem überzeugenden Angebot überall im Sternensystem unzählige Geschäfte abschließen. Daraufhin hatte das Unterstützungsteam Handelsrouten und -informationen fest im Griff und besaß exklusive Verhandlungsrechte, wodurch es die Handelsbestimmungen der Galaxie entscheidend prägen konnte.<br /><br />Flotten voller Holz, Stein, Stahl und Supernium flogen an Äon Qlipoth vorbei wie ein Schwarm kreisender Fliegen. Der Bernsteinfürst schwieg und würdigte sie nicht eines Blickes.<br /><br />Irgendwann änderten sich die Zeiten und der Handel mit den benachbarten Sternensystemen genügte dem emsigen Unterstützungsteam nicht länger. Zwei kluge Köpfe waren fest entschlossen, weiter in die Galaxie vorzudringen. So wurde die Interastrale Friedenskorporation gegründet. Die IFK hatte alles im Angebot, was sich ein Planet nur wünschen konnte, und das zu fairen Preisen, die an ihre „Credits“ gebunden waren. Damals entstand die Handelsroute der Galaxie. Alle Planeten, die sich dem Handelsnetz der IFK anschließen, können die gleiche Währung nutzen, die gleichen Waren kaufen und die gleichen Services erhalten.<br /><br />Handelsschiffe des Credit-Systems reisten zwischen den Sternen und aus den sich bündelnden und aufspaltenden Handelsrouten formte sich ein galaxieübergreifendes Netz. Schiffe voller Schätze von fernen Sternen passierten den Äon Qlipoth unzählige Male wie Glühwürmchen, und der Äon blieb still wie zuvor.<br /><br />Die seit der Zeit des Unterstützungsteams angesammelten Baumaterialien häuften sich auf jedem Planeten rund um den Äon Qlipoth, und ihre Menge wächst stetig weiter. Der Äon Qlipoth hat nicht die Absicht, diese eifrig dargebrachten Geschenke anzunehmen. Stattdessen konzentriert er sich allein auf die Gefahr, die den nichts ahnenden Sterblichen droht, und muss gigantische Barrieren errichten, die sich nur in Lichtjahren messen lassen. Aus der kleinen Organisation, die einst Materialien einkaufte, ist schon lange eine Großmacht der Galaxie geworden. Ihre Angehörigen blickten auf den kopflosen Koloss, ohne ihre Mühen je für vergeblich zu halten.<br /><br />„Alle Mühen und alles Mehren unseres Kapitals dienen Qlipoth, auf dass wir den Willen des Äons vollbringen, wenn die Zeit kommt.“",
   "rarityData": {
    "2": {
     "rarity": 2,
     "maxLevel": 6,
     "mainAffixes": [
      {
       "propertyName": "Brucheffekt",
       "propertyIconPath": "2f652a2e091ec1a28dde16dfec5968a959804447eb99f746b6f2cba53dedfc2c",
       "isPercent": true,
       "baseValue": 0.041472,
       "levelAdd": 0.014515,
       "stepValue": 0,
       "maxStep": 0
      },
      {
       "propertyName": "Energie-Wiederherstellungsrate",
       "propertyIconPath": "df0ae9e95d840930af96bf8a5ec1394e9a4525d176be753ab7d89a540dca82fc",
       "isPercent": true,
       "baseValue": 0.012442,
       "levelAdd": 0.0043550003,
       "stepValue": 0,
       "maxStep": 0
      },
      {
       "propertyName": "LP",
       "propertyIconPath": "9560c98da124f605af2e45c09f26a0b8ee24c3aa357b9701464d7c04adcd0da7",
       "isPercent": true,
       "baseValue": 0.027648,
       "levelAdd": 0.009677,
       "stepValue": 0,
       "maxStep": 0
      },
      {
       "propertyName": "ANG",
       "propertyIconPath": "2d1ce81848ae3af0e819f7f98badde6930dd127f20a6d2686eb806bc963989d5",
       "isPercent": true,
       "baseValue": 0.027648,
       "levelAdd": 0.009677,
       "stepValue": 0,
       "maxStep": 0
      },
      {
       "propertyName": "VTD",
       "propertyIconPath": "2077c52919d0f523755a4d92ce338874b71561611a436572d8eb315a34f4a4c2",
       "isPercent": true,
       "baseValue": 0.034560002,
       "levelAdd": 0.012096001,
       "stepValue": 0,
       "maxStep": 0
      }
     ],
     "subAffixes": [
      {
       "propertyName": "LP",
       "propertyIconPath": "9560c98da124f605af2e45c09f26a0b8ee24c3aa357b9701464d7c04adcd0da7",
       "isPercent": false,
       "baseValue": 13.548016,
       "levelAdd": 13.548016,
       "stepValue": 1.693502,
       "maxStep": 2
      },
      {
       "propertyName": "ANG",
       "propertyIconPath": "2d1ce81848ae3af0e819f7f98badde6930dd127f20a6d2686eb806bc963989d5",
       "isPercent": false,
       "baseValue": 6.774008,
       "levelAdd": 6.774008,
       "stepValue": 0.846751,
       "maxStep": 2
      },
      {
       "propertyName": "VTD",
       "propertyIconPath": "2077c52919d0f523755a4d92ce338874b71561611a436572d8eb315a34f4a4c2",
       "isPercent": false,
       "baseValue": 6.774008,
       "levelAdd": 6.774008,
       "stepValue": 0.846751,
       "maxStep": 2
      },
      {
       "propertyName": "LP",
       "propertyIconPath": "9560c98da124f605af2e45c09f26a0b8ee24c3aa357b9701464d7c04adcd0da7",
       "isPercent": true,
       "baseValue": 0.013824001,
       "levelAdd": 0.013824001,
       "stepValue": 0.0017280006,
       "maxStep": 2
      },
      {
       "propertyName": "ANG",
       "propertyIconPath": "2d1ce81848ae3af0e819f7f98badde6930dd127f20a6d2686eb806bc963989d5",
       "isPercent": true,
       "baseValue": 0.013824001,
       "levelAdd": 0.013824001,
       "stepValue": 0.0017280006,
       "maxStep": 2
      },
      {
       "propertyName": "VTD",
       "propertyIconPath": "2077c52919d0f523755a4d92ce338874b71561611a436572d8eb315a34f4a4c2",
       "isPercent": true,
       "baseValue": 0.017280001,
       "levelAdd": 0.017280001,
       "stepValue": 0.0021600004,
       "maxStep": 2
      },
      {
       "propertyName": "GES",
       "propertyIconPath": "959ebc55a284ac83b29de4d97b3422772e372e53ff820bc9af972e0201aabe98",
       "isPercent": false,
       "baseValue": 1,
       "levelAdd": 1,
       "stepValue": 0.1,
       "maxStep": 2
      },
      {
       "propertyName": "KRIT-Rate",
       "propertyIconPath": "649d04ce090ec9e142d024138f54bf2e416362f48f452776826e5a4e8e26c028",
       "isPercent": true,
       "baseValue": 0.010368001,
       "levelAdd": 0.010368001,
       "stepValue": 0.0012960008,
       "maxStep": 2
      },
      {
       "propertyName": "KRIT-SCH",
       "propertyIconPath": "70505c64ff7cb3df4a9faf76eb488438570422a20d9dd2f42225da1dd1c97648",
       "isPercent": true,
       "baseValue": 0.020736001,
       "levelAdd": 0.020736001,
       "stepValue": 0.0025920009,
       "maxStep": 2
      },
      {
       "propertyName": "Effekt-Trefferrate",
       "propertyIconPath": "16e46edec660d897581a1ee77b95e61bafbc7a669f7e88ab6d27b9f23fa4bd49",
       "isPercent": true,
       "baseValue": 0.013824001,
       "levelAdd": 0.013824001,
       "stepValue": 0.0017280006,
       "maxStep": 2
      },
      {
       "propertyName": "Effekt-WDS",
       "propertyIconPath": "53050ffa2be01a99b930263f8c1b883e021e236827d23c7f2fafbd5d59f4a98d",
       "isPercent": true,
       "baseValue": 0.013824001,
       "levelAdd": 0.013824001,
       "stepValue": 0.0017280006,
       "maxStep": 2
      },
      {
       "propertyName": "Brucheffekt",
       "propertyIconPath": "2f652a2e091ec1a28dde16dfec5968a959804447eb99f746b6f2cba53dedfc2c",
       "isPercent": true,
       "baseValue": 0.020736001,
       "levelAdd": 0.020736001,
       "stepValue": 0.0025920009,
       "maxStep": 2
      }
     ]
    },
    "3": {
     "rarity": 3,
     "maxLevel": 9,
     "mainAffixes": [
      {
       "propertyName": "Brucheffekt",
       "propertyIconPath": "2f652a2e091ec1a28dde16dfec5968a959804447eb99f746b6f2cba53dedfc2c",
       "isPercent": true,
       "baseValue": 0.062208,
       "levelAdd": 0.021773001,
       "stepValue": 0,
       "maxStep": 0
      },
      {
       "propertyName": "Energie-Wiederherstellungsrate",
       "propertyIconPath": "df0ae9e95d840930af96bf8a5ec1394e9a4525d176be753ab7d89a540dca82fc",
       "isPercent": true,
       "baseValue": 0.018662,
       "levelAdd": 0.0065320004,
       "stepValue": 0,
       "maxStep": 0
      },
      {
       "propertyName": "LP",
       "propertyIconPath": "9560c98da124f605af2e45c09f26a0b8ee24c3aa357b9701464d7c04adcd0da7",
       "isPercent": true,
       "baseValue": 0.041472,
       "levelAdd": 0.014515,
       "stepValue": 0,
       "maxStep": 0
      },
      {
       "propertyName": "ANG",
       "propertyIconPath": "2d1ce81848ae3af0e819f7f98badde6930dd127f20a6d2686eb806bc963989d5",
       "isPercent": true,
       "baseValue": 0.041472,
       "levelAdd": 0.014515,
       "stepValue": 0,
       "maxStep": 0
      },
      {
       "propertyName": "VTD",
       "propertyIconPath": "2077c52919d0f523755a4d92ce338874b71561611a436572d8eb315a34f4a4c2",
       "isPercent": true,
       "baseValue": 0.05184,
       "levelAdd": 0.018144,
       "stepValue": 0,
       "maxStep": 0
      }
     ],
     "subAffixes": [
      {
       "propertyName": "LP",
       "propertyIconPath": "9560c98da124f605af2e45c09f26a0b8ee24c3aa357b9701464d7c04adcd0da7",
       "isPercent": false,
       "baseValue": 20.322023,
       "levelAdd": 20.322023,
       "stepValue": 2.540253,
       "maxStep": 2
      },
      {
       "propertyName": "ANG",
       "propertyIconPath": "2d1ce81848ae3af0e819f7f98badde6930dd127f20a6d2686eb806bc963989d5",
       "isPercent": false,
       "baseValue": 10.161012,
       "levelAdd": 10.161012,
       "stepValue": 1.270126,
       "maxStep": 2
      },
      {
       "propertyName": "VTD",
       "propertyIconPath": "2077c52919d0f523755a4d92ce338874b71561611a436572d8eb315a34f4a4c2",
       "isPercent": false,
       "baseValue": 10.161012,
       "levelAdd": 10.161012,
       "stepValue": 1.270126,
       "maxStep": 2
      },
      {
       "propertyName": "LP",
       "propertyIconPath": "9560c98da124f605af2e45c09f26a0b8ee24c3aa357b9701464d7c04adcd0da7",
       "isPercent": true,
       "baseValue": 0.020736001,
       "levelAdd": 0.020736001,
       "stepValue": 0.0025920009,
       "maxStep": 2
      },
      {
       "propertyName": "ANG",
       "propertyIconPath": "2d1ce81848ae3af0e819f7f98badde6930dd127f20a6d2686eb806bc963989d5",
       "isPercent": true,
       "baseValue": 0.020736001,
       "levelAdd": 0.020736001,
       "stepValue": 0.0025920009,
       "maxStep": 2
      },
      {
       "propertyName": "VTD",
       "propertyIconPath": "2077c52919d0f523755a4d92ce338874b71561611a436572d8eb315a34f4a4c2",
       "isPercent": true,
       "baseValue": 0.02592,
       "levelAdd": 0.02592,
       "stepValue": 0.0032400002,
       "maxStep": 2
      },
      {
       "propertyName": "GES",
       "propertyIconPath": "959ebc55a284ac83b29de4d97b3422772e372e53ff820bc9af972e0201aabe98",
       "isPercent": false,
       "baseValue": 1.2,
       "levelAdd": 1.2,
       "stepValue": 0.1,
       "maxStep": 2
      },
      {
       "propertyName": "KRIT-Rate",
       "propertyIconPath": "649d04ce090ec9e142d024138f54bf2e416362f48f452776826e5a4e8e26c028",
       "isPercent": true,
       "baseValue": 0.015552,
       "levelAdd": 0.015552,
       "stepValue": 0.0019440008,
       "maxStep": 2
      },
      {
       "propertyName": "KRIT-SCH",
       "propertyIconPath": "70505c64ff7cb3df4a9faf76eb488438570422a20d9dd2f42225da1dd1c97648",
       "isPercent": true,
       "baseValue": 0.031104,
       "levelAdd": 0.031104,
       "stepValue": 0.003888001,
       "maxStep": 2
      },
      {
       "propertyName": "Effekt-Trefferrate",
       "propertyIconPath": "16e46edec660d897581a1ee77b95e61bafbc7a669f7e88ab6d27b9f23fa4bd49",
       "isPercent": true,
       "baseValue": 0.020736001,
       "levelAdd": 0.020736001,
       "stepValue": 0.0025920009,
       "maxStep": 2
      },
      {
       "propertyName": "Effekt-WDS",
       "propertyIconPath": "53050ffa2be01a99b930263f8c1b883e021e236827d23c7f2fafbd5d59f4a98d",
       "isPercent": true,
       "baseValue": 0.020736001,
       "levelAdd": 0.020736001,
       "stepValue": 0.0025920009,
       "maxStep": 2
      },
      {
       "propertyName": "Brucheffekt",
       "propertyIconPath": "2f652a2e091ec1a28dde16dfec5968a959804447eb99f746b6f2cba53dedfc2c",
       "isPercent": true,
       "baseValue": 0.031104,
       "levelAdd": 0.031104,
       "stepValue": 0.003888001,
       "maxStep": 2
      }
     ]
    },
    "4": {
     "rarity": 4,
     "maxLevel": 12,
     "mainAffixes": [
      {
       "propertyName": "Brucheffekt",
       "propertyIconPath": "2f652a2e091ec1a28dde16dfec5968a959804447eb99f746b6f2cba53dedfc2c",
       "isPercent": true,
       "baseValue": 0.082944,
       "levelAdd": 0.029029999,
       "stepValue": 0,
       "maxStep": 0
      },
      {
       "propertyName": "Energie-Wiederherstellungsrate",
       "propertyIconPath": "df0ae9e95d840930af96bf8a5ec1394e9a4525d176be753ab7d89a540dca82fc",
       "isPercent": true,
       "baseValue": 0.024883,
       "levelAdd": 0.008709,
       "stepValue": 0,
       "maxStep": 0
      },
      {
       "propertyName": "LP",
       "propertyIconPath": "9560c98da124f605af2e45c09f26a0b8ee24c3aa357b9701464d7c04adcd0da7",
       "isPercent": true,
       "baseValue": 0.055296,
       "levelAdd": 0.019354,
       "stepValue": 0,
       "maxStep": 0
      },
      {
       "propertyName": "ANG",
       "propertyIconPath": "2d1ce81848ae3af0e819f7f98badde6930dd127f20a6d2686eb806bc963989d5",
       "isPercent": true,
       "baseValue": 0.055296,
       "levelAdd": 0.019354,
       "stepValue": 0,
       "maxStep": 0
      },
      {
       "propertyName": "VTD",
       "propertyIconPath": "2077c52919d0f523755a4d92ce338874b71561611a436572d8eb315a34f4a4c2",
       "isPercent": true,
       "baseValue": 0.06912,
       "levelAdd": 0.024192,
       "stepValue": 0,
       "maxStep": 0
      }
     ],
     "subAffixes": [
      {
       "propertyName": "LP",
       "propertyIconPath": "9560c98da124f605af2e45c09f26a0b8ee24c3aa357b9701464d7c04adcd0da7",
       "isPercent": false,
       "baseValue": 27.096031,
       "levelAdd": 27.096031,
       "stepValue": 3.387004,
       "maxStep": 2
      },
      {
       "propertyName": "ANG",
       "propertyIconPath": "2d1ce81848ae3af0e819f7f98badde6930dd127f20a6d2686eb806bc963989d5",
       "isPercent": false,
       "baseValue": 13.548016,
       "levelAdd": 13.548016,
       "stepValue": 1.693502,
       "maxStep": 2
      },
      {
       "propertyName": "VTD",
       "propertyIconPath": "2077c52919d0f523755a4d92ce338874b71561611a436572d8eb315a34f4a4c2",
       "isPercent": false,
       "baseValue": 13.548016,
       "levelAdd": 13.548016,
       "stepValue": 1.693502,
       "maxStep": 2
      },
      {
       "propertyName": "LP",
       "propertyIconPath": "9560c98da124f605af2e45c09f26a0b8ee24c3aa357b9701464d7c04adcd0da7",
       "isPercent": true,
       "baseValue": 0.027648,
       "levelAdd": 0.027648,
       "stepValue": 0.0034560005,
       "maxStep": 2
      },
      {
       "propertyName": "ANG",
       "propertyIconPath": "2d1ce81848ae3af0e819f7f98badde6930dd127f20a6d2686eb806bc963989d5",
       "isPercent": true,
       "baseValue": 0.027648,
       "levelAdd": 0.027648,
       "stepValue": 0.0034560005,
       "maxStep": 2
      },
      {
       "propertyName": "VTD",
       "propertyIconPath": "2077c52919d0f523755a4d92ce338874b71561611a436572d8eb315a34f4a4c2",
       "isPercent": true,
       "baseValue": 0.034560002,
       "levelAdd": 0.034560002,
       "stepValue": 0.0043200003,
       "maxStep": 2
      },
      {
       "propertyName": "GES",
       "propertyIconPath": "959ebc55a284ac83b29de4d97b3422772e372e53ff820bc9af972e0201aabe98",
       "isPercent": false,
       "baseValue": 1.6,
       "levelAdd": 1.6,
       "stepValue": 0.2,
       "maxStep": 2
      },
      {
       "propertyName": "KRIT-Rate",
       "propertyIconPath": "649d04ce090ec9e142d024138f54bf2e416362f48f452776826e5a4e8e26c028",
       "isPercent": true,
       "baseValue": 0.020736001,
       "levelAdd": 0.020736001,
       "stepValue": 0.0025920009,
       "maxStep": 2
      },
      {
       "propertyName": "KRIT-SCH",
       "propertyIconPath": "70505c64ff7cb3df4a9faf76eb488438570422a20d9dd2f42225da1dd1c97648",
       "isPercent": true,
       "baseValue": 0.041472,
       "levelAdd": 0.041472,
       "stepValue": 0.0051840004,
       "maxStep": 2
      },
      {
       "propertyName": "Effekt-Trefferrate",
       "propertyIconPath": "16e46edec660d897581a1ee77b95e61bafbc7a669f7e88ab6d27b9f23fa4bd49",
       "isPercent": true,
       "baseValue": 0.027648,
       "levelAdd": 0.027648,
       "stepValue": 0.0034560005,
       "maxStep": 2
      },
      {
       "propertyName": "Effekt-WDS",
       "propertyIconPath": "53050ffa2be01a99b930263f8c1b883e021e236827d23c7f2fafbd5d59f4a98d",
       "isPercent": true,
       "baseValue": 0.027648,
       "levelAdd": 0.027648,
       "stepValue": 0.0034560005,
       "maxStep": 2
      },
      {
       "propertyName": "Brucheffekt",
       "propertyIconPath": "2f652a2e091ec1a28dde16dfec5968a959804447eb99f746b6f2cba53dedfc2c",
       "isPercent": true,
       "baseValue": 0.041472,
       "levelAdd": 0.041472,
       "stepValue": 0.0051840004,
       "maxStep": 2
      }
     ]
    },
    "5": {
     "rarity": 5,
     "maxLevel": 15,
     "mainAffixes": [
      {
       "propertyName": "Brucheffekt",
       "propertyIconPath": "2f652a2e091ec1a28dde16dfec5968a959804447eb99f746b6f2cba53dedfc2c",
       "isPercent": true,
       "baseValue": 0.10368,
       "levelAdd": 0.036288,
       "stepValue": 0,
       "maxStep": 0
      },
      {
       "propertyName": "Energie-Wiederherstellungsrate",
       "propertyIconPath": "df0ae9e95d840930af96bf8a5ec1394e9a4525d176be753ab7d89a540dca82fc",
       "isPercent": true,
       "baseValue": 0.031104,
       "levelAdd": 0.010886001,
       "stepValue": 0,
       "maxStep": 0
      },
      {
       "propertyName": "LP",
       "propertyIconPath": "9560c98da124f605af2e45c09f26a0b8ee24c3aa357b9701464d7c04adcd0da7",
       "isPercent": true,
       "baseValue": 0.06912,
       "levelAdd": 0.024192,
       "stepValue": 0,
       "maxStep": 0
      },
      {
       "propertyName": "ANG",
       "propertyIconPath": "2d1ce81848ae3af0e819f7f98badde6930dd127f20a6d2686eb806bc963989d5",
       "isPercent": true,
       "baseValue": 0.06912,
       "levelAdd": 0.024192,
       "stepValue": 0,
       "maxStep": 0
      },
      {
       "propertyName": "VTD",
       "propertyIconPath": "2077c52919d0f523755a4d92ce338874b71561611a436572d8eb315a34f4a4c2",
       "isPercent": true,
       "baseValue": 0.0864,
       "levelAdd": 0.030240001,
       "stepValue": 0,
       "maxStep": 0
      }
     ],
     "subAffixes": [
      {
       "propertyName": "LP",
       "propertyIconPath": "9560c98da124f605af2e45c09f26a0b8ee24c3aa357b9701464d7c04adcd0da7",
       "isPercent": false,
       "baseValue": 33.87004,
       "levelAdd": 33.87004,
       "stepValue": 4.233755,
       "maxStep": 2
      },
      {
       "propertyName": "ANG",
       "propertyIconPath": "2d1ce81848ae3af0e819f7f98badde6930dd127f20a6d2686eb806bc963989d5",
       "isPercent": false,
       "baseValue": 16.935019,
       "levelAdd": 16.935019,
       "stepValue": 2.116877,
       "maxStep": 2
      },
      {
       "propertyName": "VTD",
       "propertyIconPath": "2077c52919d0f523755a4d92ce338874b71561611a436572d8eb315a34f4a4c2",
       "isPercent": false,
       "baseValue": 16.935019,
       "levelAdd": 16.935019,
       "stepValue": 2.116877,
       "maxStep": 2
      },
      {
       "propertyName": "LP",
       "propertyIconPath": "9560c98da124f605af2e45c09f26a0b8ee24c3aa357b9701464d7c04adcd0da7",
       "isPercent": true,
       "baseValue": 0.034560002,
       "levelAdd": 0.034560002,
       "stepValue": 0.0043200003,
       "maxStep": 2
      },
      {
       "propertyName": "ANG",
       "propertyIconPath": "2d1ce81848ae3af0e819f7f98badde6930dd127f20a6d2686eb806bc963989d5",
       "isPercent": true,
       "baseValue": 0.034560002,
       "levelAdd": 0.034560002,
       "stepValue": 0.0043200003,
       "maxStep": 2
      },
      {
       "propertyName": "VTD",
       "propertyIconPath": "2077c52919d0f523755a4d92ce338874b71561611a436572d8eb315a34f4a4c2",
       "isPercent": true,
       "baseValue": 0.0432,
       "levelAdd": 0.0432,
       "stepValue": 0.0054,
       "maxStep": 2
      },
      {
       "propertyName": "GES",
       "propertyIconPath": "959ebc55a284ac83b29de4d97b3422772e372e53ff820bc9af972e0201aabe98",
       "isPercent": false,
       "baseValue": 2,
       "levelAdd": 2,
       "stepValue": 0.3,
       "maxStep": 2
      },
      {
       "propertyName": "KRIT-Rate",
       "propertyIconPath": "649d04ce090ec9e142d024138f54bf2e416362f48f452776826e5a4e8e26c028",
       "isPercent": true,
       "baseValue": 0.02592,
       "levelAdd": 0.02592,
       "stepValue": 0.0032400002,
       "maxStep": 2
      },
      {
       "propertyName": "KRIT-SCH",
       "propertyIconPath": "70505c64ff7cb3df4a9faf76eb488438570422a20d9dd2f42225da1dd1c97648",
       "isPercent": true,
       "baseValue": 0.05184,
       "levelAdd": 0.05184,
       "stepValue": 0.0064800004,
       "maxStep": 2
      },
      {
       "propertyName": "Effekt-Trefferrate",
       "propertyIconPath": "16e46edec660d897581a1ee77b95e61bafbc7a669f7e88ab6d27b9f23fa4bd49",
       "isPercent": true,
       "baseValue": 0.034560002,
       "levelAdd": 0.034560002,
       "stepValue": 0.0043200003,
       "maxStep": 2
      },
      {
       "propertyName": "Effekt-WDS",
       "propertyIconPath": "53050ffa2be01a99b930263f8c1b883e021e236827d23c7f2fafbd5d59f4a98d",
       "isPercent": true,
       "baseValue": 0.034560002,
       "levelAdd": 0.034560002,
       "stepValue": 0.0043200003,
       "maxStep": 2
      },
      {
       "propertyName": "Brucheffekt",
       "propertyIconPath": "2f652a2e091ec1a28dde16dfec5968a959804447eb99f746b6f2cba53dedfc2c",
       "isPercent": true,
       "baseValue": 0.05184,
       "levelAdd": 0.05184,
       "stepValue": 0.0064800004,
       "maxStep": 2
      }
     ]
    }
   }
  }
 },
 "pageId": "303"
}