{
 "name": "Arène rutilante",
 "iconPath": "c92449d218f61e942b89fe12b1ef326a58bdea7dac6f733548e8f9b9edd35241",
 "artPath": "f2d03fec75064b843805ad5005b2f1e7d22bc19f4827b370b3e5dae7330e42e8",
 "rarity": 5,
 "relicType": 0,
 "embeddedBaseTypes": {
  "0": {
   "id": 0,
   "iconPath": "41072ca3899477a962f134868e1fa9e70dccfb48858da4ba0f0240284789aaef",
   "color": "#FFFFFF",
   "name": "",
   "rarity": 0
  },
  "1": {
   "id": 1,
   "iconPath": "adc5e9134f1305bc6fce9540aa715f3a126bf8c692f884f179c30f4a77c23517",
   "color": "#FFFFFF",
   "name": "Tête",
   "rarity": 0
  },
  "2": {
   "id": 2,
   "iconPath": "881cc71c4ba36330e78afd8048fcb12d871fed11643cf88ed0ec35baa2dc4448",
   "color": "#FFFFFF",
   "name": "Mains",
   "rarity": 0
  },
  "3": {
   "id": 3,
   "iconPath": "69a915b7e71818ce9045d15909d068e17b0eb55b521de61e2b6beae81aaad69d",
   "color": "#FFFFFF",
   "name": "Corps",
   "rarity": 0
  },
  "4": {
   "id": 4,
   "iconPath": "4e3a373adf26de8bf6a014d20c60673e492edb4e0c42eb41c4fdd0e1ee76be18",
   "color": "#FFFFFF",
   "name": "Pieds",
   "rarity": 0
  },
  "5": {
   "id": 5,
   "iconPath": "4d5bdc016d963c74451bbfd89499fb09b38187b832b78f9e370059491a889144",
   "color": "#FFFFFF",
   "name": "Sphère planaire",
   "rarity": 0
  },
  "6": {
   "id": 6,
   "iconPath": "6480632e5e286318196c11d1b3a878c0ca0491dbda41d1e795a50570f18426eb",
   "color": "#FFFFFF",
   "name": "Corde de liaison",
   "rarity": 0
  }
 },
 "skills": [
  {
   "useNum": 2,
   "desc": "Augmente les chances de coup critique du porteur de <nobr>#1[i]%</nobr>. Lorsque ses chances de coup critique atteignent <nobr>#2[i]%</nobr> ou plus, les DGT infligés par son ATQ normale et sa compétence augmentent de <nobr>#3[i]%</nobr>.",
   "params": [
    0.08,
    0.7,
    0.2
   ]
  }
 ],
 "pieces": {
  "5": {
   "name": "Stade laser de Taikiyan",
   "type": 0,
   "maxRarity": 5,
   "iconPath": "63c76eb3addd7c3c4e4706ea184392d01f1db85670544b84069ccae304db9ac0",
   "baseTypeText": "Sphère planaire",
   "loreTitle": "Stade laser de Taikiyan",
   "miniLore": "Scellé dans cette sphère planaire se trouve le Stade de Taikiyan, l'arène la plus en vue de la planète Taikiyan. L'atmosphère y est électrique, que ce soit à l'intérieur ou en dehors du dôme, où de nombreux drapeaux flottent au vent. Tous les yeux sont rivés sur le stade, alors qu'un match de roboball est sur le point de commencer.",
   "lore": "Autrefois, Taikiyan était un site de démantèlement d'épaves de la CPI, où des experts en assurances étaient envoyés pour nettoyer les épaves de vieux vaisseaux, et récupérer tout objet de valeur qui puisse s'y trouver.<br /><br />Pour les experts, une mutation sur Taikiyan est synonyme d'exil dont on ne revient jamais. Sur cette minuscule planète, les montagnes de fibres de carbone et d'acier inoxydable soulignaient la grandeur d'antan des immenses vaisseaux avant qu'ils ne soient abandonnés, jetant une ombre de vide sur les ruines d'acier, qui ne donne qu'une envie, celle de rentrer chez soi. Pendant plusieurs années, les experts se volaient des pièces à la pointe de la technologie dans la soute des vaisseaux échoués. Équipés de dispositifs de propulsion, ils s'adonnaient à des course-poursuites incessantes dans les couloirs de cabines effondrées, et élaborèrent un ensemble de règles pour leurs affaires clandestines lorsqu'ils agissaient dans l'ombre... Pourtant, aucun d'entre eux n'a vu son souhait exaucé, et tous sont restés coincés, piégés sur cette planète.<br /><br />Les règles clandestines établies par les experts n'ont pas pu échapper à la surveillance de la CPI. Ils étaient filmés en permanence par leurs caméras embarquées, et leur vidéos étaient souvent l'objet de moqueries et de farces parmi les supérieurs de la CPI. Après réflexion, le Département des projets traditionnels y vit une opportunité de divertissement.<br /><br />D'après leur projet, ils voulaient organiser la première compétition de roboball de la galaxie sur Taikiyan. Pour ce faire, ils ont envoyé une multitude de machines de terraformation pour se débarrasser de toutes épaves de vaisseaux. Ainsi, la planète, autrefois couverte de l'ombre des épaves, a été reconstruite autour du roboball et devint un immense centre sportif en un clin d'œil. « Avec le temps, plus personne ne s'intéressera aux origines risibles de la planète. Il n'y restera plus qu'un esprit sportif le plus pur, et des accords commerciaux extrêmement lucratifs. »<br /><br />Des athlètes équipés de dispositifs de propulsion, des pistes en trois dimensions, des collisions phénoménales entre les joueurs... Lorsque l'annonce du lancement du roboball fut rendue publique, elle attira l'attention de toute la galaxie. Dès lors, Taikiyan, la planète autrefois plongée dans l'ombre, ne connut plus un seul instant d'obscurité.<br /><br />Dans l'immense stade, l'équipe locale ainsi que celle de l'extérieur rivalisent ardemment, et les gradins sont remplis du public en furie qui scande leurs noms et ceux des joueurs. En dehors du stade, la planète ne manquait pas d'activité non plus. Les contrats de diffusion, de sponsors et de publicité sont fortement demandés sur le marché. Les paris clandestins pullulent et apportent à la fois joie intense et frustration... Le ciel d'encre a depuis longtemps été dissimulé par une toile de fond de raidum réfléchissant les illuminations du stade.<br /><br />Depuis son inauguration, le Stade de Taikiyan a inondé la nuit de lumière aveuglante, et plus personne ne sait où se cachent désormais les ombres du passé.",
   "rarityData": {
    "2": {
     "rarity": 2,
     "maxLevel": 6,
     "mainAffixes": [
      {
       "propertyName": "PV",
       "propertyIconPath": "9560c98da124f605af2e45c09f26a0b8ee24c3aa357b9701464d7c04adcd0da7",
       "isPercent": true,
       "baseValue": 0.027648,
       "levelAdd": 0.009677,
       "stepValue": 0,
       "maxStep": 0
      },
      {
       "propertyName": "ATQ",
       "propertyIconPath": "2d1ce81848ae3af0e819f7f98badde6930dd127f20a6d2686eb806bc963989d5",
       "isPercent": true,
       "baseValue": 0.027648,
       "levelAdd": 0.009677,
       "stepValue": 0,
       "maxStep": 0
      },
      {
       "propertyName": "DÉF",
       "propertyIconPath": "2077c52919d0f523755a4d92ce338874b71561611a436572d8eb315a34f4a4c2",
       "isPercent": true,
       "baseValue": 0.034560002,
       "levelAdd": 0.012096001,
       "stepValue": 0,
       "maxStep": 0
      },
      {
       "propertyName": "Augm. des DGT physiques",
       "propertyIconPath": "cabfca0b70c2eecf82043ceb1819f7ca57b7bd5ec9297733cb2a48346a42ec75",
       "isPercent": true,
       "baseValue": 0.024883,
       "levelAdd": 0.008709,
       "stepValue": 0,
       "maxStep": 0
      },
      {
       "propertyName": "Augm. des DGT de feu",
       "propertyIconPath": "f124a2e51d1d9692f17baff23eca48074f9a349128b90924102dfa77114eb98a",
       "isPercent": true,
       "baseValue": 0.024883,
       "levelAdd": 0.008709,
       "stepValue": 0,
       "maxStep": 0
      },
      {
       "propertyName": "Augm. des DGT de glace",
       "propertyIconPath": "4f595a21ec0e5b7a2e90e4d4dce82ebbc0c0e7ce3cbd10d38c93547a05c21e5f",
       "isPercent": true,
       "baseValue": 0.024883,
       "levelAdd": 0.008709,
       "stepValue": 0,
       "maxStep": 0
      },
      {
       "propertyName": "Augm. des DGT de foudre",
       "propertyIconPath": "9cfbb52c7e12da9c27404c412ae07eb239bca41af4f7da91f6cca91549684fdc",
       "isPercent": true,
       "baseValue": 0.024883,
       "levelAdd": 0.008709,
       "stepValue": 0,
       "maxStep": 0
      },
      {
       "propertyName": "Augm. des DGT de vent",
       "propertyIconPath": "13f176b2c801b7bf67d76f1de4a996acd18bbf26ea89b3035877973d037337e4",
       "isPercent": true,
       "baseValue": 0.024883,
       "levelAdd": 0.008709,
       "stepValue": 0,
       "maxStep": 0
      },
      {
       "propertyName": "Augm. des DGT quantiques",
       "propertyIconPath": "d80c1a4fb5085eb81b10136cf5078d87066fb0c6471e0ad6fbaae0e8a7343c10",
       "isPercent": true,
       "baseValue": 0.024883,
       "levelAdd": 0.008709,
       "stepValue": 0,
       "maxStep": 0
      },
      {
       "propertyName": "Augm. des DGT imaginaires",
       "propertyIconPath": "2be6fe6f4073cb1ff6a2f624baf6f8aee605371d6bcc0cf0ed25811dba044845",
       "isPercent": true,
       "baseValue": 0.024883,
       "levelAdd": 0.008709,
       "stepValue": 0,
       "maxStep": 0
      }
     ],
     "subAffixes": [
      {
       "propertyName": "PV",
       "propertyIconPath": "9560c98da124f605af2e45c09f26a0b8ee24c3aa357b9701464d7c04adcd0da7",
       "isPercent": false,
       "baseValue": 13.548016,
       "levelAdd": 13.548016,
       "stepValue": 1.693502,
       "maxStep": 2
      },
      {
       "propertyName": "ATQ",
       "propertyIconPath": "2d1ce81848ae3af0e819f7f98badde6930dd127f20a6d2686eb806bc963989d5",
       "isPercent": false,
       "baseValue": 6.774008,
       "levelAdd": 6.774008,
       "stepValue": 0.846751,
       "maxStep": 2
      },
      {
       "propertyName": "DÉF",
       "propertyIconPath": "2077c52919d0f523755a4d92ce338874b71561611a436572d8eb315a34f4a4c2",
       "isPercent": false,
       "baseValue": 6.774008,
       "levelAdd": 6.774008,
       "stepValue": 0.846751,
       "maxStep": 2
      },
      {
       "propertyName": "PV",
       "propertyIconPath": "9560c98da124f605af2e45c09f26a0b8ee24c3aa357b9701464d7c04adcd0da7",
       "isPercent": true,
       "baseValue": 0.013824001,
       "levelAdd": 0.013824001,
       "stepValue": 0.0017280006,
       "maxStep": 2
      },
      {
       "propertyName": "ATQ",
       "propertyIconPath": "2d1ce81848ae3af0e819f7f98badde6930dd127f20a6d2686eb806bc963989d5",
       "isPercent": true,
       "baseValue": 0.013824001,
       "levelAdd": 0.013824001,
       "stepValue": 0.0017280006,
       "maxStep": 2
      },
      {
       "propertyName": "DÉF",
       "propertyIconPath": "2077c52919d0f523755a4d92ce338874b71561611a436572d8eb315a34f4a4c2",
       "isPercent": true,
       "baseValue": 0.017280001,
       "levelAdd": 0.017280001,
       "stepValue": 0.0021600004,
       "maxStep": 2
      },
      {
       "propertyName": "VIT",
       "propertyIconPath": "959ebc55a284ac83b29de4d97b3422772e372e53ff820bc9af972e0201aabe98",
       "isPercent": false,
       "baseValue": 1,
       "levelAdd": 1,
       "stepValue": 0.1,
       "maxStep": 2
      },
      {
       "propertyName": "Chances de coup critique",
       "propertyIconPath": "649d04ce090ec9e142d024138f54bf2e416362f48f452776826e5a4e8e26c028",
       "isPercent": true,
       "baseValue": 0.010368001,
       "levelAdd": 0.010368001,
       "stepValue": 0.0012960008,
       "maxStep": 2
      },
      {
       "propertyName": "DGT CRIT",
       "propertyIconPath": "70505c64ff7cb3df4a9faf76eb488438570422a20d9dd2f42225da1dd1c97648",
       "isPercent": true,
       "baseValue": 0.020736001,
       "levelAdd": 0.020736001,
       "stepValue": 0.0025920009,
       "maxStep": 2
      },
      {
       "propertyName": "Chances d'app. des effets",
       "propertyIconPath": "16e46edec660d897581a1ee77b95e61bafbc7a669f7e88ab6d27b9f23fa4bd49",
       "isPercent": true,
       "baseValue": 0.013824001,
       "levelAdd": 0.013824001,
       "stepValue": 0.0017280006,
       "maxStep": 2
      },
      {
       "propertyName": "RÉS aux effets",
       "propertyIconPath": "53050ffa2be01a99b930263f8c1b883e021e236827d23c7f2fafbd5d59f4a98d",
       "isPercent": true,
       "baseValue": 0.013824001,
       "levelAdd": 0.013824001,
       "stepValue": 0.0017280006,
       "maxStep": 2
      },
      {
       "propertyName": "Effet de Rupture",
       "propertyIconPath": "2f652a2e091ec1a28dde16dfec5968a959804447eb99f746b6f2cba53dedfc2c",
       "isPercent": true,
       "baseValue": 0.020736001,
       "levelAdd": 0.020736001,
       "stepValue": 0.0025920009,
       "maxStep": 2
      }
     ]
    },
    "3": {
     "rarity": 3,
     "maxLevel": 9,
     "mainAffixes": [
      {
       "propertyName": "PV",
       "propertyIconPath": "9560c98da124f605af2e45c09f26a0b8ee24c3aa357b9701464d7c04adcd0da7",
       "isPercent": true,
       "baseValue": 0.041472,
       "levelAdd": 0.014515,
       "stepValue": 0,
       "maxStep": 0
      },
      {
       "propertyName": "ATQ",
       "propertyIconPath": "2d1ce81848ae3af0e819f7f98badde6930dd127f20a6d2686eb806bc963989d5",
       "isPercent": true,
       "baseValue": 0.041472,
       "levelAdd": 0.014515,
       "stepValue": 0,
       "maxStep": 0
      },
      {
       "propertyName": "DÉF",
       "propertyIconPath": "2077c52919d0f523755a4d92ce338874b71561611a436572d8eb315a34f4a4c2",
       "isPercent": true,
       "baseValue": 0.05184,
       "levelAdd": 0.018144,
       "stepValue": 0,
       "maxStep": 0
      },
      {
       "propertyName": "Augm. des DGT physiques",
       "propertyIconPath": "cabfca0b70c2eecf82043ceb1819f7ca57b7bd5ec9297733cb2a48346a42ec75",
       "isPercent": true,
       "baseValue": 0.037325,
       "levelAdd": 0.013064001,
       "stepValue": 0,
       "maxStep": 0
      },
      {
       "propertyName": "Augm. des DGT de feu",
       "propertyIconPath": "f124a2e51d1d9692f17baff23eca48074f9a349128b90924102dfa77114eb98a",
       "isPercent": true,
       "baseValue": 0.037325,
       "levelAdd": 0.013064001,
       "stepValue": 0,
       "maxStep": 0
      },
      {
       "propertyName": "Augm. des DGT de glace",
       "propertyIconPath": "4f595a21ec0e5b7a2e90e4d4dce82ebbc0c0e7ce3cbd10d38c93547a05c21e5f",
       "isPercent": true,
       "baseValue": 0.037325,
       "levelAdd": 0.013064001,
       "stepValue": 0,
       "maxStep": 0
      },
      {
       "propertyName": "Augm. des DGT de foudre",
       "propertyIconPath": "9cfbb52c7e12da9c27404c412ae07eb239bca41af4f7da91f6cca91549684fdc",
       "isPercent": true,
       "baseValue": 0.037325,
       "levelAdd": 0.013064001,
       "stepValue": 0,
       "maxStep": 0
      },
      {
       "propertyName": "Augm. des DGT de vent",
       "propertyIconPath": "13f176b2c801b7bf67d76f1de4a996acd18bbf26ea89b3035877973d037337e4",
       "isPercent": true,
       "baseValue": 0.037325,
       "levelAdd": 0.013064001,
       "stepValue": 0,
       "maxStep": 0
      },
      {
       "propertyName": "Augm. des DGT quantiques",
       "propertyIconPath": "d80c1a4fb5085eb81b10136cf5078d87066fb0c6471e0ad6fbaae0e8a7343c10",
       "isPercent": true,
       "baseValue": 0.037325,
       "levelAdd": 0.013064001,
       "stepValue": 0,
       "maxStep": 0
      },
      {
       "propertyName": "Augm. des DGT imaginaires",
       "propertyIconPath": "2be6fe6f4073cb1ff6a2f624baf6f8aee605371d6bcc0cf0ed25811dba044845",
       "isPercent": true,
       "baseValue": 0.037325,
       "levelAdd": 0.013064001,
       "stepValue": 0,
       "maxStep": 0
      }
     ],
     "subAffixes": [
      {
       "propertyName": "PV",
       "propertyIconPath": "9560c98da124f605af2e45c09f26a0b8ee24c3aa357b9701464d7c04adcd0da7",
       "isPercent": false,
       "baseValue": 20.322023,
       "levelAdd": 20.322023,
       "stepValue": 2.540253,
       "maxStep": 2
      },
      {
       "propertyName": "ATQ",
       "propertyIconPath": "2d1ce81848ae3af0e819f7f98badde6930dd127f20a6d2686eb806bc963989d5",
       "isPercent": false,
       "baseValue": 10.161012,
       "levelAdd": 10.161012,
       "stepValue": 1.270126,
       "maxStep": 2
      },
      {
       "propertyName": "DÉF",
       "propertyIconPath": "2077c52919d0f523755a4d92ce338874b71561611a436572d8eb315a34f4a4c2",
       "isPercent": false,
       "baseValue": 10.161012,
       "levelAdd": 10.161012,
       "stepValue": 1.270126,
       "maxStep": 2
      },
      {
       "propertyName": "PV",
       "propertyIconPath": "9560c98da124f605af2e45c09f26a0b8ee24c3aa357b9701464d7c04adcd0da7",
       "isPercent": true,
       "baseValue": 0.020736001,
       "levelAdd": 0.020736001,
       "stepValue": 0.0025920009,
       "maxStep": 2
      },
      {
       "propertyName": "ATQ",
       "propertyIconPath": "2d1ce81848ae3af0e819f7f98badde6930dd127f20a6d2686eb806bc963989d5",
       "isPercent": true,
       "baseValue": 0.020736001,
       "levelAdd": 0.020736001,
       "stepValue": 0.0025920009,
       "maxStep": 2
      },
      {
       "propertyName": "DÉF",
       "propertyIconPath": "2077c52919d0f523755a4d92ce338874b71561611a436572d8eb315a34f4a4c2",
       "isPercent": true,
       "baseValue": 0.02592,
       "levelAdd": 0.02592,
       "stepValue": 0.0032400002,
       "maxStep": 2
      },
      {
       "propertyName": "VIT",
       "propertyIconPath": "959ebc55a284ac83b29de4d97b3422772e372e53ff820bc9af972e0201aabe98",
       "isPercent": false,
       "baseValue": 1.2,
       "levelAdd": 1.2,
       "stepValue": 0.1,
       "maxStep": 2
      },
      {
       "propertyName": "Chances de coup critique",
       "propertyIconPath": "649d04ce090ec9e142d024138f54bf2e416362f48f452776826e5a4e8e26c028",
       "isPercent": true,
       "baseValue": 0.015552,
       "levelAdd": 0.015552,
       "stepValue": 0.0019440008,
       "maxStep": 2
      },
      {
       "propertyName": "DGT CRIT",
       "propertyIconPath": "70505c64ff7cb3df4a9faf76eb488438570422a20d9dd2f42225da1dd1c97648",
       "isPercent": true,
       "baseValue": 0.031104,
       "levelAdd": 0.031104,
       "stepValue": 0.003888001,
       "maxStep": 2
      },
      {
       "propertyName": "Chances d'app. des effets",
       "propertyIconPath": "16e46edec660d897581a1ee77b95e61bafbc7a669f7e88ab6d27b9f23fa4bd49",
       "isPercent": true,
       "baseValue": 0.020736001,
       "levelAdd": 0.020736001,
       "stepValue": 0.0025920009,
       "maxStep": 2
      },
      {
       "propertyName": "RÉS aux effets",
       "propertyIconPath": "53050ffa2be01a99b930263f8c1b883e021e236827d23c7f2fafbd5d59f4a98d",
       "isPercent": true,
       "baseValue": 0.020736001,
       "levelAdd": 0.020736001,
       "stepValue": 0.0025920009,
       "maxStep": 2
      },
      {
       "propertyName": "Effet de Rupture",
       "propertyIconPath": "2f652a2e091ec1a28dde16dfec5968a959804447eb99f746b6f2cba53dedfc2c",
       "isPercent": true,
       "baseValue": 0.031104,
       "levelAdd": 0.031104,
       "stepValue": 0.003888001,
       "maxStep": 2
      }
     ]
    },
    "4": {
     "rarity": 4,
     "maxLevel": 12,
     "mainAffixes": [
      {
       "propertyName": "PV",
       "propertyIconPath": "9560c98da124f605af2e45c09f26a0b8ee24c3aa357b9701464d7c04adcd0da7",
       "isPercent": true,
       "baseValue": 0.055296,
       "levelAdd": 0.019354,
       "stepValue": 0,
       "maxStep": 0
      },
      {
       "propertyName": "ATQ",
       "propertyIconPath": "2d1ce81848ae3af0e819f7f98badde6930dd127f20a6d2686eb806bc963989d5",
       "isPercent": true,
       "baseValue": 0.055296,
       "levelAdd": 0.019354,
       "stepValue": 0,
       "maxStep": 0
      },
      {
       "propertyName": "DÉF",
       "propertyIconPath": "2077c52919d0f523755a4d92ce338874b71561611a436572d8eb315a34f4a4c2",
       "isPercent": true,
       "baseValue": 0.06912,
       "levelAdd": 0.024192,
       "stepValue": 0,
       "maxStep": 0
      },
      {
       "propertyName": "Augm. des DGT physiques",
       "propertyIconPath": "cabfca0b70c2eecf82043ceb1819f7ca57b7bd5ec9297733cb2a48346a42ec75",
       "isPercent": true,
       "baseValue": 0.049766,
       "levelAdd": 0.017418,
       "stepValue": 0,
       "maxStep": 0
      },
      {
       "propertyName": "Augm. des DGT de feu",
       "propertyIconPath": "f124a2e51d1d9692f17baff23eca48074f9a349128b90924102dfa77114eb98a",
       "isPercent": true,
       "baseValue": 0.049766,
       "levelAdd": 0.017418,
       "stepValue": 0,
       "maxStep": 0
      },
      {
       "propertyName": "Augm. des DGT de glace",
       "propertyIconPath": "4f595a21ec0e5b7a2e90e4d4dce82ebbc0c0e7ce3cbd10d38c93547a05c21e5f",
       "isPercent": true,
       "baseValue": 0.049766,
       "levelAdd": 0.017418,
       "stepValue": 0,
       "maxStep": 0
      },
      {
       "propertyName": "Augm. des DGT de foudre",
       "propertyIconPath": "9cfbb52c7e12da9c27404c412ae07eb239bca41af4f7da91f6cca91549684fdc",
       "isPercent": true,
       "baseValue": 0.049766,
       "levelAdd": 0.017418,
       "stepValue": 0,
       "maxStep": 0
      },
      {
       "propertyName": "Augm. des DGT de vent",
       "propertyIconPath": "13f176b2c801b7bf67d76f1de4a996acd18bbf26ea89b3035877973d037337e4",
       "isPercent": true,
       "baseValue": 0.049766,
       "levelAdd": 0.017418,
       "stepValue": 0,
       "maxStep": 0
      },
      {
       "propertyName": "Augm. des DGT quantiques",
       "propertyIconPath": "d80c1a4fb5085eb81b10136cf5078d87066fb0c6471e0ad6fbaae0e8a7343c10",
       "isPercent": true,
       "baseValue": 0.049766,
       "levelAdd": 0.017418,
       "stepValue": 0,
       "maxStep": 0
      },
      {
       "propertyName": "Augm. des DGT imaginaires",
       "propertyIconPath": "2be6fe6f4073cb1ff6a2f624baf6f8aee605371d6bcc0cf0ed25811dba044845",
       "isPercent": true,
       "baseValue": 0.049766,
       "levelAdd": 0.017418,
       "stepValue": 0,
       "maxStep": 0
      }
     ],
     "subAffixes": [
      {
       "propertyName": "PV",
       "propertyIconPath": "9560c98da124f605af2e45c09f26a0b8ee24c3aa357b9701464d7c04adcd0da7",
       "isPercent": false,
       "baseValue": 27.096031,
       "levelAdd": 27.096031,
       "stepValue": 3.387004,
       "maxStep": 2
      },
      {
       "propertyName": "ATQ",
       "propertyIconPath": "2d1ce81848ae3af0e819f7f98badde6930dd127f20a6d2686eb806bc963989d5",
       "isPercent": false,
       "baseValue": 13.548016,
       "levelAdd": 13.548016,
       "stepValue": 1.693502,
       "maxStep": 2
      },
      {
       "propertyName": "DÉF",
       "propertyIconPath": "2077c52919d0f523755a4d92ce338874b71561611a436572d8eb315a34f4a4c2",
       "isPercent": false,
       "baseValue": 13.548016,
       "levelAdd": 13.548016,
       "stepValue": 1.693502,
       "maxStep": 2
      },
      {
       "propertyName": "PV",
       "propertyIconPath": "9560c98da124f605af2e45c09f26a0b8ee24c3aa357b9701464d7c04adcd0da7",
       "isPercent": true,
       "baseValue": 0.027648,
       "levelAdd": 0.027648,
       "stepValue": 0.0034560005,
       "maxStep": 2
      },
      {
       "propertyName": "ATQ",
       "propertyIconPath": "2d1ce81848ae3af0e819f7f98badde6930dd127f20a6d2686eb806bc963989d5",
       "isPercent": true,
       "baseValue": 0.027648,
       "levelAdd": 0.027648,
       "stepValue": 0.0034560005,
       "maxStep": 2
      },
      {
       "propertyName": "DÉF",
       "propertyIconPath": "2077c52919d0f523755a4d92ce338874b71561611a436572d8eb315a34f4a4c2",
       "isPercent": true,
       "baseValue": 0.034560002,
       "levelAdd": 0.034560002,
       "stepValue": 0.0043200003,
       "maxStep": 2
      },
      {
       "propertyName": "VIT",
       "propertyIconPath": "959ebc55a284ac83b29de4d97b3422772e372e53ff820bc9af972e0201aabe98",
       "isPercent": false,
       "baseValue": 1.6,
       "levelAdd": 1.6,
       "stepValue": 0.2,
       "maxStep": 2
      },
      {
       "propertyName": "Chances de coup critique",
       "propertyIconPath": "649d04ce090ec9e142d024138f54bf2e416362f48f452776826e5a4e8e26c028",
       "isPercent": true,
       "baseValue": 0.020736001,
       "levelAdd": 0.020736001,
       "stepValue": 0.0025920009,
       "maxStep": 2
      },
      {
       "propertyName": "DGT CRIT",
       "propertyIconPath": "70505c64ff7cb3df4a9faf76eb488438570422a20d9dd2f42225da1dd1c97648",
       "isPercent": true,
       "baseValue": 0.041472,
       "levelAdd": 0.041472,
       "stepValue": 0.0051840004,
       "maxStep": 2
      },
      {
       "propertyName": "Chances d'app. des effets",
       "propertyIconPath": "16e46edec660d897581a1ee77b95e61bafbc7a669f7e88ab6d27b9f23fa4bd49",
       "isPercent": true,
       "baseValue": 0.027648,
       "levelAdd": 0.027648,
       "stepValue": 0.0034560005,
       "maxStep": 2
      },
      {
       "propertyName": "RÉS aux effets",
       "propertyIconPath": "53050ffa2be01a99b930263f8c1b883e021e236827d23c7f2fafbd5d59f4a98d",
       "isPercent": true,
       "baseValue": 0.027648,
       "levelAdd": 0.027648,
       "stepValue": 0.0034560005,
       "maxStep": 2
      },
      {
       "propertyName": "Effet de Rupture",
       "propertyIconPath": "2f652a2e091ec1a28dde16dfec5968a959804447eb99f746b6f2cba53dedfc2c",
       "isPercent": true,
       "baseValue": 0.041472,
       "levelAdd": 0.041472,
       "stepValue": 0.0051840004,
       "maxStep": 2
      }
     ]
    },
    "5": {
     "rarity": 5,
     "maxLevel": 15,
     "mainAffixes": [
      {
       "propertyName": "PV",
       "propertyIconPath": "9560c98da124f605af2e45c09f26a0b8ee24c3aa357b9701464d7c04adcd0da7",
       "isPercent": true,
       "baseValue": 0.06912,
       "levelAdd": 0.024192,
       "stepValue": 0,
       "maxStep": 0
      },
      {
       "propertyName": "ATQ",
       "propertyIconPath": "2d1ce81848ae3af0e819f7f98badde6930dd127f20a6d2686eb806bc963989d5",
       "isPercent": true,
       "baseValue": 0.06912,
       "levelAdd": 0.024192,
       "stepValue": 0,
       "maxStep": 0
      },
      {
       "propertyName": "DÉF",
       "propertyIconPath": "2077c52919d0f523755a4d92ce338874b71561611a436572d8eb315a34f4a4c2",
       "isPercent": true,
       "baseValue": 0.0864,
       "levelAdd": 0.030240001,
       "stepValue": 0,
       "maxStep": 0
      },
      {
       "propertyName": "Augm. des DGT physiques",
       "propertyIconPath": "cabfca0b70c2eecf82043ceb1819f7ca57b7bd5ec9297733cb2a48346a42ec75",
       "isPercent": true,
       "baseValue": 0.062208,
       "levelAdd": 0.021773001,
       "stepValue": 0,
       "maxStep": 0
      },
      {
       "propertyName": "Augm. des DGT de feu",
       "propertyIconPath": "f124a2e51d1d9692f17baff23eca48074f9a349128b90924102dfa77114eb98a",
       "isPercent": true,
       "baseValue": 0.062208,
       "levelAdd": 0.021773001,
       "stepValue": 0,
       "maxStep": 0
      },
      {
       "propertyName": "Augm. des DGT de glace",
       "propertyIconPath": "4f595a21ec0e5b7a2e90e4d4dce82ebbc0c0e7ce3cbd10d38c93547a05c21e5f",
       "isPercent": true,
       "baseValue": 0.062208,
       "levelAdd": 0.021773001,
       "stepValue": 0,
       "maxStep": 0
      },
      {
       "propertyName": "Augm. des DGT de foudre",
       "propertyIconPath": "9cfbb52c7e12da9c27404c412ae07eb239bca41af4f7da91f6cca91549684fdc",
       "isPercent": true,
       "baseValue": 0.062208,
       "levelAdd": 0.021773001,
       "stepValue": 0,
       "maxStep": 0
      },
      {
       "propertyName": "Augm. des DGT de vent",
       "propertyIconPath": "13f176b2c801b7bf67d76f1de4a996acd18bbf26ea89b3035877973d037337e4",
       "isPercent": true,
       "baseValue": 0.062208,
       "levelAdd": 0.021773001,
       "stepValue": 0,
       "maxStep": 0
      },
      {
       "propertyName": "Augm. des DGT quantiques",
       "propertyIconPath": "d80c1a4fb5085eb81b10136cf5078d87066fb0c6471e0ad6fbaae0e8a7343c10",
       "isPercent": true,
       "baseValue": 0.062208,
       "levelAdd": 0.021773001,
       "stepValue": 0,
       "maxStep": 0
      },
      {
       "propertyName": "Augm. des DGT imaginaires",
       "propertyIconPath": "2be6fe6f4073cb1ff6a2f624baf6f8aee605371d6bcc0cf0ed25811dba044845",
       "isPercent": true,
       "baseValue": 0.062208,
       "levelAdd": 0.021773001,
       "stepValue": 0,
       "maxStep": 0
      }
     ],
     "subAffixes": [
      {
       "propertyName": "PV",
       "propertyIconPath": "9560c98da124f605af2e45c09f26a0b8ee24c3aa357b9701464d7c04adcd0da7",
       "isPercent": false,
       "baseValue": 33.87004,
       "levelAdd": 33.87004,
       "stepValue": 4.233755,
       "maxStep": 2
      },
      {
       "propertyName": "ATQ",
       "propertyIconPath": "2d1ce81848ae3af0e819f7f98badde6930dd127f20a6d2686eb806bc963989d5",
       "isPercent": false,
       "baseValue": 16.935019,
       "levelAdd": 16.935019,
       "stepValue": 2.116877,
       "maxStep": 2
      },
      {
       "propertyName": "DÉF",
       "propertyIconPath": "2077c52919d0f523755a4d92ce338874b71561611a436572d8eb315a34f4a4c2",
       "isPercent": false,
       "baseValue": 16.935019,
       "levelAdd": 16.935019,
       "stepValue": 2.116877,
       "maxStep": 2
      },
      {
       "propertyName": "PV",
       "propertyIconPath": "9560c98da124f605af2e45c09f26a0b8ee24c3aa357b9701464d7c04adcd0da7",
       "isPercent": true,
       "baseValue": 0.034560002,
       "levelAdd": 0.034560002,
       "stepValue": 0.0043200003,
       "maxStep": 2
      },
      {
       "propertyName": "ATQ",
       "propertyIconPath": "2d1ce81848ae3af0e819f7f98badde6930dd127f20a6d2686eb806bc963989d5",
       "isPercent": true,
       "baseValue": 0.034560002,
       "levelAdd": 0.034560002,
       "stepValue": 0.0043200003,
       "maxStep": 2
      },
      {
       "propertyName": "DÉF",
       "propertyIconPath": "2077c52919d0f523755a4d92ce338874b71561611a436572d8eb315a34f4a4c2",
       "isPercent": true,
       "baseValue": 0.0432,
       "levelAdd": 0.0432,
       "stepValue": 0.0054,
       "maxStep": 2
      },
      {
       "propertyName": "VIT",
       "propertyIconPath": "959ebc55a284ac83b29de4d97b3422772e372e53ff820bc9af972e0201aabe98",
       "isPercent": false,
       "baseValue": 2,
       "levelAdd": 2,
       "stepValue": 0.3,
       "maxStep": 2
      },
      {
       "propertyName": "Chances de coup critique",
       "propertyIconPath": "649d04ce090ec9e142d024138f54bf2e416362f48f452776826e5a4e8e26c028",
       "isPercent": true,
       "baseValue": 0.02592,
       "levelAdd": 0.02592,
       "stepValue": 0.0032400002,
       "maxStep": 2
      },
      {
       "propertyName": "DGT CRIT",
       "propertyIconPath": "70505c64ff7cb3df4a9faf76eb488438570422a20d9dd2f42225da1dd1c97648",
       "isPercent": true,
       "baseValue": 0.05184,
       "levelAdd": 0.05184,
       "stepValue": 0.0064800004,
       "maxStep": 2
      },
      {
       "propertyName": "Chances d'app. des effets",
       "propertyIconPath": "16e46edec660d897581a1ee77b95e61bafbc7a669f7e88ab6d27b9f23fa4bd49",
       "isPercent": true,
       "baseValue": 0.034560002,
       "levelAdd": 0.034560002,
       "stepValue": 0.0043200003,
       "maxStep": 2
      },
      {
       "propertyName": "RÉS aux effets",
       "propertyIconPath": "53050ffa2be01a99b930263f8c1b883e021e236827d23c7f2fafbd5d59f4a98d",
       "isPercent": true,
       "baseValue": 0.034560002,
       "levelAdd": 0.034560002,
       "stepValue": 0.0043200003,
       "maxStep": 2
      },
      {
       "propertyName": "Effet de Rupture",
       "propertyIconPath": "2f652a2e091ec1a28dde16dfec5968a959804447eb99f746b6f2cba53dedfc2c",
       "isPercent": true,
       "baseValue": 0.05184,
       "levelAdd": 0.05184,
       "stepValue": 0.0064800004,
       "maxStep": 2
      }
     ]
    }
   }
  },
  "6": {
   "name": "Piste de course illuminée de Taikiyan",
   "type": 0,
   "maxRarity": 5,
   "iconPath": "3b438ea33367e1fb6962eb591dbfc66321ff191f4e2d781770a07fa3b9db4d5b",
   "baseTypeText": "Corde de liaison",
   "loreTitle": "Piste de course illuminée de Taikiyan",
   "miniLore": "Les pistes de course du Stade de Taikiyan sont généralement constituées d'une armature en métal recouverte de béton lisse et habillée d'un plancher en bois brut. Afin d'offrir aux spectateurs la meilleure visibilité possible, le stade est composé de nombreuses structures transparentes en polycarbonates offrant ainsi une vue dégagée depuis les gradins.",
   "lore": "Le Département des projets traditionnels a invité des experts sportifs du studio Paix Interastrale Entertainment afin qu'ils révisent les règles clandestines de Taikyian pour en faire un sport compétitif lucratif.<br /><br />Les experts en matériaux ont conçu une balle en métal à la pointe de la technologie de <nobr>35</nobr> centimètres de diamètre et de <nobr>30</nobr> kilogrammes pour satisfaire le cahier des charges. Il s'agit d'une balle mécanique fabriquée en fibres de carbone et en acier inoxydable qui réagit en permanence avec la flamme de phase, dont les mouvements irréguliers rendent chaque partie imprévisible. Les experts en équipement sportif ont ensuite conçu un dispositif de protection et de propulsion officiel spécialement pour les matchs de roboball, permettant ainsi aux sociétés sportives et médicales de montrer leur savoir-faire et d'assurer la sécurité lors des matchs, tout en garantissant des revenus constants.<br /><br />C'est ainsi que fut officiellement fondée la Fédération de roboball de Taikiyan, qui formula la version initiale des règles du jeu. C'est aussi à cette époque que le système de match à deux équipes de sept joueurs a été établi.<br /><br />Les architectes des pistes de la Guilde de l'intelligentsia ont conçu un concept de course sur une piste circulaire en trois dimensions d'une longueur standard de <nobr>2,91</nobr> kilomètres. Le tablier central de la piste s'étend sur 5 mètres de large, tandis que les parties latérales incurvées sont comprises entre 2 et <nobr>14</nobr> mètres de large. Les roboballeurs s'élancent en vol dans la même direction et doivent effectuer plusieurs tours sur la grande piste illuminée, accompagnés par le bruit des sifflements et des chocs. Selon les tests en cours, lors des courses à grande vitesse, les points lumineux se confondent dans la vision des roboballeurs pour former une arche lumineuse le long de la piste. Paix Interastrale Entertainment a convié de riches invités pour participer à la ligue de roboball, leur promettant la renommée que leur sport favori méritait. C'est ainsi que se formèrent les différents clubs de la ligue, qui assemblèrent leurs équipes en sélectionnant les joueurs les plus talentueux.<br /><br />Média pour la Paix Interastrale avait l'exclusivité sur les droits de diffusion. À l'aide des technologies de capteurs à très grande distance, il diffusa la compétition en direct aux quatre coins de la galaxie. Les sensations des roboballeurs ont également été enregistrées pendant les courses pour permettre aux téléspectateurs de ressentir depuis leurs canapés la vitesse, les chocs, les sifflements et les arches de lumière. Le vieux port de démantèlement a été rempli de bateaux-mouches, et d'une foule immense qui s'amassait dans les rues illuminées par l'éclairage public et les panneaux publicitaires, pour se déverser doucement mais sûrement dans le stade. Une fois assis dans les gradins, les spectateurs pouvaient admirer une multitude de bannières et de drapeau, et également profiter de mousse de malt, pulvérisée dans l'air du stade. Pendant ce temps, la piste attendait silencieusement sous les projecteurs.<br /><br />Cerné par les acclamations de la foule, le tout premier match pouvait commencer.",
   "rarityData": {
    "2": {
     "rarity": 2,
     "maxLevel": 6,
     "mainAffixes": [
      {
       "propertyName": "Effet de Rupture",
       "propertyIconPath": "2f652a2e091ec1a28dde16dfec5968a959804447eb99f746b6f2cba53dedfc2c",
       "isPercent": true,
       "baseValue": 0.041472,
       "levelAdd": 0.014515,
       "stepValue": 0,
       "maxStep": 0
      },
      {
       "propertyName": "Taux de régénération d'énergie",
       "propertyIconPath": "df0ae9e95d840930af96bf8a5ec1394e9a4525d176be753ab7d89a540dca82fc",
       "isPercent": true,
       "baseValue": 0.012442,
       "levelAdd": 0.0043550003,
       "stepValue": 0,
       "maxStep": 0
      },
      {
       "propertyName": "PV",
       "propertyIconPath": "9560c98da124f605af2e45c09f26a0b8ee24c3aa357b9701464d7c04adcd0da7",
       "isPercent": true,
       "baseValue": 0.027648,
       "levelAdd": 0.009677,
       "stepValue": 0,
       "maxStep": 0
      },
      {
       "propertyName": "ATQ",
       "propertyIconPath": "2d1ce81848ae3af0e819f7f98badde6930dd127f20a6d2686eb806bc963989d5",
       "isPercent": true,
       "baseValue": 0.027648,
       "levelAdd": 0.009677,
       "stepValue": 0,
       "maxStep": 0
      },
      {
       "propertyName": "DÉF",
       "propertyIconPath": "2077c52919d0f523755a4d92ce338874b71561611a436572d8eb315a34f4a4c2",
       "isPercent": true,
       "baseValue": 0.034560002,
       "levelAdd": 0.012096001,
       "stepValue": 0,
       "maxStep": 0
      }
     ],
     "subAffixes": [
      {
       "propertyName": "PV",
       "propertyIconPath": "9560c98da124f605af2e45c09f26a0b8ee24c3aa357b9701464d7c04adcd0da7",
       "isPercent": false,
       "baseValue": 13.548016,
       "levelAdd": 13.548016,
       "stepValue": 1.693502,
       "maxStep": 2
      },
      {
       "propertyName": "ATQ",
       "propertyIconPath": "2d1ce81848ae3af0e819f7f98badde6930dd127f20a6d2686eb806bc963989d5",
       "isPercent": false,
       "baseValue": 6.774008,
       "levelAdd": 6.774008,
       "stepValue": 0.846751,
       "maxStep": 2
      },
      {
       "propertyName": "DÉF",
       "propertyIconPath": "2077c52919d0f523755a4d92ce338874b71561611a436572d8eb315a34f4a4c2",
       "isPercent": false,
       "baseValue": 6.774008,
       "levelAdd": 6.774008,
       "stepValue": 0.846751,
       "maxStep": 2
      },
      {
       "propertyName": "PV",
       "propertyIconPath": "9560c98da124f605af2e45c09f26a0b8ee24c3aa357b9701464d7c04adcd0da7",
       "isPercent": true,
       "baseValue": 0.013824001,
       "levelAdd": 0.013824001,
       "stepValue": 0.0017280006,
       "maxStep": 2
      },
      {
       "propertyName": "ATQ",
       "propertyIconPath": "2d1ce81848ae3af0e819f7f98badde6930dd127f20a6d2686eb806bc963989d5",
       "isPercent": true,
       "baseValue": 0.013824001,
       "levelAdd": 0.013824001,
       "stepValue": 0.0017280006,
       "maxStep": 2
      },
      {
       "propertyName": "DÉF",
       "propertyIconPath": "2077c52919d0f523755a4d92ce338874b71561611a436572d8eb315a34f4a4c2",
       "isPercent": true,
       "baseValue": 0.017280001,
       "levelAdd": 0.017280001,
       "stepValue": 0.0021600004,
       "maxStep": 2
      },
      {
       "propertyName": "VIT",
       "propertyIconPath": "959ebc55a284ac83b29de4d97b3422772e372e53ff820bc9af972e0201aabe98",
       "isPercent": false,
       "baseValue": 1,
       "levelAdd": 1,
       "stepValue": 0.1,
       "maxStep": 2
      },
      {
       "propertyName": "Chances de coup critique",
       "propertyIconPath": "649d04ce090ec9e142d024138f54bf2e416362f48f452776826e5a4e8e26c028",
       "isPercent": true,
       "baseValue": 0.010368001,
       "levelAdd": 0.010368001,
       "stepValue": 0.0012960008,
       "maxStep": 2
      },
      {
       "propertyName": "DGT CRIT",
       "propertyIconPath": "70505c64ff7cb3df4a9faf76eb488438570422a20d9dd2f42225da1dd1c97648",
       "isPercent": true,
       "baseValue": 0.020736001,
       "levelAdd": 0.020736001,
       "stepValue": 0.0025920009,
       "maxStep": 2
      },
      {
       "propertyName": "Chances d'app. des effets",
       "propertyIconPath": "16e46edec660d897581a1ee77b95e61bafbc7a669f7e88ab6d27b9f23fa4bd49",
       "isPercent": true,
       "baseValue": 0.013824001,
       "levelAdd": 0.013824001,
       "stepValue": 0.0017280006,
       "maxStep": 2
      },
      {
       "propertyName": "RÉS aux effets",
       "propertyIconPath": "53050ffa2be01a99b930263f8c1b883e021e236827d23c7f2fafbd5d59f4a98d",
       "isPercent": true,
       "baseValue": 0.013824001,
       "levelAdd": 0.013824001,
       "stepValue": 0.0017280006,
       "maxStep": 2
      },
      {
       "propertyName": "Effet de Rupture",
       "propertyIconPath": "2f652a2e091ec1a28dde16dfec5968a959804447eb99f746b6f2cba53dedfc2c",
       "isPercent": true,
       "baseValue": 0.020736001,
       "levelAdd": 0.020736001,
       "stepValue": 0.0025920009,
       "maxStep": 2
      }
     ]
    },
    "3": {
     "rarity": 3,
     "maxLevel": 9,
     "mainAffixes": [
      {
       "propertyName": "Effet de Rupture",
       "propertyIconPath": "2f652a2e091ec1a28dde16dfec5968a959804447eb99f746b6f2cba53dedfc2c",
       "isPercent": true,
       "baseValue": 0.062208,
       "levelAdd": 0.021773001,
       "stepValue": 0,
       "maxStep": 0
      },
      {
       "propertyName": "Taux de régénération d'énergie",
       "propertyIconPath": "df0ae9e95d840930af96bf8a5ec1394e9a4525d176be753ab7d89a540dca82fc",
       "isPercent": true,
       "baseValue": 0.018662,
       "levelAdd": 0.0065320004,
       "stepValue": 0,
       "maxStep": 0
      },
      {
       "propertyName": "PV",
       "propertyIconPath": "9560c98da124f605af2e45c09f26a0b8ee24c3aa357b9701464d7c04adcd0da7",
       "isPercent": true,
       "baseValue": 0.041472,
       "levelAdd": 0.014515,
       "stepValue": 0,
       "maxStep": 0
      },
      {
       "propertyName": "ATQ",
       "propertyIconPath": "2d1ce81848ae3af0e819f7f98badde6930dd127f20a6d2686eb806bc963989d5",
       "isPercent": true,
       "baseValue": 0.041472,
       "levelAdd": 0.014515,
       "stepValue": 0,
       "maxStep": 0
      },
      {
       "propertyName": "DÉF",
       "propertyIconPath": "2077c52919d0f523755a4d92ce338874b71561611a436572d8eb315a34f4a4c2",
       "isPercent": true,
       "baseValue": 0.05184,
       "levelAdd": 0.018144,
       "stepValue": 0,
       "maxStep": 0
      }
     ],
     "subAffixes": [
      {
       "propertyName": "PV",
       "propertyIconPath": "9560c98da124f605af2e45c09f26a0b8ee24c3aa357b9701464d7c04adcd0da7",
       "isPercent": false,
       "baseValue": 20.322023,
       "levelAdd": 20.322023,
       "stepValue": 2.540253,
       "maxStep": 2
      },
      {
       "propertyName": "ATQ",
       "propertyIconPath": "2d1ce81848ae3af0e819f7f98badde6930dd127f20a6d2686eb806bc963989d5",
       "isPercent": false,
       "baseValue": 10.161012,
       "levelAdd": 10.161012,
       "stepValue": 1.270126,
       "maxStep": 2
      },
      {
       "propertyName": "DÉF",
       "propertyIconPath": "2077c52919d0f523755a4d92ce338874b71561611a436572d8eb315a34f4a4c2",
       "isPercent": false,
       "baseValue": 10.161012,
       "levelAdd": 10.161012,
       "stepValue": 1.270126,
       "maxStep": 2
      },
      {
       "propertyName": "PV",
       "propertyIconPath": "9560c98da124f605af2e45c09f26a0b8ee24c3aa357b9701464d7c04adcd0da7",
       "isPercent": true,
       "baseValue": 0.020736001,
       "levelAdd": 0.020736001,
       "stepValue": 0.0025920009,
       "maxStep": 2
      },
      {
       "propertyName": "ATQ",
       "propertyIconPath": "2d1ce81848ae3af0e819f7f98badde6930dd127f20a6d2686eb806bc963989d5",
       "isPercent": true,
       "baseValue": 0.020736001,
       "levelAdd": 0.020736001,
       "stepValue": 0.0025920009,
       "maxStep": 2
      },
      {
       "propertyName": "DÉF",
       "propertyIconPath": "2077c52919d0f523755a4d92ce338874b71561611a436572d8eb315a34f4a4c2",
       "isPercent": true,
       "baseValue": 0.02592,
       "levelAdd": 0.02592,
       "stepValue": 0.0032400002,
       "maxStep": 2
      },
      {
       "propertyName": "VIT",
       "propertyIconPath": "959ebc55a284ac83b29de4d97b3422772e372e53ff820bc9af972e0201aabe98",
       "isPercent": false,
       "baseValue": 1.2,
       "levelAdd": 1.2,
       "stepValue": 0.1,
       "maxStep": 2
      },
      {
       "propertyName": "Chances de coup critique",
       "propertyIconPath": "649d04ce090ec9e142d024138f54bf2e416362f48f452776826e5a4e8e26c028",
       "isPercent": true,
       "baseValue": 0.015552,
       "levelAdd": 0.015552,
       "stepValue": 0.0019440008,
       "maxStep": 2
      },
      {
       "propertyName": "DGT CRIT",
       "propertyIconPath": "70505c64ff7cb3df4a9faf76eb488438570422a20d9dd2f42225da1dd1c97648",
       "isPercent": true,
       "baseValue": 0.031104,
       "levelAdd": 0.031104,
       "stepValue": 0.003888001,
       "maxStep": 2
      },
      {
       "propertyName": "Chances d'app. des effets",
       "propertyIconPath": "16e46edec660d897581a1ee77b95e61bafbc7a669f7e88ab6d27b9f23fa4bd49",
       "isPercent": true,
       "baseValue": 0.020736001,
       "levelAdd": 0.020736001,
       "stepValue": 0.0025920009,
       "maxStep": 2
      },
      {
       "propertyName": "RÉS aux effets",
       "propertyIconPath": "53050ffa2be01a99b930263f8c1b883e021e236827d23c7f2fafbd5d59f4a98d",
       "isPercent": true,
       "baseValue": 0.020736001,
       "levelAdd": 0.020736001,
       "stepValue": 0.0025920009,
       "maxStep": 2
      },
      {
       "propertyName": "Effet de Rupture",
       "propertyIconPath": "2f652a2e091ec1a28dde16dfec5968a959804447eb99f746b6f2cba53dedfc2c",
       "isPercent": true,
       "baseValue": 0.031104,
       "levelAdd": 0.031104,
       "stepValue": 0.003888001,
       "maxStep": 2
      }
     ]
    },
    "4": {
     "rarity": 4,
     "maxLevel": 12,
     "mainAffixes": [
      {
       "propertyName": "Effet de Rupture",
       "propertyIconPath": "2f652a2e091ec1a28dde16dfec5968a959804447eb99f746b6f2cba53dedfc2c",
       "isPercent": true,
       "baseValue": 0.082944,
       "levelAdd": 0.029029999,
       "stepValue": 0,
       "maxStep": 0
      },
      {
       "propertyName": "Taux de régénération d'énergie",
       "propertyIconPath": "df0ae9e95d840930af96bf8a5ec1394e9a4525d176be753ab7d89a540dca82fc",
       "isPercent": true,
       "baseValue": 0.024883,
       "levelAdd": 0.008709,
       "stepValue": 0,
       "maxStep": 0
      },
      {
       "propertyName": "PV",
       "propertyIconPath": "9560c98da124f605af2e45c09f26a0b8ee24c3aa357b9701464d7c04adcd0da7",
       "isPercent": true,
       "baseValue": 0.055296,
       "levelAdd": 0.019354,
       "stepValue": 0,
       "maxStep": 0
      },
      {
       "propertyName": "ATQ",
       "propertyIconPath": "2d1ce81848ae3af0e819f7f98badde6930dd127f20a6d2686eb806bc963989d5",
       "isPercent": true,
       "baseValue": 0.055296,
       "levelAdd": 0.019354,
       "stepValue": 0,
       "maxStep": 0
      },
      {
       "propertyName": "DÉF",
       "propertyIconPath": "2077c52919d0f523755a4d92ce338874b71561611a436572d8eb315a34f4a4c2",
       "isPercent": true,
       "baseValue": 0.06912,
       "levelAdd": 0.024192,
       "stepValue": 0,
       "maxStep": 0
      }
     ],
     "subAffixes": [
      {
       "propertyName": "PV",
       "propertyIconPath": "9560c98da124f605af2e45c09f26a0b8ee24c3aa357b9701464d7c04adcd0da7",
       "isPercent": false,
       "baseValue": 27.096031,
       "levelAdd": 27.096031,
       "stepValue": 3.387004,
       "maxStep": 2
      },
      {
       "propertyName": "ATQ",
       "propertyIconPath": "2d1ce81848ae3af0e819f7f98badde6930dd127f20a6d2686eb806bc963989d5",
       "isPercent": false,
       "baseValue": 13.548016,
       "levelAdd": 13.548016,
       "stepValue": 1.693502,
       "maxStep": 2
      },
      {
       "propertyName": "DÉF",
       "propertyIconPath": "2077c52919d0f523755a4d92ce338874b71561611a436572d8eb315a34f4a4c2",
       "isPercent": false,
       "baseValue": 13.548016,
       "levelAdd": 13.548016,
       "stepValue": 1.693502,
       "maxStep": 2
      },
      {
       "propertyName": "PV",
       "propertyIconPath": "9560c98da124f605af2e45c09f26a0b8ee24c3aa357b9701464d7c04adcd0da7",
       "isPercent": true,
       "baseValue": 0.027648,
       "levelAdd": 0.027648,
       "stepValue": 0.0034560005,
       "maxStep": 2
      },
      {
       "propertyName": "ATQ",
       "propertyIconPath": "2d1ce81848ae3af0e819f7f98badde6930dd127f20a6d2686eb806bc963989d5",
       "isPercent": true,
       "baseValue": 0.027648,
       "levelAdd": 0.027648,
       "stepValue": 0.0034560005,
       "maxStep": 2
      },
      {
       "propertyName": "DÉF",
       "propertyIconPath": "2077c52919d0f523755a4d92ce338874b71561611a436572d8eb315a34f4a4c2",
       "isPercent": true,
       "baseValue": 0.034560002,
       "levelAdd": 0.034560002,
       "stepValue": 0.0043200003,
       "maxStep": 2
      },
      {
       "propertyName": "VIT",
       "propertyIconPath": "959ebc55a284ac83b29de4d97b3422772e372e53ff820bc9af972e0201aabe98",
       "isPercent": false,
       "baseValue": 1.6,
       "levelAdd": 1.6,
       "stepValue": 0.2,
       "maxStep": 2
      },
      {
       "propertyName": "Chances de coup critique",
       "propertyIconPath": "649d04ce090ec9e142d024138f54bf2e416362f48f452776826e5a4e8e26c028",
       "isPercent": true,
       "baseValue": 0.020736001,
       "levelAdd": 0.020736001,
       "stepValue": 0.0025920009,
       "maxStep": 2
      },
      {
       "propertyName": "DGT CRIT",
       "propertyIconPath": "70505c64ff7cb3df4a9faf76eb488438570422a20d9dd2f42225da1dd1c97648",
       "isPercent": true,
       "baseValue": 0.041472,
       "levelAdd": 0.041472,
       "stepValue": 0.0051840004,
       "maxStep": 2
      },
      {
       "propertyName": "Chances d'app. des effets",
       "propertyIconPath": "16e46edec660d897581a1ee77b95e61bafbc7a669f7e88ab6d27b9f23fa4bd49",
       "isPercent": true,
       "baseValue": 0.027648,
       "levelAdd": 0.027648,
       "stepValue": 0.0034560005,
       "maxStep": 2
      },
      {
       "propertyName": "RÉS aux effets",
       "propertyIconPath": "53050ffa2be01a99b930263f8c1b883e021e236827d23c7f2fafbd5d59f4a98d",
       "isPercent": true,
       "baseValue": 0.027648,
       "levelAdd": 0.027648,
       "stepValue": 0.0034560005,
       "maxStep": 2
      },
      {
       "propertyName": "Effet de Rupture",
       "propertyIconPath": "2f652a2e091ec1a28dde16dfec5968a959804447eb99f746b6f2cba53dedfc2c",
       "isPercent": true,
       "baseValue": 0.041472,
       "levelAdd": 0.041472,
       "stepValue": 0.0051840004,
       "maxStep": 2
      }
     ]
    },
    "5": {
     "rarity": 5,
     "maxLevel": 15,
     "mainAffixes": [
      {
       "propertyName": "Effet de Rupture",
       "propertyIconPath": "2f652a2e091ec1a28dde16dfec5968a959804447eb99f746b6f2cba53dedfc2c",
       "isPercent": true,
       "baseValue": 0.10368,
       "levelAdd": 0.036288,
       "stepValue": 0,
       "maxStep": 0
      },
      {
       "propertyName": "Taux de régénération d'énergie",
       "propertyIconPath": "df0ae9e95d840930af96bf8a5ec1394e9a4525d176be753ab7d89a540dca82fc",
       "isPercent": true,
       "baseValue": 0.031104,
       "levelAdd": 0.010886001,
       "stepValue": 0,
       "maxStep": 0
      },
      {
       "propertyName": "PV",
       "propertyIconPath": "9560c98da124f605af2e45c09f26a0b8ee24c3aa357b9701464d7c04adcd0da7",
       "isPercent": true,
       "baseValue": 0.06912,
       "levelAdd": 0.024192,
       "stepValue": 0,
       "maxStep": 0
      },
      {
       "propertyName": "ATQ",
       "propertyIconPath": "2d1ce81848ae3af0e819f7f98badde6930dd127f20a6d2686eb806bc963989d5",
       "isPercent": true,
       "baseValue": 0.06912,
       "levelAdd": 0.024192,
       "stepValue": 0,
       "maxStep": 0
      },
      {
       "propertyName": "DÉF",
       "propertyIconPath": "2077c52919d0f523755a4d92ce338874b71561611a436572d8eb315a34f4a4c2",
       "isPercent": true,
       "baseValue": 0.0864,
       "levelAdd": 0.030240001,
       "stepValue": 0,
       "maxStep": 0
      }
     ],
     "subAffixes": [
      {
       "propertyName": "PV",
       "propertyIconPath": "9560c98da124f605af2e45c09f26a0b8ee24c3aa357b9701464d7c04adcd0da7",
       "isPercent": false,
       "baseValue": 33.87004,
       "levelAdd": 33.87004,
       "stepValue": 4.233755,
       "maxStep": 2
      },
      {
       "propertyName": "ATQ",
       "propertyIconPath": "2d1ce81848ae3af0e819f7f98badde6930dd127f20a6d2686eb806bc963989d5",
       "isPercent": false,
       "baseValue": 16.935019,
       "levelAdd": 16.935019,
       "stepValue": 2.116877,
       "maxStep": 2
      },
      {
       "propertyName": "DÉF",
       "propertyIconPath": "2077c52919d0f523755a4d92ce338874b71561611a436572d8eb315a34f4a4c2",
       "isPercent": false,
       "baseValue": 16.935019,
       "levelAdd": 16.935019,
       "stepValue": 2.116877,
       "maxStep": 2
      },
      {
       "propertyName": "PV",
       "propertyIconPath": "9560c98da124f605af2e45c09f26a0b8ee24c3aa357b9701464d7c04adcd0da7",
       "isPercent": true,
       "baseValue": 0.034560002,
       "levelAdd": 0.034560002,
       "stepValue": 0.0043200003,
       "maxStep": 2
      },
      {
       "propertyName": "ATQ",
       "propertyIconPath": "2d1ce81848ae3af0e819f7f98badde6930dd127f20a6d2686eb806bc963989d5",
       "isPercent": true,
       "baseValue": 0.034560002,
       "levelAdd": 0.034560002,
       "stepValue": 0.0043200003,
       "maxStep": 2
      },
      {
       "propertyName": "DÉF",
       "propertyIconPath": "2077c52919d0f523755a4d92ce338874b71561611a436572d8eb315a34f4a4c2",
       "isPercent": true,
       "baseValue": 0.0432,
       "levelAdd": 0.0432,
       "stepValue": 0.0054,
       "maxStep": 2
      },
      {
       "propertyName": "VIT",
       "propertyIconPath": "959ebc55a284ac83b29de4d97b3422772e372e53ff820bc9af972e0201aabe98",
       "isPercent": false,
       "baseValue": 2,
       "levelAdd": 2,
       "stepValue": 0.3,
       "maxStep": 2
      },
      {
       "propertyName": "Chances de coup critique",
       "propertyIconPath": "649d04ce090ec9e142d024138f54bf2e416362f48f452776826e5a4e8e26c028",
       "isPercent": true,
       "baseValue": 0.02592,
       "levelAdd": 0.02592,
       "stepValue": 0.0032400002,
       "maxStep": 2
      },
      {
       "propertyName": "DGT CRIT",
       "propertyIconPath": "70505c64ff7cb3df4a9faf76eb488438570422a20d9dd2f42225da1dd1c97648",
       "isPercent": true,
       "baseValue": 0.05184,
       "levelAdd": 0.05184,
       "stepValue": 0.0064800004,
       "maxStep": 2
      },
      {
       "propertyName": "Chances d'app. des effets",
       "propertyIconPath": "16e46edec660d897581a1ee77b95e61bafbc7a669f7e88ab6d27b9f23fa4bd49",
       "isPercent": true,
       "baseValue": 0.034560002,
       "levelAdd": 0.034560002,
       "stepValue": 0.0043200003,
       "maxStep": 2
      },
      {
       "propertyName": "RÉS aux effets",
       "propertyIconPath": "53050ffa2be01a99b930263f8c1b883e021e236827d23c7f2fafbd5d59f4a98d",
       "isPercent": true,
       "baseValue": 0.034560002,
       "levelAdd": 0.034560002,
       "stepValue": 0.0043200003,
       "maxStep": 2
      },
      {
       "propertyName": "Effet de Rupture",
       "propertyIconPath": "2f652a2e091ec1a28dde16dfec5968a959804447eb99f746b6f2cba53dedfc2c",
       "isPercent": true,
       "baseValue": 0.05184,
       "levelAdd": 0.05184,
       "stepValue": 0.0064800004,
       "maxStep": 2
      }
     ]
    }
   }
  }
 },
 "pageId": "309"
}