{
 "name": "피의 불꽃이여, 앞길을 태워라",
 "rarity": 5,
 "descHash": "차가운 이슬이 칼끝에 맺히고, 칼을 타고 떨어지면서 핏빛 흔적을 남긴다.<br />녹슨향이 나는 황야 속, 격전으로 불타오른 불길이 여전히 잿더미 위에서 춤을 추고 있다.<br /><br />「마이데이모스 님, 방금 그 전투는 마치 신과도 같았어요!」<br />윗옷을 벗은 전사는 무기를 닦으며 흥분한 채 외쳤다.<br /><br />「마이데이 님, 앞으로 저도 마이데이 님처럼 백전백승할래요!」<br />아이는 부러진 검을 쥔 채, 존경심에 찬 눈빛으로 그를 바라보았다.<br /><br />「왕세자님, 크렘노스로 돌아갈 날이 얼마 남지 않았습니다」<br />오랜 세월을 겪은 노인이 웃으며 술잔을 들고 그에게 인사를 올렸다.<br /><br />그는 고개를 끄덕이고는, 계속 야영지 경계선으로 향했다.<br />환생의 고통이 여전히 피부 위를 휘저었다. 내일, 그는 크렘노스 고군을 이끌고 다시 타지로 떠날 것이다.<br />언제까지 정처 없이 떠돌아다닐지 알 수 없었으나, 그가 확신할 수 있는 건 피의 불꽃이 전부 타버릴 때까지 왕의 책임을 짊어지리라는 것이다.<br /><br />밤이 점점 더 깊어지자, 그는 홀로 피의 술을 들이켰고, 지나가는 음유시인이 현을 울리자 불안정한 노랫소리가 허공에 울려 퍼졌다——<br />「고향은 꿈의 땅이지, 닿을 수 있는 곳이 아니야」",
 "iconPath": "5bffdcf33abc58f6c3259ae14eb621b2e0980c451fad8dd86267865b2ef1a553",
 "artPath": "2a9003a0e07f0d2bd07abb72c7d403d86e7099c272bfd45c595856f3932dd9f7",
 "artPlaceholder": {
  "w": 0,
  "h": 0
 },
 "mediumIconPath": "1fe95a71029a6e12cbc8f7dbe83acd1234a20b885a693cd81da087e4c67cc6e9",
 "baseType": {
  "id": 0,
  "iconPath": "8f21eb57a307c75c1d2367bd3a5d01cdea7db6178a1c5570a6143e3229ca54ee",
  "color": "#FFFFFF",
  "name": "파멸",
  "rarity": 0
 },
 "baseTypeId": 0,
 "itemReferences": {
  "29328": {
   "id": 29328,
   "type": 101,
   "purposeId": 11,
   "iconPath": "662fc7ab4bcd2e14d5f4185738f92c3d4e5051f6a6af0fbcafcb08310c579372",
   "name": "신용 포인트",
   "desc": "스타피스 컴퍼니가 고객과 결산을 위해 사용하던 화폐. 오늘날 우주여행에 널리 쓰이는 경화가 되었다",
   "lore": "「사람들이 그저 단말 장치에 표시된 숫자를 위해 분주히 뛰고, 싸우고, 거래한다. 하지만 정작 정말로 소중한 것은 컴퍼니의 숫자로 살 수 없다」",
   "purpose": "통용 화폐",
   "rarity": 3,
   "rewardPath": "/material/29328",
   "comeFrom": [
    "모조 꽃받침 [큰 광산구역]",
    "모조 꽃받침 [공조사]",
    "모조 꽃받침 [「레버리」 호텔-꿈세계]",
    "모조 꽃받침 [「잠꼬대의 밀림」 깨달음의 나무 정원]",
    "임무 보상",
    "의뢰 보상",
    "잔화 교환"
   ]
  },
  "635680": {
   "id": 635680,
   "type": 601,
   "purposeId": 3,
   "iconPath": "830c4cbe2f90103ae590fcb4c72c62d3fc6f645ef3483335f0b033d813fd83ca",
   "name": "보리인의 송곳니",
   "desc": "보리인이 출정할 때 남긴 부서진 이빨. <span style=\"display: inline-block; color: #f29e38ff; font-weight:bold;\">파멸</span> 캐릭터의 운명의 길 행적이 소폭 상승한다",
   "lore": "보리인은 날카로운 이빨을 예리한 칼날로 삼는다.<br />보리인은 강한 힘을 가진 전사를 숭배한다. 약육강식의 「사냥단 부락」에서 썩은 이빨은 버림받을 뿐이다.<br /><br />「소부님, 저희에게 날카로운 송곳니와 발톱을 내려주소서」",
   "purpose": "행적 재료<br />광추 승급 재료",
   "rarity": 2,
   "rewardPath": "/material/635680",
   "comeFrom": [
    "모조 꽃받침 [인연경]",
    "잔화 교환",
    "「만능 합성기」- 재료 치환"
   ]
  },
  "694487": {
   "id": 694487,
   "type": 601,
   "purposeId": 5,
   "iconPath": "a1cd1a65d901ad489a28a318391503fe2e70453747f877afe7afda933a39622b",
   "name": "정제한 에테르",
   "desc": "광추 강화 재료. 광추 경험치를 <nobr>6,000</nobr>pt 획득한다",
   "lore": "특수한 기술로 정제된 에테르 한 통.<br /><br />「기억의 정원은 과거의 영광을 재현하기를 간절히 바란다. 하지만 그것은 그들이 선택한 『과거의 영광』이다, 알겠는가?」",
   "purpose": "광추 경험치 재료",
   "rarity": 4,
   "rewardPath": "/material/694487",
   "comeFrom": [
    "모조 꽃받침 [변방 통로]",
    "모조 꽃받침 [태복사]",
    "모조 꽃받침 [어린아이의 꿈]",
    "모조 꽃받침 [「분쟁의 폐허」 크렘노스성]",
    "「망각의 정원」"
   ]
  },
  "694488": {
   "id": 694488,
   "type": 601,
   "purposeId": 5,
   "iconPath": "e63056837d7b387f59cbaafc907b941309bc98548ff00c6b483d9d053f0c93cc",
   "name": "응축한 에테르",
   "desc": "광추 강화 재료. 광추 경험치를 <nobr>2,000</nobr>pt 획득한다",
   "lore": "특수 기술로 정제한 에테르 한 병.<br /><br />「취급 주의, 파손 주의. 파손 또는 유출 시 ≪누출 재난 대응 매뉴얼≫ 제2장의 지시에 따라 대처하세요」",
   "purpose": "광추 경험치 재료",
   "rarity": 3,
   "rewardPath": "/material/694488",
   "comeFrom": [
    "모조 꽃받침 [변방 통로]",
    "모조 꽃받침 [태복사]",
    "모조 꽃받침 [어린아이의 꿈]",
    "모조 꽃받침 [「분쟁의 폐허」 크렘노스성]",
    "잔화 교환"
   ]
  },
  "694489": {
   "id": 694489,
   "type": 601,
   "purposeId": 5,
   "iconPath": "2f6dff811f4597c4f0b13baf74fa022a38c5c2f938e540b2a6b05a31c2973fa7",
   "name": "희박한 에테르",
   "desc": "광추 강화 재료. 광추 경험치를 <nobr>500</nobr>pt 획득한다",
   "lore": "현실에 존재하지 않는 가상의 매개체이자 광추 제작의 기본 재료.<br />이를 광추에 주입하면 그 속에 밀봉된 사상이 더욱 뚜렷해진다.<br /><br />「그렇구나, 기억의 정원의 『기억 물질』이 바로 이거였어. 그래서 기억하는 자가 기억을 가지고 우주를 여행할 수 있었던 거야」",
   "purpose": "광추 경험치 재료",
   "rarity": 2,
   "rewardPath": "/material/694489",
   "comeFrom": [
    "모조 꽃받침 [변방 통로]",
    "모조 꽃받침 [태복사]",
    "모조 꽃받침 [어린아이의 꿈]",
    "모조 꽃받침 [「분쟁의 폐허」 크렘노스성]",
    "의뢰 보상"
   ]
  },
  "836266": {
   "id": 836266,
   "type": 601,
   "purposeId": 3,
   "iconPath": "7798a1ea6caf6bf8ba0bca6935ec1a2a1a99d2ae3cf352b9704dd0570ea8bf91",
   "name": "달의 광기 이빨",
   "desc": "보리인이 출정할 때 남긴 무시무시한 긴 이빨. <span style=\"display: inline-block; color: #f29e38ff; font-weight:bold;\">파멸</span> 캐릭터의 운명의 길 행적이 대폭 상승한다",
   "lore": "보리인은 타고난 「달의 광기」로 신체를 강화한다.<br />전투광들은 놀라운 치유 능력을 가지고 있는데, 증식하는 뼈와 근육으로 핏빛 안갯속을 종횡무진한다.<br /><br />「소부님, 저희에게 신과 같은 힘을 허락하소서」",
   "purpose": "행적 재료<br />광추 승급 재료",
   "rarity": 4,
   "rewardPath": "/material/836266",
   "comeFrom": [
    "모조 꽃받침 [인연경]",
    "「만능 합성기」- 재료 합성",
    "「만능 합성기」- 재료 치환"
   ]
  },
  "920207": {
   "id": 920207,
   "type": 601,
   "purposeId": 3,
   "iconPath": "134fcb78ee639f1136abf8502044713adfad97efb3c06e1358c24fe3439481a9",
   "name": "늑대 독 송곳니",
   "desc": "보리인이 출정할 때 남긴 흡혈 송곳니. <span style=\"display: inline-block; color: #f29e38ff; font-weight:bold;\">파멸</span> 캐릭터의 운명의 길 행적이 중폭 상승한다",
   "lore": "보리인은 날카로운 이빨을 예리한 칼날로 삼는다.<br />보리인의 피에는 광적인 충동이 흐르고 있다. 늑대 독의 작용 아래 그들은 피를 마시며 적진을 뚫고 나아간다.<br /><br />「소부님, 저희에게 강철같은 근육과 뼈를 내려주소서」",
   "purpose": "행적 재료<br />광추 승급 재료",
   "rarity": 3,
   "rewardPath": "/material/920207",
   "comeFrom": [
    "모조 꽃받침 [인연경]",
    "「만능 합성기」- 재료 합성",
    "잔화 교환",
    "「만능 합성기」- 재료 치환"
   ]
  },
  "20170864": {
   "id": 20170864,
   "type": 601,
   "purposeId": 7,
   "iconPath": "d0c7c7f9f997cb0ede806d12e51f7bbfca2f8efb9ecbd2546aff0ab24a8a90dd",
   "name": "용기에 찢긴 가슴",
   "desc": "분쟁의 권속이 전사한 후 남은 조각. 강화에 필요한 일반 재료",
   "lore": "게으른 장군은 훈련을 시작하고, 세상을 등진 현자는 생각을 시작했다. 인간들이 신의 창조물을 파괴할 수 있다는 것을 깨닫자, 학살은 전쟁이 되었다.<br /><br />「공포는 용기를 조각하는 칼이다」",
   "purpose": "행적 재료<br />캐릭터 승급 재료",
   "rarity": 3,
   "rewardPath": "/material/20170864",
   "comeFrom": [
    "균형 레벨 Lv.2까지 돌파 후 티탄 권속 드랍",
    "균형 레벨 Lv.2까지 돌파 후 조석의 환수 드랍",
    "「만능 합성기」- 재료 합성",
    "「차분화 우주」 적 드랍",
    "「시뮬레이션 우주」 적 드랍",
    "「만능 합성기」- 재료 치환"
   ]
  },
  "20389475": {
   "id": 20389475,
   "type": 601,
   "purposeId": 7,
   "iconPath": "4248c4deac64679a25e9190920297cee99e492be38480008c348d5faa425a466",
   "name": "영광의 세례를 받은 육신",
   "desc": "분쟁의 권속의 신력으로 가득 찬 심장. 강화에 필요한 고급 재료",
   "lore": "태초에 사람들은 살기 위해 싸웠지만, 오늘날 어떤 사람은 죽기 위해 싸우며, 분쟁의 권속처럼 두려움이 없다. 크렘노스인들은 육신과 돌의 용사는 모두 같은 심장을 가졌을지도 모른다고 말한다——<br /><br />「안에서 흐르는 건 용기고, 이 심장의 이름은 영광이다」",
   "purpose": "행적 재료<br />캐릭터 승급 재료",
   "rarity": 4,
   "rewardPath": "/material/20389475",
   "comeFrom": [
    "균형 레벨 Lv.4까지 돌파 후 티탄 권속 드랍",
    "균형 레벨 Lv.4까지 돌파 후 조석의 환수 드랍",
    "「만능 합성기」- 재료 합성",
    "「차분화 우주」 적 드랍",
    "「시뮬레이션 우주」 적 드랍",
    "「만능 합성기」- 재료 치환"
   ]
  },
  "20445700": {
   "id": 20445700,
   "type": 601,
   "purposeId": 7,
   "iconPath": "57fb73d5a5481d898d7901a6639f9061749101e2b47ded8580cb2ad476407aed",
   "name": "공포에 짓밟힌 육신",
   "desc": "분쟁의 권속을 구성하는 먼지. 강화에 필요한 기본 재료",
   "lore": "죽음의 물결이 천지를 뒤덮고, 증오와 분노의 거인이 저승의 강에 발을 딛는다. 견고한 돌로 조각된 군단 앞에 누구나 두려움에 휩싸이고, 누구나 굴복한다.<br /><br />「살육은 공포의 석재다」",
   "purpose": "행적 재료<br />캐릭터 승급 재료",
   "rarity": 2,
   "rewardPath": "/material/20445700",
   "comeFrom": [
    "티탄 권속 드랍",
    "조석의 환수 드랍",
    "「차분화 우주」 적 드랍",
    "「시뮬레이션 우주」 적 드랍",
    "의뢰 보상",
    "잔화 교환",
    "「만능 합성기」- 재료 치환",
    "모조 꽃받침(금)"
   ]
  }
 },
 "levelData": [
  {
   "promotion": 0,
   "maxLevel": 20,
   "cost": [
    {
     "id": 29328,
     "count": 5000
    },
    {
     "id": 20445700,
     "count": 8
    }
   ],
   "attackBase": 21.6,
   "attackAdd": 3.24,
   "hpBase": 62.4,
   "hpAdd": 9.36,
   "defenseBase": 18,
   "defenseAdd": 2.7
  },
  {
   "promotion": 1,
   "maxLevel": 30,
   "cost": [
    {
     "id": 29328,
     "count": 10000
    },
    {
     "id": 635680,
     "count": 4
    },
    {
     "id": 20445700,
     "count": 12
    }
   ],
   "attackBase": 47.52,
   "attackAdd": 3.24,
   "hpBase": 137.28,
   "hpAdd": 9.36,
   "defenseBase": 39.6,
   "defenseAdd": 2.7
  },
  {
   "promotion": 2,
   "maxLevel": 40,
   "cost": [
    {
     "id": 29328,
     "count": 20000
    },
    {
     "id": 920207,
     "count": 4
    },
    {
     "id": 20170864,
     "count": 8
    }
   ],
   "attackBase": 82.08,
   "attackAdd": 3.24,
   "hpBase": 237.12,
   "hpAdd": 9.36,
   "defenseBase": 68.4,
   "defenseAdd": 2.7
  },
  {
   "promotion": 3,
   "maxLevel": 50,
   "cost": [
    {
     "id": 29328,
     "count": 50000
    },
    {
     "id": 920207,
     "count": 8
    },
    {
     "id": 20170864,
     "count": 12
    }
   ],
   "attackBase": 116.64,
   "attackAdd": 3.24,
   "hpBase": 336.96,
   "hpAdd": 9.36,
   "defenseBase": 97.2,
   "defenseAdd": 2.7
  },
  {
   "promotion": 4,
   "maxLevel": 60,
   "cost": [
    {
     "id": 29328,
     "count": 100000
    },
    {
     "id": 836266,
     "count": 5
    },
    {
     "id": 20389475,
     "count": 6
    }
   ],
   "attackBase": 151.2,
   "attackAdd": 3.24,
   "hpBase": 436.8,
   "hpAdd": 9.36,
   "defenseBase": 126,
   "defenseAdd": 2.7
  },
  {
   "promotion": 5,
   "maxLevel": 70,
   "cost": [
    {
     "id": 29328,
     "count": 200000
    },
    {
     "id": 836266,
     "count": 10
    },
    {
     "id": 20389475,
     "count": 8
    }
   ],
   "attackBase": 185.76,
   "attackAdd": 3.24,
   "hpBase": 536.64,
   "hpAdd": 9.36,
   "defenseBase": 154.8,
   "defenseAdd": 2.7
  },
  {
   "promotion": 6,
   "maxLevel": 80,
   "cost": [],
   "attackBase": 220.32,
   "attackAdd": 3.24,
   "hpBase": 636.48,
   "hpAdd": 9.36,
   "defenseBase": 183.6,
   "defenseAdd": 2.7
  }
 ],
 "skill": {
  "id": 23039,
  "name": "조망",
  "descHash": "장착한 캐릭터의 HP 최대치가 <span style=\"display: inline-block; color: #f29e38ff; font-weight:bold;\"><nobr>#1[i]%</nobr></span> 증가하고, 받는 치유량이 <span style=\"display: inline-block; color: #f29e38ff; font-weight:bold;\"><nobr>#6[i]%</nobr></span> 증가한다. 전투 스킬 또는 필살기 발동 시 자신의 HP 최대치의 <span style=\"display: inline-block; color: #f29e38ff; font-weight:bold;\"><nobr>#2[f1]%</nobr></span>만큼 HP를 소모해 이번 공격으로 가하는 피해를 <span style=\"display: inline-block; color: #f29e38ff; font-weight:bold;\"><nobr>#3[i]%</nobr></span> 증가시킨다. 해당 효과로 소모된 HP가 <nobr>#4[i]</nobr>pt보다 높을 경우 피해가 추가로 <span style=\"display: inline-block; color: #f29e38ff; font-weight:bold;\"><nobr>#5[i]%</nobr></span> 증가한다.<br />현재 HP가 부족하면 해당 효과는 장착한 캐릭터의 현재 HP를 최대 1pt까지 감소시킨다",
  "levelData": [
   {
    "params": [
     0.18,
     0.06,
     0.3,
     500,
     0.3,
     0.2
    ],
    "level": 1,
    "levelReq": 0,
    "promotionReq": 0,
    "cost": []
   },
   {
    "params": [
     0.21,
     0.065,
     0.35,
     500,
     0.35,
     0.25
    ],
    "level": 2,
    "levelReq": 0,
    "promotionReq": 0,
    "cost": []
   },
   {
    "params": [
     0.24,
     0.07,
     0.4,
     500,
     0.4,
     0.3
    ],
    "level": 3,
    "levelReq": 0,
    "promotionReq": 0,
    "cost": []
   },
   {
    "params": [
     0.27,
     0.075,
     0.45,
     500,
     0.45,
     0.35
    ],
    "level": 4,
    "levelReq": 0,
    "promotionReq": 0,
    "cost": []
   },
   {
    "params": [
     0.3,
     0.08,
     0.5,
     500,
     0.5,
     0.4
    ],
    "level": 5,
    "levelReq": 0,
    "promotionReq": 0,
    "cost": []
   }
  ]
 },
 "calculator": {
  "expCost": {
   "1": 60,
   "2": 100,
   "3": 170,
   "4": 260,
   "5": 370,
   "6": 500,
   "7": 640,
   "8": 800,
   "9": 970,
   "10": 1160,
   "11": 1360,
   "12": 1580,
   "13": 1820,
   "14": 2060,
   "15": 2320,
   "16": 2600,
   "17": 2880,
   "18": 3180,
   "19": 3490,
   "20": 3620,
   "21": 3760,
   "22": 3910,
   "23": 4050,
   "24": 4200,
   "25": 4360,
   "26": 4510,
   "27": 4670,
   "28": 4830,
   "29": 4990,
   "30": 5160,
   "31": 5330,
   "32": 5500,
   "33": 5670,
   "34": 5850,
   "35": 6030,
   "36": 6210,
   "37": 6390,
   "38": 6580,
   "39": 6760,
   "40": 6950,
   "41": 7630,
   "42": 8060,
   "43": 8510,
   "44": 8970,
   "45": 9440,
   "46": 9910,
   "47": 10390,
   "48": 10890,
   "49": 11390,
   "50": 11900,
   "51": 12420,
   "52": 12940,
   "53": 13480,
   "54": 14020,
   "55": 14580,
   "56": 15140,
   "57": 15710,
   "58": 16290,
   "59": 16880,
   "60": 17470,
   "61": 18290,
   "62": 19270,
   "63": 20260,
   "64": 21260,
   "65": 22290,
   "66": 23320,
   "67": 24370,
   "68": 25440,
   "69": 26520,
   "70": 27620,
   "71": 30810,
   "72": 33710,
   "73": 36660,
   "74": 39650,
   "75": 42680,
   "76": 45750,
   "77": 48870,
   "78": 52030,
   "79": 55230,
   "80": 0
  },
  "expItemConfig": {
   "500": {
    "itemId": 694489,
    "cost": 250
   },
   "2000": {
    "itemId": 694488,
    "cost": 1000
   },
   "6000": {
    "itemId": 694487,
    "cost": 3000
   }
  },
  "sCoinId": 29328
 },
 "pageId": "23039"
}