{
 "name": "Русалка, затопленные берега",
 "iconPath": "db674fd0f1b97c0f64587340330da41ac1b55330822443c6452be5f5c072ab21",
 "artPath": "a222f8214f4be4277c462e49cf2eb89cd036ae8504d48ad8e676f82a71f90fef",
 "rarity": 5,
 "relicType": 0,
 "embeddedBaseTypes": {
  "0": {
   "id": 0,
   "iconPath": "41072ca3899477a962f134868e1fa9e70dccfb48858da4ba0f0240284789aaef",
   "color": "#FFFFFF",
   "name": "",
   "rarity": 0
  },
  "1": {
   "id": 1,
   "iconPath": "adc5e9134f1305bc6fce9540aa715f3a126bf8c692f884f179c30f4a77c23517",
   "color": "#FFFFFF",
   "name": "Голова",
   "rarity": 0
  },
  "2": {
   "id": 2,
   "iconPath": "881cc71c4ba36330e78afd8048fcb12d871fed11643cf88ed0ec35baa2dc4448",
   "color": "#FFFFFF",
   "name": "Руки",
   "rarity": 0
  },
  "3": {
   "id": 3,
   "iconPath": "69a915b7e71818ce9045d15909d068e17b0eb55b521de61e2b6beae81aaad69d",
   "color": "#FFFFFF",
   "name": "Тело",
   "rarity": 0
  },
  "4": {
   "id": 4,
   "iconPath": "4e3a373adf26de8bf6a014d20c60673e492edb4e0c42eb41c4fdd0e1ee76be18",
   "color": "#FFFFFF",
   "name": "Ноги",
   "rarity": 0
  },
  "5": {
   "id": 5,
   "iconPath": "4d5bdc016d963c74451bbfd89499fb09b38187b832b78f9e370059491a889144",
   "color": "#FFFFFF",
   "name": "Планарная сфера",
   "rarity": 0
  },
  "6": {
   "id": 6,
   "iconPath": "6480632e5e286318196c11d1b3a878c0ca0491dbda41d1e795a50570f18426eb",
   "color": "#FFFFFF",
   "name": "Соединительная вязь",
   "rarity": 0
  }
 },
 "skills": [
  {
   "useNum": 2,
   "desc": "Повышает скорость восстановления энергии владельца на <nobr>#1[i]%</nobr>. Если владелец не находится на первом месте в отряде, то сила атаки персонажа, находящегося на первом месте в отряде, повышается на <nobr>#2[i]%</nobr>.",
   "params": [
    0.05,
    0.12
   ]
  }
 ],
 "pieces": {
  "5": {
   "name": "Подводная столица Русалки",
   "type": 0,
   "maxRarity": 5,
   "iconPath": "578f5eff8a5d3a74a9ea975384dd9892535d2a631b3d9e20053c7dce4cf9c816",
   "baseTypeText": "Планарная сфера",
   "loreTitle": "Подводная столица Русалки",
   "miniLore": "Внутри запечатан затопленный город океанического мира Русалка. Уровень моря здесь непрестанно повышался, пока город не оказался под водой. Только огромный корабль с командой на борту остался бороздить морские просторы.",
   "lore": "Среди пересыхающих планет звёздной системы Пршемир Русалка выделяется своей чистой синевой. Её воды могут быть подобны колыбели и дарить жизнь мириадам существ, а могут загонять в тупик, заманивать и брать в плен... не оставляя и шанса на побег.<br /><br />В рассветные часы старший помощник тихо открывает двери капитанской рубки. Стены каюты увешаны картами тридцати семи островов в память о времени до того, как с неба, будто по какой-то своей прихоти, упал метеорит, накрыв всю Русалку океаническим полотном. Яростные волны захлестнули сушу, оставляя лишь необозримые лазурные просторы... Помощник будит крепко спящего капитана. Морская гладь подёрнулась золотыми бликами, знаменуя начало нового дня их плавания.<br /><br />Корабль доплывает до центра площади и отправляет якорь в сторону огромного здания, где раньше располагались торговые ряды. Он цепляется за оконный карниз, вспугивая плавающие среди стеллажей бесчисленные стаи рыб, стремящихся исчезнуть до появления водолазного колокола.<br /><br />После полудня из водолазного колокола выбираются учёные. Они проплывают мимо книжного магазина, не задерживаясь, ведь напечатанные буквы уже не разобрать - их давно размыла вода. Целью учёных всегда были лаковые и пластиковые носители, с которых после очищения легко добыть информацию о былых днях. Подобные глубоководные экспедиции были опасным делом, поэтому чистильщики вооружались алебардами и были всегда готовы дать отпор острозубым хищникам. Иногда они сталкивались с морскими духами, однако люди и духи мало интересовали друг друга, и занимались каждый своим делом. Чистильщиков больше интересовали семена, специи и напитки, чем старые консервы.<br /><br />Когда запасы кислорода подходят к концу, интенсивные подводные изыскания завершаются. Оглянувшись, можно увидеть, как в город заплывают гигантские скумбрии, заставляя водных духов от страха жаться к стенам и прятаться в комнатах. Они уже научились выживать в этих стальных джунглях.<br /><br />Вечером после дождя на корабле прозвучал свисток, разгоняющий крадущих рыбу птиц. Команда расположила свежий улов на палубе, чтобы каждый мог взять то, что ему нужно. В бурлящей абиссальными течениями ночи сияет башня света. Обитатели корабля отплясывают вокруг горящей мачты, позабыв о завтрашнем дне, и поют корабельные песни, прославляющие их морское настоящее и оплакивающие бравое прошлое. Капитан достаёт компас и смотрит в том направлении, куда указывает стрелка. Он знает, что там родина, постепенно становящаяся всё менее знакомой, и те, кто ждут возвращения родных.<br /><br />В полночь на корабле тушат фонари, и он безмятежно дрейфует на морских волнах. Неужели им правда удалось добиться мирной жизни? Или за улыбками кроются слёзы, что бесследно растворяются в морской пучине?<br /><br />Пройдёт ночь, а морская лазурь так и останется неизменной.",
   "rarityData": {
    "2": {
     "rarity": 2,
     "maxLevel": 6,
     "mainAffixes": [
      {
       "propertyName": "НР",
       "propertyIconPath": "9560c98da124f605af2e45c09f26a0b8ee24c3aa357b9701464d7c04adcd0da7",
       "isPercent": true,
       "baseValue": 0.027648,
       "levelAdd": 0.009677,
       "stepValue": 0,
       "maxStep": 0
      },
      {
       "propertyName": "Сила атаки",
       "propertyIconPath": "2d1ce81848ae3af0e819f7f98badde6930dd127f20a6d2686eb806bc963989d5",
       "isPercent": true,
       "baseValue": 0.027648,
       "levelAdd": 0.009677,
       "stepValue": 0,
       "maxStep": 0
      },
      {
       "propertyName": "Защита",
       "propertyIconPath": "2077c52919d0f523755a4d92ce338874b71561611a436572d8eb315a34f4a4c2",
       "isPercent": true,
       "baseValue": 0.034560002,
       "levelAdd": 0.012096001,
       "stepValue": 0,
       "maxStep": 0
      },
      {
       "propertyName": "Бонус физ. урона",
       "propertyIconPath": "cabfca0b70c2eecf82043ceb1819f7ca57b7bd5ec9297733cb2a48346a42ec75",
       "isPercent": true,
       "baseValue": 0.024883,
       "levelAdd": 0.008709,
       "stepValue": 0,
       "maxStep": 0
      },
      {
       "propertyName": "Бонус огн. урона",
       "propertyIconPath": "f124a2e51d1d9692f17baff23eca48074f9a349128b90924102dfa77114eb98a",
       "isPercent": true,
       "baseValue": 0.024883,
       "levelAdd": 0.008709,
       "stepValue": 0,
       "maxStep": 0
      },
      {
       "propertyName": "Бонус лед. урона",
       "propertyIconPath": "4f595a21ec0e5b7a2e90e4d4dce82ebbc0c0e7ce3cbd10d38c93547a05c21e5f",
       "isPercent": true,
       "baseValue": 0.024883,
       "levelAdd": 0.008709,
       "stepValue": 0,
       "maxStep": 0
      },
      {
       "propertyName": "Бонус элек. урона",
       "propertyIconPath": "9cfbb52c7e12da9c27404c412ae07eb239bca41af4f7da91f6cca91549684fdc",
       "isPercent": true,
       "baseValue": 0.024883,
       "levelAdd": 0.008709,
       "stepValue": 0,
       "maxStep": 0
      },
      {
       "propertyName": "Бонус ветр. урона",
       "propertyIconPath": "13f176b2c801b7bf67d76f1de4a996acd18bbf26ea89b3035877973d037337e4",
       "isPercent": true,
       "baseValue": 0.024883,
       "levelAdd": 0.008709,
       "stepValue": 0,
       "maxStep": 0
      },
      {
       "propertyName": "Бонус квант. урона",
       "propertyIconPath": "d80c1a4fb5085eb81b10136cf5078d87066fb0c6471e0ad6fbaae0e8a7343c10",
       "isPercent": true,
       "baseValue": 0.024883,
       "levelAdd": 0.008709,
       "stepValue": 0,
       "maxStep": 0
      },
      {
       "propertyName": "Бонус мним. урона",
       "propertyIconPath": "2be6fe6f4073cb1ff6a2f624baf6f8aee605371d6bcc0cf0ed25811dba044845",
       "isPercent": true,
       "baseValue": 0.024883,
       "levelAdd": 0.008709,
       "stepValue": 0,
       "maxStep": 0
      }
     ],
     "subAffixes": [
      {
       "propertyName": "НР",
       "propertyIconPath": "9560c98da124f605af2e45c09f26a0b8ee24c3aa357b9701464d7c04adcd0da7",
       "isPercent": false,
       "baseValue": 13.548016,
       "levelAdd": 13.548016,
       "stepValue": 1.693502,
       "maxStep": 2
      },
      {
       "propertyName": "Сила атаки",
       "propertyIconPath": "2d1ce81848ae3af0e819f7f98badde6930dd127f20a6d2686eb806bc963989d5",
       "isPercent": false,
       "baseValue": 6.774008,
       "levelAdd": 6.774008,
       "stepValue": 0.846751,
       "maxStep": 2
      },
      {
       "propertyName": "Защита",
       "propertyIconPath": "2077c52919d0f523755a4d92ce338874b71561611a436572d8eb315a34f4a4c2",
       "isPercent": false,
       "baseValue": 6.774008,
       "levelAdd": 6.774008,
       "stepValue": 0.846751,
       "maxStep": 2
      },
      {
       "propertyName": "НР",
       "propertyIconPath": "9560c98da124f605af2e45c09f26a0b8ee24c3aa357b9701464d7c04adcd0da7",
       "isPercent": true,
       "baseValue": 0.013824001,
       "levelAdd": 0.013824001,
       "stepValue": 0.0017280006,
       "maxStep": 2
      },
      {
       "propertyName": "Сила атаки",
       "propertyIconPath": "2d1ce81848ae3af0e819f7f98badde6930dd127f20a6d2686eb806bc963989d5",
       "isPercent": true,
       "baseValue": 0.013824001,
       "levelAdd": 0.013824001,
       "stepValue": 0.0017280006,
       "maxStep": 2
      },
      {
       "propertyName": "Защита",
       "propertyIconPath": "2077c52919d0f523755a4d92ce338874b71561611a436572d8eb315a34f4a4c2",
       "isPercent": true,
       "baseValue": 0.017280001,
       "levelAdd": 0.017280001,
       "stepValue": 0.0021600004,
       "maxStep": 2
      },
      {
       "propertyName": "Скорость",
       "propertyIconPath": "959ebc55a284ac83b29de4d97b3422772e372e53ff820bc9af972e0201aabe98",
       "isPercent": false,
       "baseValue": 1,
       "levelAdd": 1,
       "stepValue": 0.1,
       "maxStep": 2
      },
      {
       "propertyName": "Крит. шанс",
       "propertyIconPath": "649d04ce090ec9e142d024138f54bf2e416362f48f452776826e5a4e8e26c028",
       "isPercent": true,
       "baseValue": 0.010368001,
       "levelAdd": 0.010368001,
       "stepValue": 0.0012960008,
       "maxStep": 2
      },
      {
       "propertyName": "Крит. урон",
       "propertyIconPath": "70505c64ff7cb3df4a9faf76eb488438570422a20d9dd2f42225da1dd1c97648",
       "isPercent": true,
       "baseValue": 0.020736001,
       "levelAdd": 0.020736001,
       "stepValue": 0.0025920009,
       "maxStep": 2
      },
      {
       "propertyName": "Шанс попадания эффектов",
       "propertyIconPath": "16e46edec660d897581a1ee77b95e61bafbc7a669f7e88ab6d27b9f23fa4bd49",
       "isPercent": true,
       "baseValue": 0.013824001,
       "levelAdd": 0.013824001,
       "stepValue": 0.0017280006,
       "maxStep": 2
      },
      {
       "propertyName": "Сопротивление эффектам",
       "propertyIconPath": "53050ffa2be01a99b930263f8c1b883e021e236827d23c7f2fafbd5d59f4a98d",
       "isPercent": true,
       "baseValue": 0.013824001,
       "levelAdd": 0.013824001,
       "stepValue": 0.0017280006,
       "maxStep": 2
      },
      {
       "propertyName": "Эффект пробития",
       "propertyIconPath": "2f652a2e091ec1a28dde16dfec5968a959804447eb99f746b6f2cba53dedfc2c",
       "isPercent": true,
       "baseValue": 0.020736001,
       "levelAdd": 0.020736001,
       "stepValue": 0.0025920009,
       "maxStep": 2
      }
     ]
    },
    "3": {
     "rarity": 3,
     "maxLevel": 9,
     "mainAffixes": [
      {
       "propertyName": "НР",
       "propertyIconPath": "9560c98da124f605af2e45c09f26a0b8ee24c3aa357b9701464d7c04adcd0da7",
       "isPercent": true,
       "baseValue": 0.041472,
       "levelAdd": 0.014515,
       "stepValue": 0,
       "maxStep": 0
      },
      {
       "propertyName": "Сила атаки",
       "propertyIconPath": "2d1ce81848ae3af0e819f7f98badde6930dd127f20a6d2686eb806bc963989d5",
       "isPercent": true,
       "baseValue": 0.041472,
       "levelAdd": 0.014515,
       "stepValue": 0,
       "maxStep": 0
      },
      {
       "propertyName": "Защита",
       "propertyIconPath": "2077c52919d0f523755a4d92ce338874b71561611a436572d8eb315a34f4a4c2",
       "isPercent": true,
       "baseValue": 0.05184,
       "levelAdd": 0.018144,
       "stepValue": 0,
       "maxStep": 0
      },
      {
       "propertyName": "Бонус физ. урона",
       "propertyIconPath": "cabfca0b70c2eecf82043ceb1819f7ca57b7bd5ec9297733cb2a48346a42ec75",
       "isPercent": true,
       "baseValue": 0.037325,
       "levelAdd": 0.013064001,
       "stepValue": 0,
       "maxStep": 0
      },
      {
       "propertyName": "Бонус огн. урона",
       "propertyIconPath": "f124a2e51d1d9692f17baff23eca48074f9a349128b90924102dfa77114eb98a",
       "isPercent": true,
       "baseValue": 0.037325,
       "levelAdd": 0.013064001,
       "stepValue": 0,
       "maxStep": 0
      },
      {
       "propertyName": "Бонус лед. урона",
       "propertyIconPath": "4f595a21ec0e5b7a2e90e4d4dce82ebbc0c0e7ce3cbd10d38c93547a05c21e5f",
       "isPercent": true,
       "baseValue": 0.037325,
       "levelAdd": 0.013064001,
       "stepValue": 0,
       "maxStep": 0
      },
      {
       "propertyName": "Бонус элек. урона",
       "propertyIconPath": "9cfbb52c7e12da9c27404c412ae07eb239bca41af4f7da91f6cca91549684fdc",
       "isPercent": true,
       "baseValue": 0.037325,
       "levelAdd": 0.013064001,
       "stepValue": 0,
       "maxStep": 0
      },
      {
       "propertyName": "Бонус ветр. урона",
       "propertyIconPath": "13f176b2c801b7bf67d76f1de4a996acd18bbf26ea89b3035877973d037337e4",
       "isPercent": true,
       "baseValue": 0.037325,
       "levelAdd": 0.013064001,
       "stepValue": 0,
       "maxStep": 0
      },
      {
       "propertyName": "Бонус квант. урона",
       "propertyIconPath": "d80c1a4fb5085eb81b10136cf5078d87066fb0c6471e0ad6fbaae0e8a7343c10",
       "isPercent": true,
       "baseValue": 0.037325,
       "levelAdd": 0.013064001,
       "stepValue": 0,
       "maxStep": 0
      },
      {
       "propertyName": "Бонус мним. урона",
       "propertyIconPath": "2be6fe6f4073cb1ff6a2f624baf6f8aee605371d6bcc0cf0ed25811dba044845",
       "isPercent": true,
       "baseValue": 0.037325,
       "levelAdd": 0.013064001,
       "stepValue": 0,
       "maxStep": 0
      }
     ],
     "subAffixes": [
      {
       "propertyName": "НР",
       "propertyIconPath": "9560c98da124f605af2e45c09f26a0b8ee24c3aa357b9701464d7c04adcd0da7",
       "isPercent": false,
       "baseValue": 20.322023,
       "levelAdd": 20.322023,
       "stepValue": 2.540253,
       "maxStep": 2
      },
      {
       "propertyName": "Сила атаки",
       "propertyIconPath": "2d1ce81848ae3af0e819f7f98badde6930dd127f20a6d2686eb806bc963989d5",
       "isPercent": false,
       "baseValue": 10.161012,
       "levelAdd": 10.161012,
       "stepValue": 1.270126,
       "maxStep": 2
      },
      {
       "propertyName": "Защита",
       "propertyIconPath": "2077c52919d0f523755a4d92ce338874b71561611a436572d8eb315a34f4a4c2",
       "isPercent": false,
       "baseValue": 10.161012,
       "levelAdd": 10.161012,
       "stepValue": 1.270126,
       "maxStep": 2
      },
      {
       "propertyName": "НР",
       "propertyIconPath": "9560c98da124f605af2e45c09f26a0b8ee24c3aa357b9701464d7c04adcd0da7",
       "isPercent": true,
       "baseValue": 0.020736001,
       "levelAdd": 0.020736001,
       "stepValue": 0.0025920009,
       "maxStep": 2
      },
      {
       "propertyName": "Сила атаки",
       "propertyIconPath": "2d1ce81848ae3af0e819f7f98badde6930dd127f20a6d2686eb806bc963989d5",
       "isPercent": true,
       "baseValue": 0.020736001,
       "levelAdd": 0.020736001,
       "stepValue": 0.0025920009,
       "maxStep": 2
      },
      {
       "propertyName": "Защита",
       "propertyIconPath": "2077c52919d0f523755a4d92ce338874b71561611a436572d8eb315a34f4a4c2",
       "isPercent": true,
       "baseValue": 0.02592,
       "levelAdd": 0.02592,
       "stepValue": 0.0032400002,
       "maxStep": 2
      },
      {
       "propertyName": "Скорость",
       "propertyIconPath": "959ebc55a284ac83b29de4d97b3422772e372e53ff820bc9af972e0201aabe98",
       "isPercent": false,
       "baseValue": 1.2,
       "levelAdd": 1.2,
       "stepValue": 0.1,
       "maxStep": 2
      },
      {
       "propertyName": "Крит. шанс",
       "propertyIconPath": "649d04ce090ec9e142d024138f54bf2e416362f48f452776826e5a4e8e26c028",
       "isPercent": true,
       "baseValue": 0.015552,
       "levelAdd": 0.015552,
       "stepValue": 0.0019440008,
       "maxStep": 2
      },
      {
       "propertyName": "Крит. урон",
       "propertyIconPath": "70505c64ff7cb3df4a9faf76eb488438570422a20d9dd2f42225da1dd1c97648",
       "isPercent": true,
       "baseValue": 0.031104,
       "levelAdd": 0.031104,
       "stepValue": 0.003888001,
       "maxStep": 2
      },
      {
       "propertyName": "Шанс попадания эффектов",
       "propertyIconPath": "16e46edec660d897581a1ee77b95e61bafbc7a669f7e88ab6d27b9f23fa4bd49",
       "isPercent": true,
       "baseValue": 0.020736001,
       "levelAdd": 0.020736001,
       "stepValue": 0.0025920009,
       "maxStep": 2
      },
      {
       "propertyName": "Сопротивление эффектам",
       "propertyIconPath": "53050ffa2be01a99b930263f8c1b883e021e236827d23c7f2fafbd5d59f4a98d",
       "isPercent": true,
       "baseValue": 0.020736001,
       "levelAdd": 0.020736001,
       "stepValue": 0.0025920009,
       "maxStep": 2
      },
      {
       "propertyName": "Эффект пробития",
       "propertyIconPath": "2f652a2e091ec1a28dde16dfec5968a959804447eb99f746b6f2cba53dedfc2c",
       "isPercent": true,
       "baseValue": 0.031104,
       "levelAdd": 0.031104,
       "stepValue": 0.003888001,
       "maxStep": 2
      }
     ]
    },
    "4": {
     "rarity": 4,
     "maxLevel": 12,
     "mainAffixes": [
      {
       "propertyName": "НР",
       "propertyIconPath": "9560c98da124f605af2e45c09f26a0b8ee24c3aa357b9701464d7c04adcd0da7",
       "isPercent": true,
       "baseValue": 0.055296,
       "levelAdd": 0.019354,
       "stepValue": 0,
       "maxStep": 0
      },
      {
       "propertyName": "Сила атаки",
       "propertyIconPath": "2d1ce81848ae3af0e819f7f98badde6930dd127f20a6d2686eb806bc963989d5",
       "isPercent": true,
       "baseValue": 0.055296,
       "levelAdd": 0.019354,
       "stepValue": 0,
       "maxStep": 0
      },
      {
       "propertyName": "Защита",
       "propertyIconPath": "2077c52919d0f523755a4d92ce338874b71561611a436572d8eb315a34f4a4c2",
       "isPercent": true,
       "baseValue": 0.06912,
       "levelAdd": 0.024192,
       "stepValue": 0,
       "maxStep": 0
      },
      {
       "propertyName": "Бонус физ. урона",
       "propertyIconPath": "cabfca0b70c2eecf82043ceb1819f7ca57b7bd5ec9297733cb2a48346a42ec75",
       "isPercent": true,
       "baseValue": 0.049766,
       "levelAdd": 0.017418,
       "stepValue": 0,
       "maxStep": 0
      },
      {
       "propertyName": "Бонус огн. урона",
       "propertyIconPath": "f124a2e51d1d9692f17baff23eca48074f9a349128b90924102dfa77114eb98a",
       "isPercent": true,
       "baseValue": 0.049766,
       "levelAdd": 0.017418,
       "stepValue": 0,
       "maxStep": 0
      },
      {
       "propertyName": "Бонус лед. урона",
       "propertyIconPath": "4f595a21ec0e5b7a2e90e4d4dce82ebbc0c0e7ce3cbd10d38c93547a05c21e5f",
       "isPercent": true,
       "baseValue": 0.049766,
       "levelAdd": 0.017418,
       "stepValue": 0,
       "maxStep": 0
      },
      {
       "propertyName": "Бонус элек. урона",
       "propertyIconPath": "9cfbb52c7e12da9c27404c412ae07eb239bca41af4f7da91f6cca91549684fdc",
       "isPercent": true,
       "baseValue": 0.049766,
       "levelAdd": 0.017418,
       "stepValue": 0,
       "maxStep": 0
      },
      {
       "propertyName": "Бонус ветр. урона",
       "propertyIconPath": "13f176b2c801b7bf67d76f1de4a996acd18bbf26ea89b3035877973d037337e4",
       "isPercent": true,
       "baseValue": 0.049766,
       "levelAdd": 0.017418,
       "stepValue": 0,
       "maxStep": 0
      },
      {
       "propertyName": "Бонус квант. урона",
       "propertyIconPath": "d80c1a4fb5085eb81b10136cf5078d87066fb0c6471e0ad6fbaae0e8a7343c10",
       "isPercent": true,
       "baseValue": 0.049766,
       "levelAdd": 0.017418,
       "stepValue": 0,
       "maxStep": 0
      },
      {
       "propertyName": "Бонус мним. урона",
       "propertyIconPath": "2be6fe6f4073cb1ff6a2f624baf6f8aee605371d6bcc0cf0ed25811dba044845",
       "isPercent": true,
       "baseValue": 0.049766,
       "levelAdd": 0.017418,
       "stepValue": 0,
       "maxStep": 0
      }
     ],
     "subAffixes": [
      {
       "propertyName": "НР",
       "propertyIconPath": "9560c98da124f605af2e45c09f26a0b8ee24c3aa357b9701464d7c04adcd0da7",
       "isPercent": false,
       "baseValue": 27.096031,
       "levelAdd": 27.096031,
       "stepValue": 3.387004,
       "maxStep": 2
      },
      {
       "propertyName": "Сила атаки",
       "propertyIconPath": "2d1ce81848ae3af0e819f7f98badde6930dd127f20a6d2686eb806bc963989d5",
       "isPercent": false,
       "baseValue": 13.548016,
       "levelAdd": 13.548016,
       "stepValue": 1.693502,
       "maxStep": 2
      },
      {
       "propertyName": "Защита",
       "propertyIconPath": "2077c52919d0f523755a4d92ce338874b71561611a436572d8eb315a34f4a4c2",
       "isPercent": false,
       "baseValue": 13.548016,
       "levelAdd": 13.548016,
       "stepValue": 1.693502,
       "maxStep": 2
      },
      {
       "propertyName": "НР",
       "propertyIconPath": "9560c98da124f605af2e45c09f26a0b8ee24c3aa357b9701464d7c04adcd0da7",
       "isPercent": true,
       "baseValue": 0.027648,
       "levelAdd": 0.027648,
       "stepValue": 0.0034560005,
       "maxStep": 2
      },
      {
       "propertyName": "Сила атаки",
       "propertyIconPath": "2d1ce81848ae3af0e819f7f98badde6930dd127f20a6d2686eb806bc963989d5",
       "isPercent": true,
       "baseValue": 0.027648,
       "levelAdd": 0.027648,
       "stepValue": 0.0034560005,
       "maxStep": 2
      },
      {
       "propertyName": "Защита",
       "propertyIconPath": "2077c52919d0f523755a4d92ce338874b71561611a436572d8eb315a34f4a4c2",
       "isPercent": true,
       "baseValue": 0.034560002,
       "levelAdd": 0.034560002,
       "stepValue": 0.0043200003,
       "maxStep": 2
      },
      {
       "propertyName": "Скорость",
       "propertyIconPath": "959ebc55a284ac83b29de4d97b3422772e372e53ff820bc9af972e0201aabe98",
       "isPercent": false,
       "baseValue": 1.6,
       "levelAdd": 1.6,
       "stepValue": 0.2,
       "maxStep": 2
      },
      {
       "propertyName": "Крит. шанс",
       "propertyIconPath": "649d04ce090ec9e142d024138f54bf2e416362f48f452776826e5a4e8e26c028",
       "isPercent": true,
       "baseValue": 0.020736001,
       "levelAdd": 0.020736001,
       "stepValue": 0.0025920009,
       "maxStep": 2
      },
      {
       "propertyName": "Крит. урон",
       "propertyIconPath": "70505c64ff7cb3df4a9faf76eb488438570422a20d9dd2f42225da1dd1c97648",
       "isPercent": true,
       "baseValue": 0.041472,
       "levelAdd": 0.041472,
       "stepValue": 0.0051840004,
       "maxStep": 2
      },
      {
       "propertyName": "Шанс попадания эффектов",
       "propertyIconPath": "16e46edec660d897581a1ee77b95e61bafbc7a669f7e88ab6d27b9f23fa4bd49",
       "isPercent": true,
       "baseValue": 0.027648,
       "levelAdd": 0.027648,
       "stepValue": 0.0034560005,
       "maxStep": 2
      },
      {
       "propertyName": "Сопротивление эффектам",
       "propertyIconPath": "53050ffa2be01a99b930263f8c1b883e021e236827d23c7f2fafbd5d59f4a98d",
       "isPercent": true,
       "baseValue": 0.027648,
       "levelAdd": 0.027648,
       "stepValue": 0.0034560005,
       "maxStep": 2
      },
      {
       "propertyName": "Эффект пробития",
       "propertyIconPath": "2f652a2e091ec1a28dde16dfec5968a959804447eb99f746b6f2cba53dedfc2c",
       "isPercent": true,
       "baseValue": 0.041472,
       "levelAdd": 0.041472,
       "stepValue": 0.0051840004,
       "maxStep": 2
      }
     ]
    },
    "5": {
     "rarity": 5,
     "maxLevel": 15,
     "mainAffixes": [
      {
       "propertyName": "НР",
       "propertyIconPath": "9560c98da124f605af2e45c09f26a0b8ee24c3aa357b9701464d7c04adcd0da7",
       "isPercent": true,
       "baseValue": 0.06912,
       "levelAdd": 0.024192,
       "stepValue": 0,
       "maxStep": 0
      },
      {
       "propertyName": "Сила атаки",
       "propertyIconPath": "2d1ce81848ae3af0e819f7f98badde6930dd127f20a6d2686eb806bc963989d5",
       "isPercent": true,
       "baseValue": 0.06912,
       "levelAdd": 0.024192,
       "stepValue": 0,
       "maxStep": 0
      },
      {
       "propertyName": "Защита",
       "propertyIconPath": "2077c52919d0f523755a4d92ce338874b71561611a436572d8eb315a34f4a4c2",
       "isPercent": true,
       "baseValue": 0.0864,
       "levelAdd": 0.030240001,
       "stepValue": 0,
       "maxStep": 0
      },
      {
       "propertyName": "Бонус физ. урона",
       "propertyIconPath": "cabfca0b70c2eecf82043ceb1819f7ca57b7bd5ec9297733cb2a48346a42ec75",
       "isPercent": true,
       "baseValue": 0.062208,
       "levelAdd": 0.021773001,
       "stepValue": 0,
       "maxStep": 0
      },
      {
       "propertyName": "Бонус огн. урона",
       "propertyIconPath": "f124a2e51d1d9692f17baff23eca48074f9a349128b90924102dfa77114eb98a",
       "isPercent": true,
       "baseValue": 0.062208,
       "levelAdd": 0.021773001,
       "stepValue": 0,
       "maxStep": 0
      },
      {
       "propertyName": "Бонус лед. урона",
       "propertyIconPath": "4f595a21ec0e5b7a2e90e4d4dce82ebbc0c0e7ce3cbd10d38c93547a05c21e5f",
       "isPercent": true,
       "baseValue": 0.062208,
       "levelAdd": 0.021773001,
       "stepValue": 0,
       "maxStep": 0
      },
      {
       "propertyName": "Бонус элек. урона",
       "propertyIconPath": "9cfbb52c7e12da9c27404c412ae07eb239bca41af4f7da91f6cca91549684fdc",
       "isPercent": true,
       "baseValue": 0.062208,
       "levelAdd": 0.021773001,
       "stepValue": 0,
       "maxStep": 0
      },
      {
       "propertyName": "Бонус ветр. урона",
       "propertyIconPath": "13f176b2c801b7bf67d76f1de4a996acd18bbf26ea89b3035877973d037337e4",
       "isPercent": true,
       "baseValue": 0.062208,
       "levelAdd": 0.021773001,
       "stepValue": 0,
       "maxStep": 0
      },
      {
       "propertyName": "Бонус квант. урона",
       "propertyIconPath": "d80c1a4fb5085eb81b10136cf5078d87066fb0c6471e0ad6fbaae0e8a7343c10",
       "isPercent": true,
       "baseValue": 0.062208,
       "levelAdd": 0.021773001,
       "stepValue": 0,
       "maxStep": 0
      },
      {
       "propertyName": "Бонус мним. урона",
       "propertyIconPath": "2be6fe6f4073cb1ff6a2f624baf6f8aee605371d6bcc0cf0ed25811dba044845",
       "isPercent": true,
       "baseValue": 0.062208,
       "levelAdd": 0.021773001,
       "stepValue": 0,
       "maxStep": 0
      }
     ],
     "subAffixes": [
      {
       "propertyName": "НР",
       "propertyIconPath": "9560c98da124f605af2e45c09f26a0b8ee24c3aa357b9701464d7c04adcd0da7",
       "isPercent": false,
       "baseValue": 33.87004,
       "levelAdd": 33.87004,
       "stepValue": 4.233755,
       "maxStep": 2
      },
      {
       "propertyName": "Сила атаки",
       "propertyIconPath": "2d1ce81848ae3af0e819f7f98badde6930dd127f20a6d2686eb806bc963989d5",
       "isPercent": false,
       "baseValue": 16.935019,
       "levelAdd": 16.935019,
       "stepValue": 2.116877,
       "maxStep": 2
      },
      {
       "propertyName": "Защита",
       "propertyIconPath": "2077c52919d0f523755a4d92ce338874b71561611a436572d8eb315a34f4a4c2",
       "isPercent": false,
       "baseValue": 16.935019,
       "levelAdd": 16.935019,
       "stepValue": 2.116877,
       "maxStep": 2
      },
      {
       "propertyName": "НР",
       "propertyIconPath": "9560c98da124f605af2e45c09f26a0b8ee24c3aa357b9701464d7c04adcd0da7",
       "isPercent": true,
       "baseValue": 0.034560002,
       "levelAdd": 0.034560002,
       "stepValue": 0.0043200003,
       "maxStep": 2
      },
      {
       "propertyName": "Сила атаки",
       "propertyIconPath": "2d1ce81848ae3af0e819f7f98badde6930dd127f20a6d2686eb806bc963989d5",
       "isPercent": true,
       "baseValue": 0.034560002,
       "levelAdd": 0.034560002,
       "stepValue": 0.0043200003,
       "maxStep": 2
      },
      {
       "propertyName": "Защита",
       "propertyIconPath": "2077c52919d0f523755a4d92ce338874b71561611a436572d8eb315a34f4a4c2",
       "isPercent": true,
       "baseValue": 0.0432,
       "levelAdd": 0.0432,
       "stepValue": 0.0054,
       "maxStep": 2
      },
      {
       "propertyName": "Скорость",
       "propertyIconPath": "959ebc55a284ac83b29de4d97b3422772e372e53ff820bc9af972e0201aabe98",
       "isPercent": false,
       "baseValue": 2,
       "levelAdd": 2,
       "stepValue": 0.3,
       "maxStep": 2
      },
      {
       "propertyName": "Крит. шанс",
       "propertyIconPath": "649d04ce090ec9e142d024138f54bf2e416362f48f452776826e5a4e8e26c028",
       "isPercent": true,
       "baseValue": 0.02592,
       "levelAdd": 0.02592,
       "stepValue": 0.0032400002,
       "maxStep": 2
      },
      {
       "propertyName": "Крит. урон",
       "propertyIconPath": "70505c64ff7cb3df4a9faf76eb488438570422a20d9dd2f42225da1dd1c97648",
       "isPercent": true,
       "baseValue": 0.05184,
       "levelAdd": 0.05184,
       "stepValue": 0.0064800004,
       "maxStep": 2
      },
      {
       "propertyName": "Шанс попадания эффектов",
       "propertyIconPath": "16e46edec660d897581a1ee77b95e61bafbc7a669f7e88ab6d27b9f23fa4bd49",
       "isPercent": true,
       "baseValue": 0.034560002,
       "levelAdd": 0.034560002,
       "stepValue": 0.0043200003,
       "maxStep": 2
      },
      {
       "propertyName": "Сопротивление эффектам",
       "propertyIconPath": "53050ffa2be01a99b930263f8c1b883e021e236827d23c7f2fafbd5d59f4a98d",
       "isPercent": true,
       "baseValue": 0.034560002,
       "levelAdd": 0.034560002,
       "stepValue": 0.0043200003,
       "maxStep": 2
      },
      {
       "propertyName": "Эффект пробития",
       "propertyIconPath": "2f652a2e091ec1a28dde16dfec5968a959804447eb99f746b6f2cba53dedfc2c",
       "isPercent": true,
       "baseValue": 0.05184,
       "levelAdd": 0.05184,
       "stepValue": 0.0064800004,
       "maxStep": 2
      }
     ]
    }
   }
  },
  "6": {
   "name": "Симбиотический фарватер Русалки",
   "type": 0,
   "maxRarity": 5,
   "iconPath": "9b4094a67173dde538914ec3b28985d584ce0e08b07fb889affa6a9a50272b14",
   "baseTypeText": "Соединительная вязь",
   "loreTitle": "Симбиотический фарватер Русалки",
   "miniLore": "На необъятной линии горизонта даже малейшая точка способна разбить безмолвие. Фарватер несёт в себе историю экипажа, а водные духи ищут в водных путях надежду.",
   "lore": "Для водных духов мир на поверхности раньше был полон неизвестности и опасностей. Однако это осталось в прошлом, ведь всё уже давно поглотила морская пучина.<br /><br />Наземные жители Русалки всегда были тесно связаны с водными духами, хотя они не были хорошо знакомы с ними. Во время глубоководных погружений встретить духов считается большой удачей - их описывают как прекрасных загадочных созданий. У них тёмно-синие перепонки и чёрные сверкающие глаза, а особое строение связок позволяет издавать звуки, похожие на журчание воды. Ныряльщики рассказывают, что этих созданий часто можно наблюдать в сопровождении морских драконов, а живут они на дне океана в серебряном городе. Находящиеся на стыке реальности и легенд духи беззаботны и жизнерадостны.<br /><br />В прошлом, до затопления планеты, этих существ называли свирепыми зверями - итарами.<br /><br />Когда-то между итарами и наземными жителями шла ожесточённая война на выживание, и весь океан окрасился в багровый цвет. Сначала наземные жители вылавливали юных итар, подобно рыбе. После этого итары стали заманивать наземных своим пением на морское дно. Они раньше часто охотились друг на друга на морских просторах, скрещивая якоря и клинки, пока морские звери противостояли корабельным пушкам. Война под водой и на воде продолжалась до тех пор, пока под палящей магмой не были уничтожены рифы. Только спустя много лет учёные на Корабле осознали, что будущее Русалки было предопределено Опухолью всех миров - бедствие призвала потерявшая дом водный дух, которая наслала проклятия на виновников своих страданий безмолвным криком.<br /><br />Покрытое пылью прошлое давно погребено в стали и бетоне кораллового архипелага. Никому не известное, подобно туману, что вот-вот растворится.<br /><br />С тех пор города и суша ушли под воду, туда же канули раздоры и кровавые битвы, а также история и целая цивилизация. Спасаясь от глубинного давления, водные духи устремились ближе к поверхности, в города, принадлежавшие раньше наземным жителям. Воспоминания о былом вызывают у них улыбки и слёзы... Духи знают, что на поверхности ещё остались немногочисленные голоса, и вся планета покрыта океанской лазурью, но тишина оказалась слишком гнетущей.<br /><br />Когда певцы на корабле замечают в синеве своего маршрута их тонкие крылья, то окружающие могут стать невольными слушателями прекрасной баллады.<br /><br />«Плывут они за кораблём на свет и песни бурь, но всё, что смогут отыскать - лишь моря синеву».",
   "rarityData": {
    "2": {
     "rarity": 2,
     "maxLevel": 6,
     "mainAffixes": [
      {
       "propertyName": "Эффект пробития",
       "propertyIconPath": "2f652a2e091ec1a28dde16dfec5968a959804447eb99f746b6f2cba53dedfc2c",
       "isPercent": true,
       "baseValue": 0.041472,
       "levelAdd": 0.014515,
       "stepValue": 0,
       "maxStep": 0
      },
      {
       "propertyName": "Скорость восстановления энергии",
       "propertyIconPath": "df0ae9e95d840930af96bf8a5ec1394e9a4525d176be753ab7d89a540dca82fc",
       "isPercent": true,
       "baseValue": 0.012442,
       "levelAdd": 0.0043550003,
       "stepValue": 0,
       "maxStep": 0
      },
      {
       "propertyName": "НР",
       "propertyIconPath": "9560c98da124f605af2e45c09f26a0b8ee24c3aa357b9701464d7c04adcd0da7",
       "isPercent": true,
       "baseValue": 0.027648,
       "levelAdd": 0.009677,
       "stepValue": 0,
       "maxStep": 0
      },
      {
       "propertyName": "Сила атаки",
       "propertyIconPath": "2d1ce81848ae3af0e819f7f98badde6930dd127f20a6d2686eb806bc963989d5",
       "isPercent": true,
       "baseValue": 0.027648,
       "levelAdd": 0.009677,
       "stepValue": 0,
       "maxStep": 0
      },
      {
       "propertyName": "Защита",
       "propertyIconPath": "2077c52919d0f523755a4d92ce338874b71561611a436572d8eb315a34f4a4c2",
       "isPercent": true,
       "baseValue": 0.034560002,
       "levelAdd": 0.012096001,
       "stepValue": 0,
       "maxStep": 0
      }
     ],
     "subAffixes": [
      {
       "propertyName": "НР",
       "propertyIconPath": "9560c98da124f605af2e45c09f26a0b8ee24c3aa357b9701464d7c04adcd0da7",
       "isPercent": false,
       "baseValue": 13.548016,
       "levelAdd": 13.548016,
       "stepValue": 1.693502,
       "maxStep": 2
      },
      {
       "propertyName": "Сила атаки",
       "propertyIconPath": "2d1ce81848ae3af0e819f7f98badde6930dd127f20a6d2686eb806bc963989d5",
       "isPercent": false,
       "baseValue": 6.774008,
       "levelAdd": 6.774008,
       "stepValue": 0.846751,
       "maxStep": 2
      },
      {
       "propertyName": "Защита",
       "propertyIconPath": "2077c52919d0f523755a4d92ce338874b71561611a436572d8eb315a34f4a4c2",
       "isPercent": false,
       "baseValue": 6.774008,
       "levelAdd": 6.774008,
       "stepValue": 0.846751,
       "maxStep": 2
      },
      {
       "propertyName": "НР",
       "propertyIconPath": "9560c98da124f605af2e45c09f26a0b8ee24c3aa357b9701464d7c04adcd0da7",
       "isPercent": true,
       "baseValue": 0.013824001,
       "levelAdd": 0.013824001,
       "stepValue": 0.0017280006,
       "maxStep": 2
      },
      {
       "propertyName": "Сила атаки",
       "propertyIconPath": "2d1ce81848ae3af0e819f7f98badde6930dd127f20a6d2686eb806bc963989d5",
       "isPercent": true,
       "baseValue": 0.013824001,
       "levelAdd": 0.013824001,
       "stepValue": 0.0017280006,
       "maxStep": 2
      },
      {
       "propertyName": "Защита",
       "propertyIconPath": "2077c52919d0f523755a4d92ce338874b71561611a436572d8eb315a34f4a4c2",
       "isPercent": true,
       "baseValue": 0.017280001,
       "levelAdd": 0.017280001,
       "stepValue": 0.0021600004,
       "maxStep": 2
      },
      {
       "propertyName": "Скорость",
       "propertyIconPath": "959ebc55a284ac83b29de4d97b3422772e372e53ff820bc9af972e0201aabe98",
       "isPercent": false,
       "baseValue": 1,
       "levelAdd": 1,
       "stepValue": 0.1,
       "maxStep": 2
      },
      {
       "propertyName": "Крит. шанс",
       "propertyIconPath": "649d04ce090ec9e142d024138f54bf2e416362f48f452776826e5a4e8e26c028",
       "isPercent": true,
       "baseValue": 0.010368001,
       "levelAdd": 0.010368001,
       "stepValue": 0.0012960008,
       "maxStep": 2
      },
      {
       "propertyName": "Крит. урон",
       "propertyIconPath": "70505c64ff7cb3df4a9faf76eb488438570422a20d9dd2f42225da1dd1c97648",
       "isPercent": true,
       "baseValue": 0.020736001,
       "levelAdd": 0.020736001,
       "stepValue": 0.0025920009,
       "maxStep": 2
      },
      {
       "propertyName": "Шанс попадания эффектов",
       "propertyIconPath": "16e46edec660d897581a1ee77b95e61bafbc7a669f7e88ab6d27b9f23fa4bd49",
       "isPercent": true,
       "baseValue": 0.013824001,
       "levelAdd": 0.013824001,
       "stepValue": 0.0017280006,
       "maxStep": 2
      },
      {
       "propertyName": "Сопротивление эффектам",
       "propertyIconPath": "53050ffa2be01a99b930263f8c1b883e021e236827d23c7f2fafbd5d59f4a98d",
       "isPercent": true,
       "baseValue": 0.013824001,
       "levelAdd": 0.013824001,
       "stepValue": 0.0017280006,
       "maxStep": 2
      },
      {
       "propertyName": "Эффект пробития",
       "propertyIconPath": "2f652a2e091ec1a28dde16dfec5968a959804447eb99f746b6f2cba53dedfc2c",
       "isPercent": true,
       "baseValue": 0.020736001,
       "levelAdd": 0.020736001,
       "stepValue": 0.0025920009,
       "maxStep": 2
      }
     ]
    },
    "3": {
     "rarity": 3,
     "maxLevel": 9,
     "mainAffixes": [
      {
       "propertyName": "Эффект пробития",
       "propertyIconPath": "2f652a2e091ec1a28dde16dfec5968a959804447eb99f746b6f2cba53dedfc2c",
       "isPercent": true,
       "baseValue": 0.062208,
       "levelAdd": 0.021773001,
       "stepValue": 0,
       "maxStep": 0
      },
      {
       "propertyName": "Скорость восстановления энергии",
       "propertyIconPath": "df0ae9e95d840930af96bf8a5ec1394e9a4525d176be753ab7d89a540dca82fc",
       "isPercent": true,
       "baseValue": 0.018662,
       "levelAdd": 0.0065320004,
       "stepValue": 0,
       "maxStep": 0
      },
      {
       "propertyName": "НР",
       "propertyIconPath": "9560c98da124f605af2e45c09f26a0b8ee24c3aa357b9701464d7c04adcd0da7",
       "isPercent": true,
       "baseValue": 0.041472,
       "levelAdd": 0.014515,
       "stepValue": 0,
       "maxStep": 0
      },
      {
       "propertyName": "Сила атаки",
       "propertyIconPath": "2d1ce81848ae3af0e819f7f98badde6930dd127f20a6d2686eb806bc963989d5",
       "isPercent": true,
       "baseValue": 0.041472,
       "levelAdd": 0.014515,
       "stepValue": 0,
       "maxStep": 0
      },
      {
       "propertyName": "Защита",
       "propertyIconPath": "2077c52919d0f523755a4d92ce338874b71561611a436572d8eb315a34f4a4c2",
       "isPercent": true,
       "baseValue": 0.05184,
       "levelAdd": 0.018144,
       "stepValue": 0,
       "maxStep": 0
      }
     ],
     "subAffixes": [
      {
       "propertyName": "НР",
       "propertyIconPath": "9560c98da124f605af2e45c09f26a0b8ee24c3aa357b9701464d7c04adcd0da7",
       "isPercent": false,
       "baseValue": 20.322023,
       "levelAdd": 20.322023,
       "stepValue": 2.540253,
       "maxStep": 2
      },
      {
       "propertyName": "Сила атаки",
       "propertyIconPath": "2d1ce81848ae3af0e819f7f98badde6930dd127f20a6d2686eb806bc963989d5",
       "isPercent": false,
       "baseValue": 10.161012,
       "levelAdd": 10.161012,
       "stepValue": 1.270126,
       "maxStep": 2
      },
      {
       "propertyName": "Защита",
       "propertyIconPath": "2077c52919d0f523755a4d92ce338874b71561611a436572d8eb315a34f4a4c2",
       "isPercent": false,
       "baseValue": 10.161012,
       "levelAdd": 10.161012,
       "stepValue": 1.270126,
       "maxStep": 2
      },
      {
       "propertyName": "НР",
       "propertyIconPath": "9560c98da124f605af2e45c09f26a0b8ee24c3aa357b9701464d7c04adcd0da7",
       "isPercent": true,
       "baseValue": 0.020736001,
       "levelAdd": 0.020736001,
       "stepValue": 0.0025920009,
       "maxStep": 2
      },
      {
       "propertyName": "Сила атаки",
       "propertyIconPath": "2d1ce81848ae3af0e819f7f98badde6930dd127f20a6d2686eb806bc963989d5",
       "isPercent": true,
       "baseValue": 0.020736001,
       "levelAdd": 0.020736001,
       "stepValue": 0.0025920009,
       "maxStep": 2
      },
      {
       "propertyName": "Защита",
       "propertyIconPath": "2077c52919d0f523755a4d92ce338874b71561611a436572d8eb315a34f4a4c2",
       "isPercent": true,
       "baseValue": 0.02592,
       "levelAdd": 0.02592,
       "stepValue": 0.0032400002,
       "maxStep": 2
      },
      {
       "propertyName": "Скорость",
       "propertyIconPath": "959ebc55a284ac83b29de4d97b3422772e372e53ff820bc9af972e0201aabe98",
       "isPercent": false,
       "baseValue": 1.2,
       "levelAdd": 1.2,
       "stepValue": 0.1,
       "maxStep": 2
      },
      {
       "propertyName": "Крит. шанс",
       "propertyIconPath": "649d04ce090ec9e142d024138f54bf2e416362f48f452776826e5a4e8e26c028",
       "isPercent": true,
       "baseValue": 0.015552,
       "levelAdd": 0.015552,
       "stepValue": 0.0019440008,
       "maxStep": 2
      },
      {
       "propertyName": "Крит. урон",
       "propertyIconPath": "70505c64ff7cb3df4a9faf76eb488438570422a20d9dd2f42225da1dd1c97648",
       "isPercent": true,
       "baseValue": 0.031104,
       "levelAdd": 0.031104,
       "stepValue": 0.003888001,
       "maxStep": 2
      },
      {
       "propertyName": "Шанс попадания эффектов",
       "propertyIconPath": "16e46edec660d897581a1ee77b95e61bafbc7a669f7e88ab6d27b9f23fa4bd49",
       "isPercent": true,
       "baseValue": 0.020736001,
       "levelAdd": 0.020736001,
       "stepValue": 0.0025920009,
       "maxStep": 2
      },
      {
       "propertyName": "Сопротивление эффектам",
       "propertyIconPath": "53050ffa2be01a99b930263f8c1b883e021e236827d23c7f2fafbd5d59f4a98d",
       "isPercent": true,
       "baseValue": 0.020736001,
       "levelAdd": 0.020736001,
       "stepValue": 0.0025920009,
       "maxStep": 2
      },
      {
       "propertyName": "Эффект пробития",
       "propertyIconPath": "2f652a2e091ec1a28dde16dfec5968a959804447eb99f746b6f2cba53dedfc2c",
       "isPercent": true,
       "baseValue": 0.031104,
       "levelAdd": 0.031104,
       "stepValue": 0.003888001,
       "maxStep": 2
      }
     ]
    },
    "4": {
     "rarity": 4,
     "maxLevel": 12,
     "mainAffixes": [
      {
       "propertyName": "Эффект пробития",
       "propertyIconPath": "2f652a2e091ec1a28dde16dfec5968a959804447eb99f746b6f2cba53dedfc2c",
       "isPercent": true,
       "baseValue": 0.082944,
       "levelAdd": 0.029029999,
       "stepValue": 0,
       "maxStep": 0
      },
      {
       "propertyName": "Скорость восстановления энергии",
       "propertyIconPath": "df0ae9e95d840930af96bf8a5ec1394e9a4525d176be753ab7d89a540dca82fc",
       "isPercent": true,
       "baseValue": 0.024883,
       "levelAdd": 0.008709,
       "stepValue": 0,
       "maxStep": 0
      },
      {
       "propertyName": "НР",
       "propertyIconPath": "9560c98da124f605af2e45c09f26a0b8ee24c3aa357b9701464d7c04adcd0da7",
       "isPercent": true,
       "baseValue": 0.055296,
       "levelAdd": 0.019354,
       "stepValue": 0,
       "maxStep": 0
      },
      {
       "propertyName": "Сила атаки",
       "propertyIconPath": "2d1ce81848ae3af0e819f7f98badde6930dd127f20a6d2686eb806bc963989d5",
       "isPercent": true,
       "baseValue": 0.055296,
       "levelAdd": 0.019354,
       "stepValue": 0,
       "maxStep": 0
      },
      {
       "propertyName": "Защита",
       "propertyIconPath": "2077c52919d0f523755a4d92ce338874b71561611a436572d8eb315a34f4a4c2",
       "isPercent": true,
       "baseValue": 0.06912,
       "levelAdd": 0.024192,
       "stepValue": 0,
       "maxStep": 0
      }
     ],
     "subAffixes": [
      {
       "propertyName": "НР",
       "propertyIconPath": "9560c98da124f605af2e45c09f26a0b8ee24c3aa357b9701464d7c04adcd0da7",
       "isPercent": false,
       "baseValue": 27.096031,
       "levelAdd": 27.096031,
       "stepValue": 3.387004,
       "maxStep": 2
      },
      {
       "propertyName": "Сила атаки",
       "propertyIconPath": "2d1ce81848ae3af0e819f7f98badde6930dd127f20a6d2686eb806bc963989d5",
       "isPercent": false,
       "baseValue": 13.548016,
       "levelAdd": 13.548016,
       "stepValue": 1.693502,
       "maxStep": 2
      },
      {
       "propertyName": "Защита",
       "propertyIconPath": "2077c52919d0f523755a4d92ce338874b71561611a436572d8eb315a34f4a4c2",
       "isPercent": false,
       "baseValue": 13.548016,
       "levelAdd": 13.548016,
       "stepValue": 1.693502,
       "maxStep": 2
      },
      {
       "propertyName": "НР",
       "propertyIconPath": "9560c98da124f605af2e45c09f26a0b8ee24c3aa357b9701464d7c04adcd0da7",
       "isPercent": true,
       "baseValue": 0.027648,
       "levelAdd": 0.027648,
       "stepValue": 0.0034560005,
       "maxStep": 2
      },
      {
       "propertyName": "Сила атаки",
       "propertyIconPath": "2d1ce81848ae3af0e819f7f98badde6930dd127f20a6d2686eb806bc963989d5",
       "isPercent": true,
       "baseValue": 0.027648,
       "levelAdd": 0.027648,
       "stepValue": 0.0034560005,
       "maxStep": 2
      },
      {
       "propertyName": "Защита",
       "propertyIconPath": "2077c52919d0f523755a4d92ce338874b71561611a436572d8eb315a34f4a4c2",
       "isPercent": true,
       "baseValue": 0.034560002,
       "levelAdd": 0.034560002,
       "stepValue": 0.0043200003,
       "maxStep": 2
      },
      {
       "propertyName": "Скорость",
       "propertyIconPath": "959ebc55a284ac83b29de4d97b3422772e372e53ff820bc9af972e0201aabe98",
       "isPercent": false,
       "baseValue": 1.6,
       "levelAdd": 1.6,
       "stepValue": 0.2,
       "maxStep": 2
      },
      {
       "propertyName": "Крит. шанс",
       "propertyIconPath": "649d04ce090ec9e142d024138f54bf2e416362f48f452776826e5a4e8e26c028",
       "isPercent": true,
       "baseValue": 0.020736001,
       "levelAdd": 0.020736001,
       "stepValue": 0.0025920009,
       "maxStep": 2
      },
      {
       "propertyName": "Крит. урон",
       "propertyIconPath": "70505c64ff7cb3df4a9faf76eb488438570422a20d9dd2f42225da1dd1c97648",
       "isPercent": true,
       "baseValue": 0.041472,
       "levelAdd": 0.041472,
       "stepValue": 0.0051840004,
       "maxStep": 2
      },
      {
       "propertyName": "Шанс попадания эффектов",
       "propertyIconPath": "16e46edec660d897581a1ee77b95e61bafbc7a669f7e88ab6d27b9f23fa4bd49",
       "isPercent": true,
       "baseValue": 0.027648,
       "levelAdd": 0.027648,
       "stepValue": 0.0034560005,
       "maxStep": 2
      },
      {
       "propertyName": "Сопротивление эффектам",
       "propertyIconPath": "53050ffa2be01a99b930263f8c1b883e021e236827d23c7f2fafbd5d59f4a98d",
       "isPercent": true,
       "baseValue": 0.027648,
       "levelAdd": 0.027648,
       "stepValue": 0.0034560005,
       "maxStep": 2
      },
      {
       "propertyName": "Эффект пробития",
       "propertyIconPath": "2f652a2e091ec1a28dde16dfec5968a959804447eb99f746b6f2cba53dedfc2c",
       "isPercent": true,
       "baseValue": 0.041472,
       "levelAdd": 0.041472,
       "stepValue": 0.0051840004,
       "maxStep": 2
      }
     ]
    },
    "5": {
     "rarity": 5,
     "maxLevel": 15,
     "mainAffixes": [
      {
       "propertyName": "Эффект пробития",
       "propertyIconPath": "2f652a2e091ec1a28dde16dfec5968a959804447eb99f746b6f2cba53dedfc2c",
       "isPercent": true,
       "baseValue": 0.10368,
       "levelAdd": 0.036288,
       "stepValue": 0,
       "maxStep": 0
      },
      {
       "propertyName": "Скорость восстановления энергии",
       "propertyIconPath": "df0ae9e95d840930af96bf8a5ec1394e9a4525d176be753ab7d89a540dca82fc",
       "isPercent": true,
       "baseValue": 0.031104,
       "levelAdd": 0.010886001,
       "stepValue": 0,
       "maxStep": 0
      },
      {
       "propertyName": "НР",
       "propertyIconPath": "9560c98da124f605af2e45c09f26a0b8ee24c3aa357b9701464d7c04adcd0da7",
       "isPercent": true,
       "baseValue": 0.06912,
       "levelAdd": 0.024192,
       "stepValue": 0,
       "maxStep": 0
      },
      {
       "propertyName": "Сила атаки",
       "propertyIconPath": "2d1ce81848ae3af0e819f7f98badde6930dd127f20a6d2686eb806bc963989d5",
       "isPercent": true,
       "baseValue": 0.06912,
       "levelAdd": 0.024192,
       "stepValue": 0,
       "maxStep": 0
      },
      {
       "propertyName": "Защита",
       "propertyIconPath": "2077c52919d0f523755a4d92ce338874b71561611a436572d8eb315a34f4a4c2",
       "isPercent": true,
       "baseValue": 0.0864,
       "levelAdd": 0.030240001,
       "stepValue": 0,
       "maxStep": 0
      }
     ],
     "subAffixes": [
      {
       "propertyName": "НР",
       "propertyIconPath": "9560c98da124f605af2e45c09f26a0b8ee24c3aa357b9701464d7c04adcd0da7",
       "isPercent": false,
       "baseValue": 33.87004,
       "levelAdd": 33.87004,
       "stepValue": 4.233755,
       "maxStep": 2
      },
      {
       "propertyName": "Сила атаки",
       "propertyIconPath": "2d1ce81848ae3af0e819f7f98badde6930dd127f20a6d2686eb806bc963989d5",
       "isPercent": false,
       "baseValue": 16.935019,
       "levelAdd": 16.935019,
       "stepValue": 2.116877,
       "maxStep": 2
      },
      {
       "propertyName": "Защита",
       "propertyIconPath": "2077c52919d0f523755a4d92ce338874b71561611a436572d8eb315a34f4a4c2",
       "isPercent": false,
       "baseValue": 16.935019,
       "levelAdd": 16.935019,
       "stepValue": 2.116877,
       "maxStep": 2
      },
      {
       "propertyName": "НР",
       "propertyIconPath": "9560c98da124f605af2e45c09f26a0b8ee24c3aa357b9701464d7c04adcd0da7",
       "isPercent": true,
       "baseValue": 0.034560002,
       "levelAdd": 0.034560002,
       "stepValue": 0.0043200003,
       "maxStep": 2
      },
      {
       "propertyName": "Сила атаки",
       "propertyIconPath": "2d1ce81848ae3af0e819f7f98badde6930dd127f20a6d2686eb806bc963989d5",
       "isPercent": true,
       "baseValue": 0.034560002,
       "levelAdd": 0.034560002,
       "stepValue": 0.0043200003,
       "maxStep": 2
      },
      {
       "propertyName": "Защита",
       "propertyIconPath": "2077c52919d0f523755a4d92ce338874b71561611a436572d8eb315a34f4a4c2",
       "isPercent": true,
       "baseValue": 0.0432,
       "levelAdd": 0.0432,
       "stepValue": 0.0054,
       "maxStep": 2
      },
      {
       "propertyName": "Скорость",
       "propertyIconPath": "959ebc55a284ac83b29de4d97b3422772e372e53ff820bc9af972e0201aabe98",
       "isPercent": false,
       "baseValue": 2,
       "levelAdd": 2,
       "stepValue": 0.3,
       "maxStep": 2
      },
      {
       "propertyName": "Крит. шанс",
       "propertyIconPath": "649d04ce090ec9e142d024138f54bf2e416362f48f452776826e5a4e8e26c028",
       "isPercent": true,
       "baseValue": 0.02592,
       "levelAdd": 0.02592,
       "stepValue": 0.0032400002,
       "maxStep": 2
      },
      {
       "propertyName": "Крит. урон",
       "propertyIconPath": "70505c64ff7cb3df4a9faf76eb488438570422a20d9dd2f42225da1dd1c97648",
       "isPercent": true,
       "baseValue": 0.05184,
       "levelAdd": 0.05184,
       "stepValue": 0.0064800004,
       "maxStep": 2
      },
      {
       "propertyName": "Шанс попадания эффектов",
       "propertyIconPath": "16e46edec660d897581a1ee77b95e61bafbc7a669f7e88ab6d27b9f23fa4bd49",
       "isPercent": true,
       "baseValue": 0.034560002,
       "levelAdd": 0.034560002,
       "stepValue": 0.0043200003,
       "maxStep": 2
      },
      {
       "propertyName": "Сопротивление эффектам",
       "propertyIconPath": "53050ffa2be01a99b930263f8c1b883e021e236827d23c7f2fafbd5d59f4a98d",
       "isPercent": true,
       "baseValue": 0.034560002,
       "levelAdd": 0.034560002,
       "stepValue": 0.0043200003,
       "maxStep": 2
      },
      {
       "propertyName": "Эффект пробития",
       "propertyIconPath": "2f652a2e091ec1a28dde16dfec5968a959804447eb99f746b6f2cba53dedfc2c",
       "isPercent": true,
       "baseValue": 0.05184,
       "levelAdd": 0.05184,
       "stepValue": 0.0064800004,
       "maxStep": 2
      }
     ]
    }
   }
  }
 },
 "pageId": "317"
}