[
  {
    "id": 2001,
    "fileName": "pure_fiction_1",
    "name": {
      "zh_cn": "游辞漫说",
      "zh_hk": "遊辭漫說",
      "de": "Youcis wandernde Worte",
      "en": "Youci's Wandering Words",
      "es": "Palabras itinerantes de Youci",
      "fr": "Facéties de Youci",
      "id": "Pembicaraan Santai Youci",
      "jp": "遊辞漫談",
      "kr": "유사의 허황된 이야기",
      "pt": "Palavras Errantes de Youci",
      "ru": "Крылатые слова Юцы",
      "th": "เรื่อง (อย่า) เล่าจาก Youci",
      "vi": "Youci Lan Man"
    },
    "time": {
      "begin": 1704657600000,
      "end": 1708286400000
    }
  },
  {
    "id": 2002,
    "fileName": "pure_fiction_2",
    "name": {
      "zh_cn": "羁鸟奇谭",
      "zh_hk": "羈鳥奇譚",
      "de": "Die Geschichten eines angebundenen Vogels",
      "en": "Tales of a Tethered Bird",
      "es": "Leyendas del pájaro cautivo",
      "fr": "Contes de l'oiseau captif",
      "id": "Kisah Burung yang Terbelenggu",
      "jp": "籠鳥奇譚",
      "kr": "새장 속 새 이야기",
      "pt": "Contos de um Pássaro Acorrentado",
      "ru": "Сказания о пойманной птице",
      "th": "ตำนานของนกในกรง",
      "vi": "Kỳ Truyện Chim Trong Lồng"
    },
    "time": {
      "begin": 1707076800000,
      "end": 1710705600000
    }
  },
  {
    "id": 2003,
    "fileName": "pure_fiction_3",
    "name": {
      "zh_cn": "舌灿莲花",
      "zh_hk": "舌燦蓮花",
      "de": "Wortgewandtheit",
      "en": "An Expression of Eloquence",
      "es": "Palabras elocuentes",
      "fr": "Expression d'éloquence",
      "id": "Mulut yang Manis Seperti Gula",
      "jp": "優れた弁舌",
      "kr": "찬란한 감언",
      "pt": "Uma Expressão de Eloquência",
      "ru": "Дар красноречия",
      "th": "บุษบงที่พร่างพราว",
      "vi": "Ăn Nói Lưu Loát"
    },
    "time": {
      "begin": 1709496000000,
      "end": 1713124800000
    }
  },
  {
    "id": 2004,
    "fileName": "pure_fiction_4",
    "name": {
      "zh_cn": "撒诈捣虚",
      "zh_hk": "撒詐搗虛",
      "de": "Chaosstiftung",
      "en": "Deceitful Chaos",
      "es": "Caos engañoso",
      "fr": "Chaos perfide",
      "id": "Menabur Kebohongan dan Merajut Khayalan",
      "jp": "噓八百",
      "kr": "새빨간 거짓말",
      "pt": "Caos Enganoso",
      "ru": "Обманчивый хаос",
      "th": "คำลวงที่กลับกลอก",
      "vi": "Đảo Lộn Trắng Đen"
    },
    "time": {
      "begin": 1711915200000,
      "end": 1715544000000
    }
  },
  {
    "id": 2005,
    "fileName": "pure_fiction_5",
    "name": {
      "zh_cn": "作言造语",
      "zh_hk": "作言造語",
      "de": "Wortschöpfung",
      "en": "Fictitious Wordsmithing",
      "es": "Palabrería ficticia",
      "fr": "Prose fictive",
      "id": "Mengarang Fiksi",
      "jp": "口から出まかせ",
      "kr": "꾸며낸 이야기",
      "pt": "Redação Fictícia",
      "ru": "Вымышленное словотворчество",
      "th": "นั่งเทียนเขียนแต่ง",
      "vi": "Tung Tin Đồn Thổi"
    },
    "time": {
      "begin": 1704657600000,
      "end": 1708286400000
    }
  },
  {
    "id": 2006,
    "fileName": "pure_fiction_6",
    "name": {
      "zh_cn": "新词迷离",
      "zh_hk": "新詞迷離",
      "de": "Nebulöser Neologismus",
      "en": "Lexical Enigma",
      "es": "Neologismo enigmático",
      "fr": "Néologisme nébuleux",
      "jp": "あやふやな新語",
      "kr": "흐릿한 새말",
      "pt": "Enigma Léxico",
      "ru": "Спутанный неологизм"
    },
    "time": {
      "begin": 1716753600000,
      "end": 1720382400000
    }
  },
  {
    "id": 2007,
    "fileName": "pure_fiction_7",
    "name": {
      "zh_cn": "向壁虚造",
      "zh_hk": "向壁虛造",
      "de": "Aus dem Nichts",
      "en": "Out of Thin Air",
      "es": "Salido de la nada",
      "fr": "Sans fondement",
      "jp": "虚壁に向かって嘘を吐く",
      "kr": "터무니없는 날조",
      "pt": "Saído do Nada",
      "ru": "Домыслы из воздуха"
    },
    "time": {
      "begin": 1720382400000,
      "end": 1724011200000
    }
  },
  {
    "id": 2008,
    "fileName": "pure_fiction_8",
    "name": {
      "zh_cn": "欺人虚言",
      "zh_hk": "欺人虛言",
      "de": "Lug und Trug",
      "en": "Words of Deceit",
      "es": "Palabras engañosas",
      "fr": "Mensonges et supercheries",
      "id": "Dusta dan Tipu Daya",
      "jp": "虚言",
      "kr": "거짓된 말마디",
      "pt": "Palavras da Enganação",
      "ru": "Лживые речи",
      "th": "ถ้อยคำลวงหลอก",
      "vi": "Lời Nói Lừa Dối"
    },
    "time": {
      "begin": 1724011200000,
      "end": 1727640000000
    }
  },
  {
    "id": 2009,
    "fileName": "pure_fiction_9",
    "name": {
      "zh_cn": "巧言如流",
      "zh_hk": "巧言如流",
      "de": "Redseligkeit",
      "en": "Volubility",
      "es": "Volubilidad",
      "fr": "Volubilité",
      "id": "Ahli Bersilat Lidah",
      "jp": "巧言流水の如し",
      "kr": "청산유수",
      "pt": "Volubilidade",
      "ru": "Складные речи",
      "th": "กระแสคารมคมคาย",
      "vi": "Những Lời Đường Mật"
    },
    "time": {
      "begin": 1727640000000,
      "end": 1731268800000
    }
  },
  {
    "id": 2010,
    "fileName": "pure_fiction_10",
    "name": {
      "zh_cn": "论黄数黑",
      "zh_hk": "論黃數黑",
      "de": "Gerüchteküche",
      "en": "Rumor Mill",
      "es": "Fábrica de rumores",
      "fr": "Moulin aux rumeurs",
      "id": "Rumor Tak Berdasar",
      "jp": "数黒論黄",
      "kr": "허튼소리",
      "pt": "Moinho de Boatos",
      "ru": "Досужие пересуды",
      "th": "ใส่สีตีไข่",
      "vi": "Nói Xấu Sau Lưng"
    },
    "time": {
      "begin": 1731268800000,
      "end": 1734897600000
    }
  },
  {
    "id": 2011,
    "fileName": "pure_fiction_11",
    "name": {
      "zh_cn": "深文巧诋",
      "zh_hk": "深文巧詆",
      "de": "Rufmord",
      "en": "Technicality Entrapment",
      "es": "Tecnicismo con trampa",
      "fr": "Diffamation",
      "id": "Seni Memfitnah",
      "jp": "手練手管",
      "kr": "중상모략",
      "pt": "Armadilha da Tecnicalidade",
      "ru": "Искусная клевета",
      "th": "กับดักคำลวง",
      "vi": "Thêu Dệt Dựng Tội"
    },
    "time": {
      "begin": 1734897600000,
      "end": 1738526400000
    }
  },
  {
    "id": 2012,
    "fileName": "pure_fiction_12",
    "name": {
      "zh_cn": "陈腔滥调",
      "zh_hk": "陳腔濫調",
      "de": "Alte Plattitüden",
      "en": "Clichéd Sayings",
      "es": "Expresiones trilladas",
      "fr": "Adage éculé",
      "id": "Ucapan Klise",
      "jp": "陳腐な表現",
      "kr": "진부한 말",
      "pt": "Ditados Clichês",
      "ru": "Избитые слова",
      "th": "ถ้อยคำจำเจ",
      "vi": "Giọng Điệu Cũ Rích"
    },
    "time": {
      "begin": 1738526400000,
      "end": 1742155200000
    }
  },
  {
    "id": 2013,
    "fileName": "pure_fiction_13",
    "name": {
      "zh_cn": "自证预言",
      "zh_hk": "自證預言",
      "de": "Selbsterfüllende Prophezeiung",
      "en": "Self-Fulfilling Prophecy",
      "es": "Profecía predestinada",
      "fr": "Prophétie autoréalisatrice",
      "id": "Membuktikan Ramalan Sendiri",
      "jp": "自己証明の預言",
      "kr": "자기실현적 예언",
      "pt": "Autoprofeciência Predestinada",
      "ru": "Самосбывающееся пророчество",
      "th": "คำทำนายพิสูจน์ตน",
      "vi": "Tiên Tri Tự Chứng Minh"
    },
    "time": {
      "begin": 1742155200000,
      "end": 1745784000000
    }
  },
  {
    "id": 2014,
    "fileName": "pure_fiction_14",
    "name": {
        "zh_cn": "结构规律",
        "zh_hk": "結構規律",
        "de": "Strukturregeln",
        "en": "Structural Rules",
        "es": "Reglas estructurales",
        "fr": "Régularité structurelle",
        "id": "Aturan Struktural",
        "jp": "構造規則",
        "kr": "구조적 규율",
        "pt": "Regras Estruturais",
        "ru": "Правила композиции",
        "th": "กฎแห่งโครงสร้าง",
        "vi": "Quy Luật Kết Cấu"
    },
    "time": {
        "begin": 1745784000000,
        "end": 1749412800000
    }
  }
]