{
 "name": "바다는 왜 노래하는가",
 "rarity": 5,
 "descHash": "파도가 몰아치고, 그 울림이 하늘 끝까지 울려 퍼진다.<br />물고기는 텅 빈 바다를 유영하고, 과거의 거품은 출렁거린다. 한 곡의 선율이 여전히 메아리치는 듯하다.<br /><br />「존귀한 공주님, 저희와 함께 연회를 즐기시죠!」<br />심해의 부름에 응답하기 위해, 그녀는 성대한 무대 위에 혼자 남을 때까지 검은 물결과 함께 춤췄다.<br /><br />「바다의 검객이여, 어째서 침묵하고, 무엇을 위해 노래하시나요?」<br />그녀는 대지를 딛는 매 순간 고통을 견뎠다. 그녀는 좀처럼 노래하지 않고, 오직 그 핏빛의 검날로 생명의 비명을 연주할 뿐이었다.<br /><br />「글래디오럼 경, 나와 함께 별바다를 정복하자!」<br />그 뜨거운 불빛을 발견했을 때 그녀는 그것이 연회의 시작이라 믿었고, 마침내 연주의 활을 들었다.<br /><br />……<br /><br />「헬렉트라… 헬렉트라… 노래가 끝난 지금, 어디로 향해야 할까?」<br /><br />헛된 희망이 부서질 때마다 그녀는 늘 고독한 선율로 사람들의 질문에 답했지만, 그 소리는 듣는 이를 매혹시킬 뿐이었다——<br /><br />어쩌면… 인간 세상이든 깊은 바다든, 진정으로 들을 수 있는 자는 연주자 자신뿐일지도 모른다",
 "iconPath": "950dd8d128b9766b8f338b2873a49a90e4ec4a08907ac51961f1a53f2a249d05",
 "artPath": "b8daa558d7331ffc9d2ee485327de052ac92c393fdb81f4f2d1d96d41280f9ee",
 "artPlaceholder": {
  "w": 0,
  "h": 0
 },
 "mediumIconPath": "d9085aa8bc1a5403f347f8f87d0ef1cdb3b0092367c335c746124e2f69e14884",
 "baseType": {
  "id": 0,
  "iconPath": "9925f4d7d8ac1ad84319601be2e2127dbb697923a7add4d70bf795c7e9045d29",
  "color": "#FFFFFF",
  "name": "공허",
  "rarity": 0
 },
 "baseTypeId": 0,
 "itemReferences": {
  "29328": {
   "id": 29328,
   "type": 101,
   "purposeId": 11,
   "iconPath": "662fc7ab4bcd2e14d5f4185738f92c3d4e5051f6a6af0fbcafcb08310c579372",
   "name": "신용 포인트",
   "desc": "스타피스 컴퍼니가 고객과 결산을 위해 사용하던 화폐. 오늘날 우주여행에 널리 쓰이는 경화가 되었다",
   "lore": "「사람들이 그저 단말 장치에 표시된 숫자를 위해 분주히 뛰고, 싸우고, 거래한다. 하지만 정작 정말로 소중한 것은 컴퍼니의 숫자로 살 수 없다」",
   "purpose": "통용 화폐",
   "rarity": 3,
   "rewardPath": "/material/29328",
   "comeFrom": [
    "모조 꽃받침 [큰 광산구역]",
    "모조 꽃받침 [공조사]",
    "모조 꽃받침 [「레버리」 호텔-꿈세계]",
    "모조 꽃받침 [「잠꼬대의 밀림」 깨달음의 나무 정원]",
    "임무 보상",
    "의뢰 보상",
    "잔화 교환"
   ]
  },
  "589818": {
   "id": 589818,
   "type": 653,
   "purposeId": 3,
   "iconPath": "1b78b52bd4fa8125682facdef27eee8dde23738508c8751d7c4a085363fae9df",
   "name": "불꽃의 정령",
   "desc": "「화겁대전」 후 도망 다니는 세차게 타오르는 세양. <span style=\"display: inline-block; color: #f29e38ff; font-weight:bold;\">공허</span> 캐릭터의 운명의 길 행적이 중폭 상승한다",
   "lore": "화염덩이 형상을 한 교활하고 짓궂은 세양 불씨.<br />「화염」의 크기로 세양의 강함을 판별할 수 있다. 이 화염덩이 세양은 처음으로 지혜를 갖게 되고 나서 숙주의 모든 욕망과 감정을 집어삼키려 했다.<br /><br />「기쁨과 슬픔을 흡수하고, 의지를 조종한다…」",
   "purpose": "행적 재료<br />광추 승급 재료",
   "rarity": 3,
   "rewardPath": "/material/589818",
   "comeFrom": [
    "모조 꽃받침 [단정사]",
    "「만능 합성기」- 재료 합성",
    "잔화 교환",
    "「만능 합성기」- 재료 치환"
   ]
  },
  "673759": {
   "id": 673759,
   "type": 653,
   "purposeId": 3,
   "iconPath": "b5032641c3abb7d952d56b9bfb0a4c71f4db0edd3a2c48c10d9b4d0eec94d25c",
   "name": "천공을 불태우는 마귀",
   "desc": "「화겁대전」 후 모인 짐승 형상의 세양. <span style=\"display: inline-block; color: #f29e38ff; font-weight:bold;\">공허</span> 캐릭터의 운명의 길 행적이 대폭 상승한다",
   "lore": "지략과 사고력이 뛰어난, 처음으로 짐승 형태를 띠게 된 강력한 세양.<br />「화염」의 크기로 세양의 강함을 판별할 수 있다. 대세양은 융합 후 서서히 형태를 갖추고 불사불멸의 상태가 되어 위험 수준이 가히 재앙급이라고 할 수 있다.<br /><br />「물과 불이 온 땅을 뒤덮으며, 산이 갈라지고 천둥이 친다…」",
   "purpose": "행적 재료<br />광추 승급 재료",
   "rarity": 4,
   "rewardPath": "/material/673759",
   "comeFrom": [
    "모조 꽃받침 [단정사]",
    "「만능 합성기」- 재료 합성",
    "「만능 합성기」- 재료 치환"
   ]
  },
  "694487": {
   "id": 694487,
   "type": 655,
   "purposeId": 5,
   "iconPath": "a1cd1a65d901ad489a28a318391503fe2e70453747f877afe7afda933a39622b",
   "name": "정제한 에테르",
   "desc": "광추 강화 재료. 광추 경험치를 <nobr>6,000</nobr>pt 획득한다",
   "lore": "특수한 기술로 정제된 에테르 한 통.<br /><br />「기억의 정원은 과거의 영광을 재현하기를 간절히 바란다. 하지만 그것은 그들이 선택한 『과거의 영광』이다, 알겠는가?」",
   "purpose": "광추 경험치 재료",
   "rarity": 4,
   "rewardPath": "/material/694487",
   "comeFrom": [
    "모조 꽃받침 [변방 통로]",
    "모조 꽃받침 [태복사]",
    "모조 꽃받침 [어린아이의 꿈]",
    "모조 꽃받침 [「분쟁의 폐허」 크렘노스성]",
    "「망각의 정원」"
   ]
  },
  "694488": {
   "id": 694488,
   "type": 655,
   "purposeId": 5,
   "iconPath": "e63056837d7b387f59cbaafc907b941309bc98548ff00c6b483d9d053f0c93cc",
   "name": "응축한 에테르",
   "desc": "광추 강화 재료. 광추 경험치를 <nobr>2,000</nobr>pt 획득한다",
   "lore": "특수 기술로 정제한 에테르 한 병.<br /><br />「취급 주의, 파손 주의. 파손 또는 유출 시 ≪누출 재난 대응 매뉴얼≫ 제2장의 지시에 따라 대처하세요」",
   "purpose": "광추 경험치 재료",
   "rarity": 3,
   "rewardPath": "/material/694488",
   "comeFrom": [
    "모조 꽃받침 [변방 통로]",
    "모조 꽃받침 [태복사]",
    "모조 꽃받침 [어린아이의 꿈]",
    "모조 꽃받침 [「분쟁의 폐허」 크렘노스성]",
    "잔화 교환"
   ]
  },
  "694489": {
   "id": 694489,
   "type": 655,
   "purposeId": 5,
   "iconPath": "2f6dff811f4597c4f0b13baf74fa022a38c5c2f938e540b2a6b05a31c2973fa7",
   "name": "희박한 에테르",
   "desc": "광추 강화 재료. 광추 경험치를 <nobr>500</nobr>pt 획득한다",
   "lore": "현실에 존재하지 않는 가상의 매개체이자 광추 제작의 기본 재료.<br />이를 광추에 주입하면 그 속에 밀봉된 사상이 더욱 뚜렷해진다.<br /><br />「그렇구나, 기억의 정원의 『기억 물질』이 바로 이거였어. 그래서 기억하는 자가 기억을 가지고 우주를 여행할 수 있었던 거야」",
   "purpose": "광추 경험치 재료",
   "rarity": 2,
   "rewardPath": "/material/694489",
   "comeFrom": [
    "모조 꽃받침 [변방 통로]",
    "모조 꽃받침 [태복사]",
    "모조 꽃받침 [어린아이의 꿈]",
    "모조 꽃받침 [「분쟁의 폐허」 크렘노스성]",
    "의뢰 보상"
   ]
  },
  "874345": {
   "id": 874345,
   "type": 653,
   "purposeId": 3,
   "iconPath": "c58150f0bd3d62041c9a94a5f8cb513146f940ddbc73caa9bdf69ee5eeb007fb",
   "name": "열렬의 영혼",
   "desc": "「화겁대전」 후 흩어진 연약한 세양. <span style=\"display: inline-block; color: #f29e38ff; font-weight:bold;\">공허</span> 캐릭터의 운명의 길 행적이 소폭 상승한다",
   "lore": "천진난만하고 고정된 형체가 없는 세양 불꽃.<br />「화염」의 크기로 세양의 강함을 판별할 수 있다. 이 조그만 세양은 생각이 단순해서 더 강한 세양에게 잡아먹히기 쉽다.<br /><br />「뿌리도 형태도 없이 천외를 떠돈다…」",
   "purpose": "행적 재료<br />광추 승급 재료",
   "rarity": 2,
   "rewardPath": "/material/874345",
   "comeFrom": [
    "모조 꽃받침 [단정사]",
    "잔화 교환",
    "「만능 합성기」- 재료 치환"
   ]
  },
  "20170864": {
   "id": 20170864,
   "type": 657,
   "purposeId": 7,
   "iconPath": "d0c7c7f9f997cb0ede806d12e51f7bbfca2f8efb9ecbd2546aff0ab24a8a90dd",
   "name": "용기에 찢긴 가슴",
   "desc": "분쟁의 권속이 전사한 후 남은 조각. 강화에 필요한 일반 재료",
   "lore": "게으른 장군은 훈련을 시작하고, 세상을 등진 현자는 생각을 시작했다. 인간들이 신의 창조물을 파괴할 수 있다는 것을 깨닫자, 학살은 전쟁이 되었다.<br /><br />「공포는 용기를 조각하는 칼이다」",
   "purpose": "행적 재료<br />캐릭터 승급 재료",
   "rarity": 3,
   "rewardPath": "/material/20170864",
   "comeFrom": [
    "균형 레벨 Lv.2까지 돌파 후 티탄 권속 드랍",
    "균형 레벨 Lv.2까지 돌파 후 조석의 환수 드랍",
    "「만능 합성기」- 재료 합성",
    "「차분화 우주」 적 드랍",
    "「시뮬레이션 우주」 적 드랍",
    "「만능 합성기」- 재료 치환"
   ]
  },
  "20389475": {
   "id": 20389475,
   "type": 657,
   "purposeId": 7,
   "iconPath": "4248c4deac64679a25e9190920297cee99e492be38480008c348d5faa425a466",
   "name": "영광의 세례를 받은 육신",
   "desc": "분쟁의 권속의 신력으로 가득 찬 심장. 강화에 필요한 고급 재료",
   "lore": "태초에 사람들은 살기 위해 싸웠지만, 오늘날 어떤 사람은 죽기 위해 싸우며, 분쟁의 권속처럼 두려움이 없다. 크렘노스인들은 육신과 돌의 용사는 모두 같은 심장을 가졌을지도 모른다고 말한다——<br /><br />「안에서 흐르는 건 용기고, 이 심장의 이름은 영광이다」",
   "purpose": "행적 재료<br />캐릭터 승급 재료",
   "rarity": 4,
   "rewardPath": "/material/20389475",
   "comeFrom": [
    "균형 레벨 Lv.4까지 돌파 후 티탄 권속 드랍",
    "균형 레벨 Lv.4까지 돌파 후 조석의 환수 드랍",
    "「만능 합성기」- 재료 합성",
    "「차분화 우주」 적 드랍",
    "「시뮬레이션 우주」 적 드랍",
    "「만능 합성기」- 재료 치환"
   ]
  },
  "20445700": {
   "id": 20445700,
   "type": 657,
   "purposeId": 7,
   "iconPath": "57fb73d5a5481d898d7901a6639f9061749101e2b47ded8580cb2ad476407aed",
   "name": "공포에 짓밟힌 육신",
   "desc": "분쟁의 권속을 구성하는 먼지. 강화에 필요한 기본 재료",
   "lore": "죽음의 물결이 천지를 뒤덮고, 증오와 분노의 거인이 저승의 강에 발을 딛는다. 견고한 돌로 조각된 군단 앞에 누구나 두려움에 휩싸이고, 누구나 굴복한다.<br /><br />「살육은 공포의 석재다」",
   "purpose": "행적 재료<br />캐릭터 승급 재료",
   "rarity": 2,
   "rewardPath": "/material/20445700",
   "comeFrom": [
    "티탄 권속 드랍",
    "조석의 환수 드랍",
    "「차분화 우주」 적 드랍",
    "「시뮬레이션 우주」 적 드랍",
    "의뢰 보상",
    "잔화 교환",
    "「만능 합성기」- 재료 치환",
    "모조 꽃받침(금)"
   ]
  }
 },
 "levelData": [
  {
   "promotion": 0,
   "maxLevel": 20,
   "cost": [
    {
     "id": 29328,
     "count": 5000
    },
    {
     "id": 20445700,
     "count": 8
    }
   ],
   "attackBase": 28.8,
   "attackAdd": 4.32,
   "hpBase": 43.2,
   "hpAdd": 6.48,
   "defenseBase": 21,
   "defenseAdd": 3.15
  },
  {
   "promotion": 1,
   "maxLevel": 30,
   "cost": [
    {
     "id": 29328,
     "count": 10000
    },
    {
     "id": 874345,
     "count": 4
    },
    {
     "id": 20445700,
     "count": 12
    }
   ],
   "attackBase": 63.36,
   "attackAdd": 4.32,
   "hpBase": 95.04,
   "hpAdd": 6.48,
   "defenseBase": 46.2,
   "defenseAdd": 3.15
  },
  {
   "promotion": 2,
   "maxLevel": 40,
   "cost": [
    {
     "id": 29328,
     "count": 20000
    },
    {
     "id": 589818,
     "count": 4
    },
    {
     "id": 20170864,
     "count": 8
    }
   ],
   "attackBase": 109.44,
   "attackAdd": 4.32,
   "hpBase": 164.16,
   "hpAdd": 6.48,
   "defenseBase": 79.8,
   "defenseAdd": 3.15
  },
  {
   "promotion": 3,
   "maxLevel": 50,
   "cost": [
    {
     "id": 29328,
     "count": 50000
    },
    {
     "id": 589818,
     "count": 8
    },
    {
     "id": 20170864,
     "count": 12
    }
   ],
   "attackBase": 155.52,
   "attackAdd": 4.32,
   "hpBase": 233.28,
   "hpAdd": 6.48,
   "defenseBase": 113.4,
   "defenseAdd": 3.15
  },
  {
   "promotion": 4,
   "maxLevel": 60,
   "cost": [
    {
     "id": 29328,
     "count": 100000
    },
    {
     "id": 673759,
     "count": 5
    },
    {
     "id": 20389475,
     "count": 6
    }
   ],
   "attackBase": 201.6,
   "attackAdd": 4.32,
   "hpBase": 302.4,
   "hpAdd": 6.48,
   "defenseBase": 147,
   "defenseAdd": 3.15
  },
  {
   "promotion": 5,
   "maxLevel": 70,
   "cost": [
    {
     "id": 29328,
     "count": 200000
    },
    {
     "id": 673759,
     "count": 10
    },
    {
     "id": 20389475,
     "count": 8
    }
   ],
   "attackBase": 247.68,
   "attackAdd": 4.32,
   "hpBase": 371.52,
   "hpAdd": 6.48,
   "defenseBase": 180.6,
   "defenseAdd": 3.15
  },
  {
   "promotion": 6,
   "maxLevel": 80,
   "cost": [],
   "attackBase": 293.76,
   "attackAdd": 4.32,
   "hpBase": 440.64,
   "hpAdd": 6.48,
   "defenseBase": 214.2,
   "defenseAdd": 3.15
  }
 ],
 "skill": {
  "id": 23047,
  "name": "독주",
  "descHash": "장착한 캐릭터의 효과 명중이 <span style=\"display: inline-block; color: #f29e38ff; font-weight:bold;\"><nobr>#1[i]%</nobr></span> 증가하고, 장착한 캐릭터가 부여한 디버프 효과에 빠진 적이 있을 시 대상을 <nobr>#2[i]%</nobr>의 기본 확률로 [혼미] 상태에 빠트린다, 지속 시간: <nobr>#3[i]</nobr>턴, 같은 유형의 효과는 중첩되지 않는다. [혼미] 상태일 때 장착한 캐릭터가 부여한 디버프 효과 1개당 받는 지속 피해가 <span style=\"display: inline-block; color: #f29e38ff; font-weight:bold;\"><nobr>#4[f1]%</nobr></span> 증가한다, 해당 효과 최대 중첩수: <nobr>#5[i]</nobr>스택, 아군의 공격을 받을 시 공격자의 속도가 <span style=\"display: inline-block; color: #f29e38ff; font-weight:bold;\"><nobr>#6[f1]%</nobr></span> 증가한다, 지속 시간: <nobr>#7[i]</nobr>턴. 장착한 캐릭터가 전투 불능 상태에 빠질 시 모든 [혼미]를 해제한다",
  "levelData": [
   {
    "params": [
     0.4,
     0.8,
     3,
     0.05,
     6,
     0.1,
     3
    ],
    "level": 1,
    "levelReq": 0,
    "promotionReq": 0,
    "cost": []
   },
   {
    "params": [
     0.45,
     0.8,
     3,
     0.0625,
     6,
     0.125,
     3
    ],
    "level": 2,
    "levelReq": 0,
    "promotionReq": 0,
    "cost": []
   },
   {
    "params": [
     0.5,
     0.8,
     3,
     0.075,
     6,
     0.15,
     3
    ],
    "level": 3,
    "levelReq": 0,
    "promotionReq": 0,
    "cost": []
   },
   {
    "params": [
     0.55,
     0.8,
     3,
     0.0875,
     6,
     0.175,
     3
    ],
    "level": 4,
    "levelReq": 0,
    "promotionReq": 0,
    "cost": []
   },
   {
    "params": [
     0.6,
     0.8,
     3,
     0.1,
     6,
     0.2,
     3
    ],
    "level": 5,
    "levelReq": 0,
    "promotionReq": 0,
    "cost": []
   }
  ]
 },
 "calculator": {
  "expCost": {
   "1": 60,
   "2": 100,
   "3": 170,
   "4": 260,
   "5": 370,
   "6": 500,
   "7": 640,
   "8": 800,
   "9": 970,
   "10": 1160,
   "11": 1360,
   "12": 1580,
   "13": 1820,
   "14": 2060,
   "15": 2320,
   "16": 2600,
   "17": 2880,
   "18": 3180,
   "19": 3490,
   "20": 3620,
   "21": 3760,
   "22": 3910,
   "23": 4050,
   "24": 4200,
   "25": 4360,
   "26": 4510,
   "27": 4670,
   "28": 4830,
   "29": 4990,
   "30": 5160,
   "31": 5330,
   "32": 5500,
   "33": 5670,
   "34": 5850,
   "35": 6030,
   "36": 6210,
   "37": 6390,
   "38": 6580,
   "39": 6760,
   "40": 6950,
   "41": 7630,
   "42": 8060,
   "43": 8510,
   "44": 8970,
   "45": 9440,
   "46": 9910,
   "47": 10390,
   "48": 10890,
   "49": 11390,
   "50": 11900,
   "51": 12420,
   "52": 12940,
   "53": 13480,
   "54": 14020,
   "55": 14580,
   "56": 15140,
   "57": 15710,
   "58": 16290,
   "59": 16880,
   "60": 17470,
   "61": 18290,
   "62": 19270,
   "63": 20260,
   "64": 21260,
   "65": 22290,
   "66": 23320,
   "67": 24370,
   "68": 25440,
   "69": 26520,
   "70": 27620,
   "71": 30810,
   "72": 33710,
   "73": 36660,
   "74": 39650,
   "75": 42680,
   "76": 45750,
   "77": 48870,
   "78": 52030,
   "79": 55230,
   "80": 0
  },
  "expItemConfig": {
   "500": {
    "itemId": 694489,
    "cost": 250
   },
   "2000": {
    "itemId": 694488,
    "cost": 1000
   },
   "6000": {
    "itemId": 694487,
    "cost": 3000
   }
  },
  "sCoinId": 29328
 },
 "pageId": "23047"
}