{
 "name": "Cavaleira do Palácio da Pureza",
 "iconPath": "e4bcfca0bb74305ef9109f0ef26967d0c40adfec8bebf67836a9a8b070c99e29",
 "artPath": "99005902ff2e75190ec3d507c4a4d515f7d291511a873820a5a47db080daec75",
 "rarity": 5,
 "relicType": 0,
 "embeddedBaseTypes": {
  "0": {
   "id": 0,
   "iconPath": "41072ca3899477a962f134868e1fa9e70dccfb48858da4ba0f0240284789aaef",
   "color": "#FFFFFF",
   "name": "",
   "rarity": 0
  },
  "1": {
   "id": 1,
   "iconPath": "adc5e9134f1305bc6fce9540aa715f3a126bf8c692f884f179c30f4a77c23517",
   "color": "#FFFFFF",
   "name": "Cabeça",
   "rarity": 0
  },
  "2": {
   "id": 2,
   "iconPath": "881cc71c4ba36330e78afd8048fcb12d871fed11643cf88ed0ec35baa2dc4448",
   "color": "#FFFFFF",
   "name": "Mãos",
   "rarity": 0
  },
  "3": {
   "id": 3,
   "iconPath": "69a915b7e71818ce9045d15909d068e17b0eb55b521de61e2b6beae81aaad69d",
   "color": "#FFFFFF",
   "name": "Corpo",
   "rarity": 0
  },
  "4": {
   "id": 4,
   "iconPath": "4e3a373adf26de8bf6a014d20c60673e492edb4e0c42eb41c4fdd0e1ee76be18",
   "color": "#FFFFFF",
   "name": "Pés",
   "rarity": 0
  },
  "5": {
   "id": 5,
   "iconPath": "4d5bdc016d963c74451bbfd89499fb09b38187b832b78f9e370059491a889144",
   "color": "#FFFFFF",
   "name": "Esfera Plana",
   "rarity": 0
  },
  "6": {
   "id": 6,
   "iconPath": "6480632e5e286318196c11d1b3a878c0ca0491dbda41d1e795a50570f18426eb",
   "color": "#FFFFFF",
   "name": "Corda de Ligação",
   "rarity": 0
  }
 },
 "skills": [
  {
   "useNum": 2,
   "desc": "Aumenta a DEF em <nobr>#1[i]%</nobr>.",
   "params": [
    0.15
   ]
  },
  {
   "useNum": 4,
   "desc": "Aumenta em <nobr>#1[i]%</nobr> o Dano máximo que pode ser absorvido pelo Escudo criado pelo usuário.",
   "params": [
    0.2
   ]
  }
 ],
 "pieces": {
  "1": {
   "name": "Elmo Indulgente da Cavaleira",
   "type": 0,
   "maxRarity": 5,
   "iconPath": "e1ce8ec1ba918af3791e1a9999ac2af975571cbec06de64fbf0507b2086c2c0f",
   "baseTypeText": "Cabeça",
   "loreTitle": "Elmo Indulgente da Cavaleira",
   "miniLore": "Um elmo que lembra as estátuas religiosas de pedra da Deusa da Indulgência. Servia para ocultar a aparência da pessoa que o usava.",
   "lore": "A Cavaleira Solene nunca tirou seu pesado elmo na frente de ninguém. A solenidade e o silêncio religiosos de Safina projetavam um ar insuportável de intimidação.<br /><br />Demônios soberbos ou clérigos insanos, todos, por instinto, se encolheram de medo perante sua presença solene.<br /><br />Poucas pessoas do clero sabiam que as origens diabólicas de Safina estavam escondidas sob aquele elmo de religiosidade. A igreja temia e ansiava pelos poderes dos demônios, o que deu origem a este resultado conflitante... A igreja capturou uma recém-nascida dos demônios e a treinou para ser Cavaleira Solene, mas a proibiu de revelar sua verdadeira aparência, moldou-a para sempre obedecer às ordens do pontífice e, por fim, tornou-a cavaleira silenciosa da donzela.<br /><br />A Donzela Vanira tinha quase a mesma idade de Safina e foi ela que a guiou no aprendizado das escrituras. Até hoje, a Donzela Vanira ainda se lembra do perfil do demônio banhado pela luz das velas.<br /><br />\"Minha querida Safina, eu vi o seu rosto. Me lembrarei dele para sempre.\" A Donzela Vanira foi aos poucos perdendo a visão até chegar à idade adulta.",
   "rarityData": {
    "2": {
     "rarity": 2,
     "maxLevel": 6,
     "mainAffixes": [
      {
       "propertyName": "PV",
       "propertyIconPath": "9560c98da124f605af2e45c09f26a0b8ee24c3aa357b9701464d7c04adcd0da7",
       "isPercent": false,
       "baseValue": 45.1584,
       "levelAdd": 15.80544,
       "stepValue": 0,
       "maxStep": 0
      }
     ],
     "subAffixes": [
      {
       "propertyName": "PV",
       "propertyIconPath": "9560c98da124f605af2e45c09f26a0b8ee24c3aa357b9701464d7c04adcd0da7",
       "isPercent": false,
       "baseValue": 13.548016,
       "levelAdd": 13.548016,
       "stepValue": 1.693502,
       "maxStep": 2
      },
      {
       "propertyName": "ATQ",
       "propertyIconPath": "2d1ce81848ae3af0e819f7f98badde6930dd127f20a6d2686eb806bc963989d5",
       "isPercent": false,
       "baseValue": 6.774008,
       "levelAdd": 6.774008,
       "stepValue": 0.846751,
       "maxStep": 2
      },
      {
       "propertyName": "DEF",
       "propertyIconPath": "2077c52919d0f523755a4d92ce338874b71561611a436572d8eb315a34f4a4c2",
       "isPercent": false,
       "baseValue": 6.774008,
       "levelAdd": 6.774008,
       "stepValue": 0.846751,
       "maxStep": 2
      },
      {
       "propertyName": "PV",
       "propertyIconPath": "9560c98da124f605af2e45c09f26a0b8ee24c3aa357b9701464d7c04adcd0da7",
       "isPercent": true,
       "baseValue": 0.013824001,
       "levelAdd": 0.013824001,
       "stepValue": 0.0017280006,
       "maxStep": 2
      },
      {
       "propertyName": "ATQ",
       "propertyIconPath": "2d1ce81848ae3af0e819f7f98badde6930dd127f20a6d2686eb806bc963989d5",
       "isPercent": true,
       "baseValue": 0.013824001,
       "levelAdd": 0.013824001,
       "stepValue": 0.0017280006,
       "maxStep": 2
      },
      {
       "propertyName": "DEF",
       "propertyIconPath": "2077c52919d0f523755a4d92ce338874b71561611a436572d8eb315a34f4a4c2",
       "isPercent": true,
       "baseValue": 0.017280001,
       "levelAdd": 0.017280001,
       "stepValue": 0.0021600004,
       "maxStep": 2
      },
      {
       "propertyName": "VEL",
       "propertyIconPath": "959ebc55a284ac83b29de4d97b3422772e372e53ff820bc9af972e0201aabe98",
       "isPercent": false,
       "baseValue": 1,
       "levelAdd": 1,
       "stepValue": 0.1,
       "maxStep": 2
      },
      {
       "propertyName": "Chance de CRIT",
       "propertyIconPath": "649d04ce090ec9e142d024138f54bf2e416362f48f452776826e5a4e8e26c028",
       "isPercent": true,
       "baseValue": 0.010368001,
       "levelAdd": 0.010368001,
       "stepValue": 0.0012960008,
       "maxStep": 2
      },
      {
       "propertyName": "Dano CRIT",
       "propertyIconPath": "70505c64ff7cb3df4a9faf76eb488438570422a20d9dd2f42225da1dd1c97648",
       "isPercent": true,
       "baseValue": 0.020736001,
       "levelAdd": 0.020736001,
       "stepValue": 0.0025920009,
       "maxStep": 2
      },
      {
       "propertyName": "Taxa de Acerto de Efeito",
       "propertyIconPath": "16e46edec660d897581a1ee77b95e61bafbc7a669f7e88ab6d27b9f23fa4bd49",
       "isPercent": true,
       "baseValue": 0.013824001,
       "levelAdd": 0.013824001,
       "stepValue": 0.0017280006,
       "maxStep": 2
      },
      {
       "propertyName": "RES a Efeito",
       "propertyIconPath": "53050ffa2be01a99b930263f8c1b883e021e236827d23c7f2fafbd5d59f4a98d",
       "isPercent": true,
       "baseValue": 0.013824001,
       "levelAdd": 0.013824001,
       "stepValue": 0.0017280006,
       "maxStep": 2
      },
      {
       "propertyName": "Efeito de Quebra",
       "propertyIconPath": "2f652a2e091ec1a28dde16dfec5968a959804447eb99f746b6f2cba53dedfc2c",
       "isPercent": true,
       "baseValue": 0.020736001,
       "levelAdd": 0.020736001,
       "stepValue": 0.0025920009,
       "maxStep": 2
      }
     ]
    },
    "3": {
     "rarity": 3,
     "maxLevel": 9,
     "mainAffixes": [
      {
       "propertyName": "PV",
       "propertyIconPath": "9560c98da124f605af2e45c09f26a0b8ee24c3aa357b9701464d7c04adcd0da7",
       "isPercent": false,
       "baseValue": 67.7376,
       "levelAdd": 23.70816,
       "stepValue": 0,
       "maxStep": 0
      }
     ],
     "subAffixes": [
      {
       "propertyName": "PV",
       "propertyIconPath": "9560c98da124f605af2e45c09f26a0b8ee24c3aa357b9701464d7c04adcd0da7",
       "isPercent": false,
       "baseValue": 20.322023,
       "levelAdd": 20.322023,
       "stepValue": 2.540253,
       "maxStep": 2
      },
      {
       "propertyName": "ATQ",
       "propertyIconPath": "2d1ce81848ae3af0e819f7f98badde6930dd127f20a6d2686eb806bc963989d5",
       "isPercent": false,
       "baseValue": 10.161012,
       "levelAdd": 10.161012,
       "stepValue": 1.270126,
       "maxStep": 2
      },
      {
       "propertyName": "DEF",
       "propertyIconPath": "2077c52919d0f523755a4d92ce338874b71561611a436572d8eb315a34f4a4c2",
       "isPercent": false,
       "baseValue": 10.161012,
       "levelAdd": 10.161012,
       "stepValue": 1.270126,
       "maxStep": 2
      },
      {
       "propertyName": "PV",
       "propertyIconPath": "9560c98da124f605af2e45c09f26a0b8ee24c3aa357b9701464d7c04adcd0da7",
       "isPercent": true,
       "baseValue": 0.020736001,
       "levelAdd": 0.020736001,
       "stepValue": 0.0025920009,
       "maxStep": 2
      },
      {
       "propertyName": "ATQ",
       "propertyIconPath": "2d1ce81848ae3af0e819f7f98badde6930dd127f20a6d2686eb806bc963989d5",
       "isPercent": true,
       "baseValue": 0.020736001,
       "levelAdd": 0.020736001,
       "stepValue": 0.0025920009,
       "maxStep": 2
      },
      {
       "propertyName": "DEF",
       "propertyIconPath": "2077c52919d0f523755a4d92ce338874b71561611a436572d8eb315a34f4a4c2",
       "isPercent": true,
       "baseValue": 0.02592,
       "levelAdd": 0.02592,
       "stepValue": 0.0032400002,
       "maxStep": 2
      },
      {
       "propertyName": "VEL",
       "propertyIconPath": "959ebc55a284ac83b29de4d97b3422772e372e53ff820bc9af972e0201aabe98",
       "isPercent": false,
       "baseValue": 1.2,
       "levelAdd": 1.2,
       "stepValue": 0.1,
       "maxStep": 2
      },
      {
       "propertyName": "Chance de CRIT",
       "propertyIconPath": "649d04ce090ec9e142d024138f54bf2e416362f48f452776826e5a4e8e26c028",
       "isPercent": true,
       "baseValue": 0.015552,
       "levelAdd": 0.015552,
       "stepValue": 0.0019440008,
       "maxStep": 2
      },
      {
       "propertyName": "Dano CRIT",
       "propertyIconPath": "70505c64ff7cb3df4a9faf76eb488438570422a20d9dd2f42225da1dd1c97648",
       "isPercent": true,
       "baseValue": 0.031104,
       "levelAdd": 0.031104,
       "stepValue": 0.003888001,
       "maxStep": 2
      },
      {
       "propertyName": "Taxa de Acerto de Efeito",
       "propertyIconPath": "16e46edec660d897581a1ee77b95e61bafbc7a669f7e88ab6d27b9f23fa4bd49",
       "isPercent": true,
       "baseValue": 0.020736001,
       "levelAdd": 0.020736001,
       "stepValue": 0.0025920009,
       "maxStep": 2
      },
      {
       "propertyName": "RES a Efeito",
       "propertyIconPath": "53050ffa2be01a99b930263f8c1b883e021e236827d23c7f2fafbd5d59f4a98d",
       "isPercent": true,
       "baseValue": 0.020736001,
       "levelAdd": 0.020736001,
       "stepValue": 0.0025920009,
       "maxStep": 2
      },
      {
       "propertyName": "Efeito de Quebra",
       "propertyIconPath": "2f652a2e091ec1a28dde16dfec5968a959804447eb99f746b6f2cba53dedfc2c",
       "isPercent": true,
       "baseValue": 0.031104,
       "levelAdd": 0.031104,
       "stepValue": 0.003888001,
       "maxStep": 2
      }
     ]
    },
    "4": {
     "rarity": 4,
     "maxLevel": 12,
     "mainAffixes": [
      {
       "propertyName": "PV",
       "propertyIconPath": "9560c98da124f605af2e45c09f26a0b8ee24c3aa357b9701464d7c04adcd0da7",
       "isPercent": false,
       "baseValue": 90.3168,
       "levelAdd": 31.61088,
       "stepValue": 0,
       "maxStep": 0
      }
     ],
     "subAffixes": [
      {
       "propertyName": "PV",
       "propertyIconPath": "9560c98da124f605af2e45c09f26a0b8ee24c3aa357b9701464d7c04adcd0da7",
       "isPercent": false,
       "baseValue": 27.096031,
       "levelAdd": 27.096031,
       "stepValue": 3.387004,
       "maxStep": 2
      },
      {
       "propertyName": "ATQ",
       "propertyIconPath": "2d1ce81848ae3af0e819f7f98badde6930dd127f20a6d2686eb806bc963989d5",
       "isPercent": false,
       "baseValue": 13.548016,
       "levelAdd": 13.548016,
       "stepValue": 1.693502,
       "maxStep": 2
      },
      {
       "propertyName": "DEF",
       "propertyIconPath": "2077c52919d0f523755a4d92ce338874b71561611a436572d8eb315a34f4a4c2",
       "isPercent": false,
       "baseValue": 13.548016,
       "levelAdd": 13.548016,
       "stepValue": 1.693502,
       "maxStep": 2
      },
      {
       "propertyName": "PV",
       "propertyIconPath": "9560c98da124f605af2e45c09f26a0b8ee24c3aa357b9701464d7c04adcd0da7",
       "isPercent": true,
       "baseValue": 0.027648,
       "levelAdd": 0.027648,
       "stepValue": 0.0034560005,
       "maxStep": 2
      },
      {
       "propertyName": "ATQ",
       "propertyIconPath": "2d1ce81848ae3af0e819f7f98badde6930dd127f20a6d2686eb806bc963989d5",
       "isPercent": true,
       "baseValue": 0.027648,
       "levelAdd": 0.027648,
       "stepValue": 0.0034560005,
       "maxStep": 2
      },
      {
       "propertyName": "DEF",
       "propertyIconPath": "2077c52919d0f523755a4d92ce338874b71561611a436572d8eb315a34f4a4c2",
       "isPercent": true,
       "baseValue": 0.034560002,
       "levelAdd": 0.034560002,
       "stepValue": 0.0043200003,
       "maxStep": 2
      },
      {
       "propertyName": "VEL",
       "propertyIconPath": "959ebc55a284ac83b29de4d97b3422772e372e53ff820bc9af972e0201aabe98",
       "isPercent": false,
       "baseValue": 1.6,
       "levelAdd": 1.6,
       "stepValue": 0.2,
       "maxStep": 2
      },
      {
       "propertyName": "Chance de CRIT",
       "propertyIconPath": "649d04ce090ec9e142d024138f54bf2e416362f48f452776826e5a4e8e26c028",
       "isPercent": true,
       "baseValue": 0.020736001,
       "levelAdd": 0.020736001,
       "stepValue": 0.0025920009,
       "maxStep": 2
      },
      {
       "propertyName": "Dano CRIT",
       "propertyIconPath": "70505c64ff7cb3df4a9faf76eb488438570422a20d9dd2f42225da1dd1c97648",
       "isPercent": true,
       "baseValue": 0.041472,
       "levelAdd": 0.041472,
       "stepValue": 0.0051840004,
       "maxStep": 2
      },
      {
       "propertyName": "Taxa de Acerto de Efeito",
       "propertyIconPath": "16e46edec660d897581a1ee77b95e61bafbc7a669f7e88ab6d27b9f23fa4bd49",
       "isPercent": true,
       "baseValue": 0.027648,
       "levelAdd": 0.027648,
       "stepValue": 0.0034560005,
       "maxStep": 2
      },
      {
       "propertyName": "RES a Efeito",
       "propertyIconPath": "53050ffa2be01a99b930263f8c1b883e021e236827d23c7f2fafbd5d59f4a98d",
       "isPercent": true,
       "baseValue": 0.027648,
       "levelAdd": 0.027648,
       "stepValue": 0.0034560005,
       "maxStep": 2
      },
      {
       "propertyName": "Efeito de Quebra",
       "propertyIconPath": "2f652a2e091ec1a28dde16dfec5968a959804447eb99f746b6f2cba53dedfc2c",
       "isPercent": true,
       "baseValue": 0.041472,
       "levelAdd": 0.041472,
       "stepValue": 0.0051840004,
       "maxStep": 2
      }
     ]
    },
    "5": {
     "rarity": 5,
     "maxLevel": 15,
     "mainAffixes": [
      {
       "propertyName": "PV",
       "propertyIconPath": "9560c98da124f605af2e45c09f26a0b8ee24c3aa357b9701464d7c04adcd0da7",
       "isPercent": false,
       "baseValue": 112.896,
       "levelAdd": 39.5136,
       "stepValue": 0,
       "maxStep": 0
      }
     ],
     "subAffixes": [
      {
       "propertyName": "PV",
       "propertyIconPath": "9560c98da124f605af2e45c09f26a0b8ee24c3aa357b9701464d7c04adcd0da7",
       "isPercent": false,
       "baseValue": 33.87004,
       "levelAdd": 33.87004,
       "stepValue": 4.233755,
       "maxStep": 2
      },
      {
       "propertyName": "ATQ",
       "propertyIconPath": "2d1ce81848ae3af0e819f7f98badde6930dd127f20a6d2686eb806bc963989d5",
       "isPercent": false,
       "baseValue": 16.935019,
       "levelAdd": 16.935019,
       "stepValue": 2.116877,
       "maxStep": 2
      },
      {
       "propertyName": "DEF",
       "propertyIconPath": "2077c52919d0f523755a4d92ce338874b71561611a436572d8eb315a34f4a4c2",
       "isPercent": false,
       "baseValue": 16.935019,
       "levelAdd": 16.935019,
       "stepValue": 2.116877,
       "maxStep": 2
      },
      {
       "propertyName": "PV",
       "propertyIconPath": "9560c98da124f605af2e45c09f26a0b8ee24c3aa357b9701464d7c04adcd0da7",
       "isPercent": true,
       "baseValue": 0.034560002,
       "levelAdd": 0.034560002,
       "stepValue": 0.0043200003,
       "maxStep": 2
      },
      {
       "propertyName": "ATQ",
       "propertyIconPath": "2d1ce81848ae3af0e819f7f98badde6930dd127f20a6d2686eb806bc963989d5",
       "isPercent": true,
       "baseValue": 0.034560002,
       "levelAdd": 0.034560002,
       "stepValue": 0.0043200003,
       "maxStep": 2
      },
      {
       "propertyName": "DEF",
       "propertyIconPath": "2077c52919d0f523755a4d92ce338874b71561611a436572d8eb315a34f4a4c2",
       "isPercent": true,
       "baseValue": 0.0432,
       "levelAdd": 0.0432,
       "stepValue": 0.0054,
       "maxStep": 2
      },
      {
       "propertyName": "VEL",
       "propertyIconPath": "959ebc55a284ac83b29de4d97b3422772e372e53ff820bc9af972e0201aabe98",
       "isPercent": false,
       "baseValue": 2,
       "levelAdd": 2,
       "stepValue": 0.3,
       "maxStep": 2
      },
      {
       "propertyName": "Chance de CRIT",
       "propertyIconPath": "649d04ce090ec9e142d024138f54bf2e416362f48f452776826e5a4e8e26c028",
       "isPercent": true,
       "baseValue": 0.02592,
       "levelAdd": 0.02592,
       "stepValue": 0.0032400002,
       "maxStep": 2
      },
      {
       "propertyName": "Dano CRIT",
       "propertyIconPath": "70505c64ff7cb3df4a9faf76eb488438570422a20d9dd2f42225da1dd1c97648",
       "isPercent": true,
       "baseValue": 0.05184,
       "levelAdd": 0.05184,
       "stepValue": 0.0064800004,
       "maxStep": 2
      },
      {
       "propertyName": "Taxa de Acerto de Efeito",
       "propertyIconPath": "16e46edec660d897581a1ee77b95e61bafbc7a669f7e88ab6d27b9f23fa4bd49",
       "isPercent": true,
       "baseValue": 0.034560002,
       "levelAdd": 0.034560002,
       "stepValue": 0.0043200003,
       "maxStep": 2
      },
      {
       "propertyName": "RES a Efeito",
       "propertyIconPath": "53050ffa2be01a99b930263f8c1b883e021e236827d23c7f2fafbd5d59f4a98d",
       "isPercent": true,
       "baseValue": 0.034560002,
       "levelAdd": 0.034560002,
       "stepValue": 0.0043200003,
       "maxStep": 2
      },
      {
       "propertyName": "Efeito de Quebra",
       "propertyIconPath": "2f652a2e091ec1a28dde16dfec5968a959804447eb99f746b6f2cba53dedfc2c",
       "isPercent": true,
       "baseValue": 0.05184,
       "levelAdd": 0.05184,
       "stepValue": 0.0064800004,
       "maxStep": 2
      }
     ]
    }
   }
  },
  "2": {
   "name": "Anel do Juramento de Silêncio da Cavaleira",
   "type": 0,
   "maxRarity": 5,
   "iconPath": "e7776171a3b0733b51324452bbc3914297618d4c6cd770f3b84251b82ef99179",
   "baseTypeText": "Mãos",
   "loreTitle": "Anel do Juramento de Silêncio da Cavaleira",
   "miniLore": "Anel de prata decorado com um padrão eclesiástico, incrustado com uma gema um tanto opaca.",
   "lore": "Pouco a pouco, a solenidade e o decoro se desfizeram, e os Cavaleiros da Igreja brandiram as espadas uns contra os outros quando os anéis que juraram proteger perderam a força.<br /><br />O poder concedido pelos mares estelares deu à Igreja a força para punir os demônios, mas também espalhou uma insanidade que consumiu a racionalidade humana.<br /><br />Atormentados pela loucura, os Cavaleiros da Igreja não eram mais capazes de discernir decoro e ordem, e expulsar todos os demônios para a salvação de toda a igreja se tornou uma obsessão. Quando as ameaças chegaram até a Donzela, Safina não teve tempo para hesitações. Ela não poderia deixar de lutar mesmo que o oponente fosse o Cavaleiro do Arco da Igreja do Palácio da Pureza.<br /><br />A Cavaleira Solene deve sempre proteger a Donzela. Safina não se esqueceu dessa doutrina.<br /><br />\"Minha querida Safina, não há por que se sentir culpada. Esta é a consequência de cobiçar o poder de Aeons.\" Na igreja, restaram apenas a última Donzela e sua cavaleira guardiã.",
   "rarityData": {
    "2": {
     "rarity": 2,
     "maxLevel": 6,
     "mainAffixes": [
      {
       "propertyName": "ATQ",
       "propertyIconPath": "2d1ce81848ae3af0e819f7f98badde6930dd127f20a6d2686eb806bc963989d5",
       "isPercent": false,
       "baseValue": 22.5792,
       "levelAdd": 7.90272,
       "stepValue": 0,
       "maxStep": 0
      }
     ],
     "subAffixes": [
      {
       "propertyName": "PV",
       "propertyIconPath": "9560c98da124f605af2e45c09f26a0b8ee24c3aa357b9701464d7c04adcd0da7",
       "isPercent": false,
       "baseValue": 13.548016,
       "levelAdd": 13.548016,
       "stepValue": 1.693502,
       "maxStep": 2
      },
      {
       "propertyName": "ATQ",
       "propertyIconPath": "2d1ce81848ae3af0e819f7f98badde6930dd127f20a6d2686eb806bc963989d5",
       "isPercent": false,
       "baseValue": 6.774008,
       "levelAdd": 6.774008,
       "stepValue": 0.846751,
       "maxStep": 2
      },
      {
       "propertyName": "DEF",
       "propertyIconPath": "2077c52919d0f523755a4d92ce338874b71561611a436572d8eb315a34f4a4c2",
       "isPercent": false,
       "baseValue": 6.774008,
       "levelAdd": 6.774008,
       "stepValue": 0.846751,
       "maxStep": 2
      },
      {
       "propertyName": "PV",
       "propertyIconPath": "9560c98da124f605af2e45c09f26a0b8ee24c3aa357b9701464d7c04adcd0da7",
       "isPercent": true,
       "baseValue": 0.013824001,
       "levelAdd": 0.013824001,
       "stepValue": 0.0017280006,
       "maxStep": 2
      },
      {
       "propertyName": "ATQ",
       "propertyIconPath": "2d1ce81848ae3af0e819f7f98badde6930dd127f20a6d2686eb806bc963989d5",
       "isPercent": true,
       "baseValue": 0.013824001,
       "levelAdd": 0.013824001,
       "stepValue": 0.0017280006,
       "maxStep": 2
      },
      {
       "propertyName": "DEF",
       "propertyIconPath": "2077c52919d0f523755a4d92ce338874b71561611a436572d8eb315a34f4a4c2",
       "isPercent": true,
       "baseValue": 0.017280001,
       "levelAdd": 0.017280001,
       "stepValue": 0.0021600004,
       "maxStep": 2
      },
      {
       "propertyName": "VEL",
       "propertyIconPath": "959ebc55a284ac83b29de4d97b3422772e372e53ff820bc9af972e0201aabe98",
       "isPercent": false,
       "baseValue": 1,
       "levelAdd": 1,
       "stepValue": 0.1,
       "maxStep": 2
      },
      {
       "propertyName": "Chance de CRIT",
       "propertyIconPath": "649d04ce090ec9e142d024138f54bf2e416362f48f452776826e5a4e8e26c028",
       "isPercent": true,
       "baseValue": 0.010368001,
       "levelAdd": 0.010368001,
       "stepValue": 0.0012960008,
       "maxStep": 2
      },
      {
       "propertyName": "Dano CRIT",
       "propertyIconPath": "70505c64ff7cb3df4a9faf76eb488438570422a20d9dd2f42225da1dd1c97648",
       "isPercent": true,
       "baseValue": 0.020736001,
       "levelAdd": 0.020736001,
       "stepValue": 0.0025920009,
       "maxStep": 2
      },
      {
       "propertyName": "Taxa de Acerto de Efeito",
       "propertyIconPath": "16e46edec660d897581a1ee77b95e61bafbc7a669f7e88ab6d27b9f23fa4bd49",
       "isPercent": true,
       "baseValue": 0.013824001,
       "levelAdd": 0.013824001,
       "stepValue": 0.0017280006,
       "maxStep": 2
      },
      {
       "propertyName": "RES a Efeito",
       "propertyIconPath": "53050ffa2be01a99b930263f8c1b883e021e236827d23c7f2fafbd5d59f4a98d",
       "isPercent": true,
       "baseValue": 0.013824001,
       "levelAdd": 0.013824001,
       "stepValue": 0.0017280006,
       "maxStep": 2
      },
      {
       "propertyName": "Efeito de Quebra",
       "propertyIconPath": "2f652a2e091ec1a28dde16dfec5968a959804447eb99f746b6f2cba53dedfc2c",
       "isPercent": true,
       "baseValue": 0.020736001,
       "levelAdd": 0.020736001,
       "stepValue": 0.0025920009,
       "maxStep": 2
      }
     ]
    },
    "3": {
     "rarity": 3,
     "maxLevel": 9,
     "mainAffixes": [
      {
       "propertyName": "ATQ",
       "propertyIconPath": "2d1ce81848ae3af0e819f7f98badde6930dd127f20a6d2686eb806bc963989d5",
       "isPercent": false,
       "baseValue": 33.8688,
       "levelAdd": 11.85408,
       "stepValue": 0,
       "maxStep": 0
      }
     ],
     "subAffixes": [
      {
       "propertyName": "PV",
       "propertyIconPath": "9560c98da124f605af2e45c09f26a0b8ee24c3aa357b9701464d7c04adcd0da7",
       "isPercent": false,
       "baseValue": 20.322023,
       "levelAdd": 20.322023,
       "stepValue": 2.540253,
       "maxStep": 2
      },
      {
       "propertyName": "ATQ",
       "propertyIconPath": "2d1ce81848ae3af0e819f7f98badde6930dd127f20a6d2686eb806bc963989d5",
       "isPercent": false,
       "baseValue": 10.161012,
       "levelAdd": 10.161012,
       "stepValue": 1.270126,
       "maxStep": 2
      },
      {
       "propertyName": "DEF",
       "propertyIconPath": "2077c52919d0f523755a4d92ce338874b71561611a436572d8eb315a34f4a4c2",
       "isPercent": false,
       "baseValue": 10.161012,
       "levelAdd": 10.161012,
       "stepValue": 1.270126,
       "maxStep": 2
      },
      {
       "propertyName": "PV",
       "propertyIconPath": "9560c98da124f605af2e45c09f26a0b8ee24c3aa357b9701464d7c04adcd0da7",
       "isPercent": true,
       "baseValue": 0.020736001,
       "levelAdd": 0.020736001,
       "stepValue": 0.0025920009,
       "maxStep": 2
      },
      {
       "propertyName": "ATQ",
       "propertyIconPath": "2d1ce81848ae3af0e819f7f98badde6930dd127f20a6d2686eb806bc963989d5",
       "isPercent": true,
       "baseValue": 0.020736001,
       "levelAdd": 0.020736001,
       "stepValue": 0.0025920009,
       "maxStep": 2
      },
      {
       "propertyName": "DEF",
       "propertyIconPath": "2077c52919d0f523755a4d92ce338874b71561611a436572d8eb315a34f4a4c2",
       "isPercent": true,
       "baseValue": 0.02592,
       "levelAdd": 0.02592,
       "stepValue": 0.0032400002,
       "maxStep": 2
      },
      {
       "propertyName": "VEL",
       "propertyIconPath": "959ebc55a284ac83b29de4d97b3422772e372e53ff820bc9af972e0201aabe98",
       "isPercent": false,
       "baseValue": 1.2,
       "levelAdd": 1.2,
       "stepValue": 0.1,
       "maxStep": 2
      },
      {
       "propertyName": "Chance de CRIT",
       "propertyIconPath": "649d04ce090ec9e142d024138f54bf2e416362f48f452776826e5a4e8e26c028",
       "isPercent": true,
       "baseValue": 0.015552,
       "levelAdd": 0.015552,
       "stepValue": 0.0019440008,
       "maxStep": 2
      },
      {
       "propertyName": "Dano CRIT",
       "propertyIconPath": "70505c64ff7cb3df4a9faf76eb488438570422a20d9dd2f42225da1dd1c97648",
       "isPercent": true,
       "baseValue": 0.031104,
       "levelAdd": 0.031104,
       "stepValue": 0.003888001,
       "maxStep": 2
      },
      {
       "propertyName": "Taxa de Acerto de Efeito",
       "propertyIconPath": "16e46edec660d897581a1ee77b95e61bafbc7a669f7e88ab6d27b9f23fa4bd49",
       "isPercent": true,
       "baseValue": 0.020736001,
       "levelAdd": 0.020736001,
       "stepValue": 0.0025920009,
       "maxStep": 2
      },
      {
       "propertyName": "RES a Efeito",
       "propertyIconPath": "53050ffa2be01a99b930263f8c1b883e021e236827d23c7f2fafbd5d59f4a98d",
       "isPercent": true,
       "baseValue": 0.020736001,
       "levelAdd": 0.020736001,
       "stepValue": 0.0025920009,
       "maxStep": 2
      },
      {
       "propertyName": "Efeito de Quebra",
       "propertyIconPath": "2f652a2e091ec1a28dde16dfec5968a959804447eb99f746b6f2cba53dedfc2c",
       "isPercent": true,
       "baseValue": 0.031104,
       "levelAdd": 0.031104,
       "stepValue": 0.003888001,
       "maxStep": 2
      }
     ]
    },
    "4": {
     "rarity": 4,
     "maxLevel": 12,
     "mainAffixes": [
      {
       "propertyName": "ATQ",
       "propertyIconPath": "2d1ce81848ae3af0e819f7f98badde6930dd127f20a6d2686eb806bc963989d5",
       "isPercent": false,
       "baseValue": 45.1584,
       "levelAdd": 15.80544,
       "stepValue": 0,
       "maxStep": 0
      }
     ],
     "subAffixes": [
      {
       "propertyName": "PV",
       "propertyIconPath": "9560c98da124f605af2e45c09f26a0b8ee24c3aa357b9701464d7c04adcd0da7",
       "isPercent": false,
       "baseValue": 27.096031,
       "levelAdd": 27.096031,
       "stepValue": 3.387004,
       "maxStep": 2
      },
      {
       "propertyName": "ATQ",
       "propertyIconPath": "2d1ce81848ae3af0e819f7f98badde6930dd127f20a6d2686eb806bc963989d5",
       "isPercent": false,
       "baseValue": 13.548016,
       "levelAdd": 13.548016,
       "stepValue": 1.693502,
       "maxStep": 2
      },
      {
       "propertyName": "DEF",
       "propertyIconPath": "2077c52919d0f523755a4d92ce338874b71561611a436572d8eb315a34f4a4c2",
       "isPercent": false,
       "baseValue": 13.548016,
       "levelAdd": 13.548016,
       "stepValue": 1.693502,
       "maxStep": 2
      },
      {
       "propertyName": "PV",
       "propertyIconPath": "9560c98da124f605af2e45c09f26a0b8ee24c3aa357b9701464d7c04adcd0da7",
       "isPercent": true,
       "baseValue": 0.027648,
       "levelAdd": 0.027648,
       "stepValue": 0.0034560005,
       "maxStep": 2
      },
      {
       "propertyName": "ATQ",
       "propertyIconPath": "2d1ce81848ae3af0e819f7f98badde6930dd127f20a6d2686eb806bc963989d5",
       "isPercent": true,
       "baseValue": 0.027648,
       "levelAdd": 0.027648,
       "stepValue": 0.0034560005,
       "maxStep": 2
      },
      {
       "propertyName": "DEF",
       "propertyIconPath": "2077c52919d0f523755a4d92ce338874b71561611a436572d8eb315a34f4a4c2",
       "isPercent": true,
       "baseValue": 0.034560002,
       "levelAdd": 0.034560002,
       "stepValue": 0.0043200003,
       "maxStep": 2
      },
      {
       "propertyName": "VEL",
       "propertyIconPath": "959ebc55a284ac83b29de4d97b3422772e372e53ff820bc9af972e0201aabe98",
       "isPercent": false,
       "baseValue": 1.6,
       "levelAdd": 1.6,
       "stepValue": 0.2,
       "maxStep": 2
      },
      {
       "propertyName": "Chance de CRIT",
       "propertyIconPath": "649d04ce090ec9e142d024138f54bf2e416362f48f452776826e5a4e8e26c028",
       "isPercent": true,
       "baseValue": 0.020736001,
       "levelAdd": 0.020736001,
       "stepValue": 0.0025920009,
       "maxStep": 2
      },
      {
       "propertyName": "Dano CRIT",
       "propertyIconPath": "70505c64ff7cb3df4a9faf76eb488438570422a20d9dd2f42225da1dd1c97648",
       "isPercent": true,
       "baseValue": 0.041472,
       "levelAdd": 0.041472,
       "stepValue": 0.0051840004,
       "maxStep": 2
      },
      {
       "propertyName": "Taxa de Acerto de Efeito",
       "propertyIconPath": "16e46edec660d897581a1ee77b95e61bafbc7a669f7e88ab6d27b9f23fa4bd49",
       "isPercent": true,
       "baseValue": 0.027648,
       "levelAdd": 0.027648,
       "stepValue": 0.0034560005,
       "maxStep": 2
      },
      {
       "propertyName": "RES a Efeito",
       "propertyIconPath": "53050ffa2be01a99b930263f8c1b883e021e236827d23c7f2fafbd5d59f4a98d",
       "isPercent": true,
       "baseValue": 0.027648,
       "levelAdd": 0.027648,
       "stepValue": 0.0034560005,
       "maxStep": 2
      },
      {
       "propertyName": "Efeito de Quebra",
       "propertyIconPath": "2f652a2e091ec1a28dde16dfec5968a959804447eb99f746b6f2cba53dedfc2c",
       "isPercent": true,
       "baseValue": 0.041472,
       "levelAdd": 0.041472,
       "stepValue": 0.0051840004,
       "maxStep": 2
      }
     ]
    },
    "5": {
     "rarity": 5,
     "maxLevel": 15,
     "mainAffixes": [
      {
       "propertyName": "ATQ",
       "propertyIconPath": "2d1ce81848ae3af0e819f7f98badde6930dd127f20a6d2686eb806bc963989d5",
       "isPercent": false,
       "baseValue": 56.448,
       "levelAdd": 19.7568,
       "stepValue": 0,
       "maxStep": 0
      }
     ],
     "subAffixes": [
      {
       "propertyName": "PV",
       "propertyIconPath": "9560c98da124f605af2e45c09f26a0b8ee24c3aa357b9701464d7c04adcd0da7",
       "isPercent": false,
       "baseValue": 33.87004,
       "levelAdd": 33.87004,
       "stepValue": 4.233755,
       "maxStep": 2
      },
      {
       "propertyName": "ATQ",
       "propertyIconPath": "2d1ce81848ae3af0e819f7f98badde6930dd127f20a6d2686eb806bc963989d5",
       "isPercent": false,
       "baseValue": 16.935019,
       "levelAdd": 16.935019,
       "stepValue": 2.116877,
       "maxStep": 2
      },
      {
       "propertyName": "DEF",
       "propertyIconPath": "2077c52919d0f523755a4d92ce338874b71561611a436572d8eb315a34f4a4c2",
       "isPercent": false,
       "baseValue": 16.935019,
       "levelAdd": 16.935019,
       "stepValue": 2.116877,
       "maxStep": 2
      },
      {
       "propertyName": "PV",
       "propertyIconPath": "9560c98da124f605af2e45c09f26a0b8ee24c3aa357b9701464d7c04adcd0da7",
       "isPercent": true,
       "baseValue": 0.034560002,
       "levelAdd": 0.034560002,
       "stepValue": 0.0043200003,
       "maxStep": 2
      },
      {
       "propertyName": "ATQ",
       "propertyIconPath": "2d1ce81848ae3af0e819f7f98badde6930dd127f20a6d2686eb806bc963989d5",
       "isPercent": true,
       "baseValue": 0.034560002,
       "levelAdd": 0.034560002,
       "stepValue": 0.0043200003,
       "maxStep": 2
      },
      {
       "propertyName": "DEF",
       "propertyIconPath": "2077c52919d0f523755a4d92ce338874b71561611a436572d8eb315a34f4a4c2",
       "isPercent": true,
       "baseValue": 0.0432,
       "levelAdd": 0.0432,
       "stepValue": 0.0054,
       "maxStep": 2
      },
      {
       "propertyName": "VEL",
       "propertyIconPath": "959ebc55a284ac83b29de4d97b3422772e372e53ff820bc9af972e0201aabe98",
       "isPercent": false,
       "baseValue": 2,
       "levelAdd": 2,
       "stepValue": 0.3,
       "maxStep": 2
      },
      {
       "propertyName": "Chance de CRIT",
       "propertyIconPath": "649d04ce090ec9e142d024138f54bf2e416362f48f452776826e5a4e8e26c028",
       "isPercent": true,
       "baseValue": 0.02592,
       "levelAdd": 0.02592,
       "stepValue": 0.0032400002,
       "maxStep": 2
      },
      {
       "propertyName": "Dano CRIT",
       "propertyIconPath": "70505c64ff7cb3df4a9faf76eb488438570422a20d9dd2f42225da1dd1c97648",
       "isPercent": true,
       "baseValue": 0.05184,
       "levelAdd": 0.05184,
       "stepValue": 0.0064800004,
       "maxStep": 2
      },
      {
       "propertyName": "Taxa de Acerto de Efeito",
       "propertyIconPath": "16e46edec660d897581a1ee77b95e61bafbc7a669f7e88ab6d27b9f23fa4bd49",
       "isPercent": true,
       "baseValue": 0.034560002,
       "levelAdd": 0.034560002,
       "stepValue": 0.0043200003,
       "maxStep": 2
      },
      {
       "propertyName": "RES a Efeito",
       "propertyIconPath": "53050ffa2be01a99b930263f8c1b883e021e236827d23c7f2fafbd5d59f4a98d",
       "isPercent": true,
       "baseValue": 0.034560002,
       "levelAdd": 0.034560002,
       "stepValue": 0.0043200003,
       "maxStep": 2
      },
      {
       "propertyName": "Efeito de Quebra",
       "propertyIconPath": "2f652a2e091ec1a28dde16dfec5968a959804447eb99f746b6f2cba53dedfc2c",
       "isPercent": true,
       "baseValue": 0.05184,
       "levelAdd": 0.05184,
       "stepValue": 0.0064800004,
       "maxStep": 2
      }
     ]
    }
   }
  },
  "3": {
   "name": "Armadura Solene da Cavaleira",
   "type": 0,
   "maxRarity": 5,
   "iconPath": "27896af3042d2f3877f08c85fd8a890109fa8bfa582601df17617fb836f69e0b",
   "baseTypeText": "Corpo",
   "loreTitle": "Armadura Solene da Cavaleira",
   "miniLore": "Armadura pesada decorada com símbolos característicos da Igreja do Palácio da Pureza. Até as articulações são invulneráveis.",
   "lore": "A armadura da Cavaleira Solene precisa ser abençoada pela Donzela Vanira, em uma cerimônia na qual é feito um juramento para se tornar cavaleira guardiã.<br /><br />No passado, a Igreja prendeu as mãos e os pés da garota demônio com correntes de metal. Agora, Safina pediu que sua armadura fosse forjada com metais da terra dos demônios, para que um dia ela finalmente possa descansar em paz ao lado de algo de sua terra natal.<br /><br />A Donzela da Igreja do Palácio da Pureza lavou os pecados da armadura meticulosamente, recitou orações reverentes a deus e selou um milagre antigo no peitoral, na altura do coração. A Igreja não acreditava na lealdade de demônios, mas estava convencida de que suas doutrinas eram capazes de purificar qualquer coisa. Safina observava em silêncio enquanto o antigo ritual designava a responsabilidade a ela.<br /><br />A Donzela não acreditava que a cerimônia tivesse nenhum propósito ou que houvesse qualquer pecado para ser lavado.<br /><br />\"Minha querida Safina, a cavaleira deve proteger bem a Donzela.\" Encostando a cabeça no peitoral, Vanira pôde ouvir claramente o batimento intenso do coração de Safina.",
   "rarityData": {
    "2": {
     "rarity": 2,
     "maxLevel": 6,
     "mainAffixes": [
      {
       "propertyName": "PV",
       "propertyIconPath": "9560c98da124f605af2e45c09f26a0b8ee24c3aa357b9701464d7c04adcd0da7",
       "isPercent": true,
       "baseValue": 0.027648,
       "levelAdd": 0.009677,
       "stepValue": 0,
       "maxStep": 0
      },
      {
       "propertyName": "ATQ",
       "propertyIconPath": "2d1ce81848ae3af0e819f7f98badde6930dd127f20a6d2686eb806bc963989d5",
       "isPercent": true,
       "baseValue": 0.027648,
       "levelAdd": 0.009677,
       "stepValue": 0,
       "maxStep": 0
      },
      {
       "propertyName": "DEF",
       "propertyIconPath": "2077c52919d0f523755a4d92ce338874b71561611a436572d8eb315a34f4a4c2",
       "isPercent": true,
       "baseValue": 0.034560002,
       "levelAdd": 0.012096001,
       "stepValue": 0,
       "maxStep": 0
      },
      {
       "propertyName": "Chance de CRIT",
       "propertyIconPath": "649d04ce090ec9e142d024138f54bf2e416362f48f452776826e5a4e8e26c028",
       "isPercent": true,
       "baseValue": 0.020736001,
       "levelAdd": 0.007258,
       "stepValue": 0,
       "maxStep": 0
      },
      {
       "propertyName": "Dano CRIT",
       "propertyIconPath": "70505c64ff7cb3df4a9faf76eb488438570422a20d9dd2f42225da1dd1c97648",
       "isPercent": true,
       "baseValue": 0.041472,
       "levelAdd": 0.014515,
       "stepValue": 0,
       "maxStep": 0
      },
      {
       "propertyName": "Bônus de Cura Realizada",
       "propertyIconPath": "1ecf9533d500dcf797874c47e9ee7dfd99de2e0f4e3a0f0ff87544cfb1d1b72a",
       "isPercent": true,
       "baseValue": 0.022118,
       "levelAdd": 0.0077410005,
       "stepValue": 0,
       "maxStep": 0
      },
      {
       "propertyName": "Taxa de Acerto de Efeito",
       "propertyIconPath": "16e46edec660d897581a1ee77b95e61bafbc7a669f7e88ab6d27b9f23fa4bd49",
       "isPercent": true,
       "baseValue": 0.027648,
       "levelAdd": 0.009677,
       "stepValue": 0,
       "maxStep": 0
      }
     ],
     "subAffixes": [
      {
       "propertyName": "PV",
       "propertyIconPath": "9560c98da124f605af2e45c09f26a0b8ee24c3aa357b9701464d7c04adcd0da7",
       "isPercent": false,
       "baseValue": 13.548016,
       "levelAdd": 13.548016,
       "stepValue": 1.693502,
       "maxStep": 2
      },
      {
       "propertyName": "ATQ",
       "propertyIconPath": "2d1ce81848ae3af0e819f7f98badde6930dd127f20a6d2686eb806bc963989d5",
       "isPercent": false,
       "baseValue": 6.774008,
       "levelAdd": 6.774008,
       "stepValue": 0.846751,
       "maxStep": 2
      },
      {
       "propertyName": "DEF",
       "propertyIconPath": "2077c52919d0f523755a4d92ce338874b71561611a436572d8eb315a34f4a4c2",
       "isPercent": false,
       "baseValue": 6.774008,
       "levelAdd": 6.774008,
       "stepValue": 0.846751,
       "maxStep": 2
      },
      {
       "propertyName": "PV",
       "propertyIconPath": "9560c98da124f605af2e45c09f26a0b8ee24c3aa357b9701464d7c04adcd0da7",
       "isPercent": true,
       "baseValue": 0.013824001,
       "levelAdd": 0.013824001,
       "stepValue": 0.0017280006,
       "maxStep": 2
      },
      {
       "propertyName": "ATQ",
       "propertyIconPath": "2d1ce81848ae3af0e819f7f98badde6930dd127f20a6d2686eb806bc963989d5",
       "isPercent": true,
       "baseValue": 0.013824001,
       "levelAdd": 0.013824001,
       "stepValue": 0.0017280006,
       "maxStep": 2
      },
      {
       "propertyName": "DEF",
       "propertyIconPath": "2077c52919d0f523755a4d92ce338874b71561611a436572d8eb315a34f4a4c2",
       "isPercent": true,
       "baseValue": 0.017280001,
       "levelAdd": 0.017280001,
       "stepValue": 0.0021600004,
       "maxStep": 2
      },
      {
       "propertyName": "VEL",
       "propertyIconPath": "959ebc55a284ac83b29de4d97b3422772e372e53ff820bc9af972e0201aabe98",
       "isPercent": false,
       "baseValue": 1,
       "levelAdd": 1,
       "stepValue": 0.1,
       "maxStep": 2
      },
      {
       "propertyName": "Chance de CRIT",
       "propertyIconPath": "649d04ce090ec9e142d024138f54bf2e416362f48f452776826e5a4e8e26c028",
       "isPercent": true,
       "baseValue": 0.010368001,
       "levelAdd": 0.010368001,
       "stepValue": 0.0012960008,
       "maxStep": 2
      },
      {
       "propertyName": "Dano CRIT",
       "propertyIconPath": "70505c64ff7cb3df4a9faf76eb488438570422a20d9dd2f42225da1dd1c97648",
       "isPercent": true,
       "baseValue": 0.020736001,
       "levelAdd": 0.020736001,
       "stepValue": 0.0025920009,
       "maxStep": 2
      },
      {
       "propertyName": "Taxa de Acerto de Efeito",
       "propertyIconPath": "16e46edec660d897581a1ee77b95e61bafbc7a669f7e88ab6d27b9f23fa4bd49",
       "isPercent": true,
       "baseValue": 0.013824001,
       "levelAdd": 0.013824001,
       "stepValue": 0.0017280006,
       "maxStep": 2
      },
      {
       "propertyName": "RES a Efeito",
       "propertyIconPath": "53050ffa2be01a99b930263f8c1b883e021e236827d23c7f2fafbd5d59f4a98d",
       "isPercent": true,
       "baseValue": 0.013824001,
       "levelAdd": 0.013824001,
       "stepValue": 0.0017280006,
       "maxStep": 2
      },
      {
       "propertyName": "Efeito de Quebra",
       "propertyIconPath": "2f652a2e091ec1a28dde16dfec5968a959804447eb99f746b6f2cba53dedfc2c",
       "isPercent": true,
       "baseValue": 0.020736001,
       "levelAdd": 0.020736001,
       "stepValue": 0.0025920009,
       "maxStep": 2
      }
     ]
    },
    "3": {
     "rarity": 3,
     "maxLevel": 9,
     "mainAffixes": [
      {
       "propertyName": "PV",
       "propertyIconPath": "9560c98da124f605af2e45c09f26a0b8ee24c3aa357b9701464d7c04adcd0da7",
       "isPercent": true,
       "baseValue": 0.041472,
       "levelAdd": 0.014515,
       "stepValue": 0,
       "maxStep": 0
      },
      {
       "propertyName": "ATQ",
       "propertyIconPath": "2d1ce81848ae3af0e819f7f98badde6930dd127f20a6d2686eb806bc963989d5",
       "isPercent": true,
       "baseValue": 0.041472,
       "levelAdd": 0.014515,
       "stepValue": 0,
       "maxStep": 0
      },
      {
       "propertyName": "DEF",
       "propertyIconPath": "2077c52919d0f523755a4d92ce338874b71561611a436572d8eb315a34f4a4c2",
       "isPercent": true,
       "baseValue": 0.05184,
       "levelAdd": 0.018144,
       "stepValue": 0,
       "maxStep": 0
      },
      {
       "propertyName": "Chance de CRIT",
       "propertyIconPath": "649d04ce090ec9e142d024138f54bf2e416362f48f452776826e5a4e8e26c028",
       "isPercent": true,
       "baseValue": 0.031104,
       "levelAdd": 0.010886001,
       "stepValue": 0,
       "maxStep": 0
      },
      {
       "propertyName": "Dano CRIT",
       "propertyIconPath": "70505c64ff7cb3df4a9faf76eb488438570422a20d9dd2f42225da1dd1c97648",
       "isPercent": true,
       "baseValue": 0.062208,
       "levelAdd": 0.021773001,
       "stepValue": 0,
       "maxStep": 0
      },
      {
       "propertyName": "Bônus de Cura Realizada",
       "propertyIconPath": "1ecf9533d500dcf797874c47e9ee7dfd99de2e0f4e3a0f0ff87544cfb1d1b72a",
       "isPercent": true,
       "baseValue": 0.033178,
       "levelAdd": 0.011612,
       "stepValue": 0,
       "maxStep": 0
      },
      {
       "propertyName": "Taxa de Acerto de Efeito",
       "propertyIconPath": "16e46edec660d897581a1ee77b95e61bafbc7a669f7e88ab6d27b9f23fa4bd49",
       "isPercent": true,
       "baseValue": 0.041472,
       "levelAdd": 0.014515,
       "stepValue": 0,
       "maxStep": 0
      }
     ],
     "subAffixes": [
      {
       "propertyName": "PV",
       "propertyIconPath": "9560c98da124f605af2e45c09f26a0b8ee24c3aa357b9701464d7c04adcd0da7",
       "isPercent": false,
       "baseValue": 20.322023,
       "levelAdd": 20.322023,
       "stepValue": 2.540253,
       "maxStep": 2
      },
      {
       "propertyName": "ATQ",
       "propertyIconPath": "2d1ce81848ae3af0e819f7f98badde6930dd127f20a6d2686eb806bc963989d5",
       "isPercent": false,
       "baseValue": 10.161012,
       "levelAdd": 10.161012,
       "stepValue": 1.270126,
       "maxStep": 2
      },
      {
       "propertyName": "DEF",
       "propertyIconPath": "2077c52919d0f523755a4d92ce338874b71561611a436572d8eb315a34f4a4c2",
       "isPercent": false,
       "baseValue": 10.161012,
       "levelAdd": 10.161012,
       "stepValue": 1.270126,
       "maxStep": 2
      },
      {
       "propertyName": "PV",
       "propertyIconPath": "9560c98da124f605af2e45c09f26a0b8ee24c3aa357b9701464d7c04adcd0da7",
       "isPercent": true,
       "baseValue": 0.020736001,
       "levelAdd": 0.020736001,
       "stepValue": 0.0025920009,
       "maxStep": 2
      },
      {
       "propertyName": "ATQ",
       "propertyIconPath": "2d1ce81848ae3af0e819f7f98badde6930dd127f20a6d2686eb806bc963989d5",
       "isPercent": true,
       "baseValue": 0.020736001,
       "levelAdd": 0.020736001,
       "stepValue": 0.0025920009,
       "maxStep": 2
      },
      {
       "propertyName": "DEF",
       "propertyIconPath": "2077c52919d0f523755a4d92ce338874b71561611a436572d8eb315a34f4a4c2",
       "isPercent": true,
       "baseValue": 0.02592,
       "levelAdd": 0.02592,
       "stepValue": 0.0032400002,
       "maxStep": 2
      },
      {
       "propertyName": "VEL",
       "propertyIconPath": "959ebc55a284ac83b29de4d97b3422772e372e53ff820bc9af972e0201aabe98",
       "isPercent": false,
       "baseValue": 1.2,
       "levelAdd": 1.2,
       "stepValue": 0.1,
       "maxStep": 2
      },
      {
       "propertyName": "Chance de CRIT",
       "propertyIconPath": "649d04ce090ec9e142d024138f54bf2e416362f48f452776826e5a4e8e26c028",
       "isPercent": true,
       "baseValue": 0.015552,
       "levelAdd": 0.015552,
       "stepValue": 0.0019440008,
       "maxStep": 2
      },
      {
       "propertyName": "Dano CRIT",
       "propertyIconPath": "70505c64ff7cb3df4a9faf76eb488438570422a20d9dd2f42225da1dd1c97648",
       "isPercent": true,
       "baseValue": 0.031104,
       "levelAdd": 0.031104,
       "stepValue": 0.003888001,
       "maxStep": 2
      },
      {
       "propertyName": "Taxa de Acerto de Efeito",
       "propertyIconPath": "16e46edec660d897581a1ee77b95e61bafbc7a669f7e88ab6d27b9f23fa4bd49",
       "isPercent": true,
       "baseValue": 0.020736001,
       "levelAdd": 0.020736001,
       "stepValue": 0.0025920009,
       "maxStep": 2
      },
      {
       "propertyName": "RES a Efeito",
       "propertyIconPath": "53050ffa2be01a99b930263f8c1b883e021e236827d23c7f2fafbd5d59f4a98d",
       "isPercent": true,
       "baseValue": 0.020736001,
       "levelAdd": 0.020736001,
       "stepValue": 0.0025920009,
       "maxStep": 2
      },
      {
       "propertyName": "Efeito de Quebra",
       "propertyIconPath": "2f652a2e091ec1a28dde16dfec5968a959804447eb99f746b6f2cba53dedfc2c",
       "isPercent": true,
       "baseValue": 0.031104,
       "levelAdd": 0.031104,
       "stepValue": 0.003888001,
       "maxStep": 2
      }
     ]
    },
    "4": {
     "rarity": 4,
     "maxLevel": 12,
     "mainAffixes": [
      {
       "propertyName": "PV",
       "propertyIconPath": "9560c98da124f605af2e45c09f26a0b8ee24c3aa357b9701464d7c04adcd0da7",
       "isPercent": true,
       "baseValue": 0.055296,
       "levelAdd": 0.019354,
       "stepValue": 0,
       "maxStep": 0
      },
      {
       "propertyName": "ATQ",
       "propertyIconPath": "2d1ce81848ae3af0e819f7f98badde6930dd127f20a6d2686eb806bc963989d5",
       "isPercent": true,
       "baseValue": 0.055296,
       "levelAdd": 0.019354,
       "stepValue": 0,
       "maxStep": 0
      },
      {
       "propertyName": "DEF",
       "propertyIconPath": "2077c52919d0f523755a4d92ce338874b71561611a436572d8eb315a34f4a4c2",
       "isPercent": true,
       "baseValue": 0.06912,
       "levelAdd": 0.024192,
       "stepValue": 0,
       "maxStep": 0
      },
      {
       "propertyName": "Chance de CRIT",
       "propertyIconPath": "649d04ce090ec9e142d024138f54bf2e416362f48f452776826e5a4e8e26c028",
       "isPercent": true,
       "baseValue": 0.041472,
       "levelAdd": 0.014515,
       "stepValue": 0,
       "maxStep": 0
      },
      {
       "propertyName": "Dano CRIT",
       "propertyIconPath": "70505c64ff7cb3df4a9faf76eb488438570422a20d9dd2f42225da1dd1c97648",
       "isPercent": true,
       "baseValue": 0.082944,
       "levelAdd": 0.029029999,
       "stepValue": 0,
       "maxStep": 0
      },
      {
       "propertyName": "Bônus de Cura Realizada",
       "propertyIconPath": "1ecf9533d500dcf797874c47e9ee7dfd99de2e0f4e3a0f0ff87544cfb1d1b72a",
       "isPercent": true,
       "baseValue": 0.044237,
       "levelAdd": 0.015483,
       "stepValue": 0,
       "maxStep": 0
      },
      {
       "propertyName": "Taxa de Acerto de Efeito",
       "propertyIconPath": "16e46edec660d897581a1ee77b95e61bafbc7a669f7e88ab6d27b9f23fa4bd49",
       "isPercent": true,
       "baseValue": 0.055296,
       "levelAdd": 0.019354,
       "stepValue": 0,
       "maxStep": 0
      }
     ],
     "subAffixes": [
      {
       "propertyName": "PV",
       "propertyIconPath": "9560c98da124f605af2e45c09f26a0b8ee24c3aa357b9701464d7c04adcd0da7",
       "isPercent": false,
       "baseValue": 27.096031,
       "levelAdd": 27.096031,
       "stepValue": 3.387004,
       "maxStep": 2
      },
      {
       "propertyName": "ATQ",
       "propertyIconPath": "2d1ce81848ae3af0e819f7f98badde6930dd127f20a6d2686eb806bc963989d5",
       "isPercent": false,
       "baseValue": 13.548016,
       "levelAdd": 13.548016,
       "stepValue": 1.693502,
       "maxStep": 2
      },
      {
       "propertyName": "DEF",
       "propertyIconPath": "2077c52919d0f523755a4d92ce338874b71561611a436572d8eb315a34f4a4c2",
       "isPercent": false,
       "baseValue": 13.548016,
       "levelAdd": 13.548016,
       "stepValue": 1.693502,
       "maxStep": 2
      },
      {
       "propertyName": "PV",
       "propertyIconPath": "9560c98da124f605af2e45c09f26a0b8ee24c3aa357b9701464d7c04adcd0da7",
       "isPercent": true,
       "baseValue": 0.027648,
       "levelAdd": 0.027648,
       "stepValue": 0.0034560005,
       "maxStep": 2
      },
      {
       "propertyName": "ATQ",
       "propertyIconPath": "2d1ce81848ae3af0e819f7f98badde6930dd127f20a6d2686eb806bc963989d5",
       "isPercent": true,
       "baseValue": 0.027648,
       "levelAdd": 0.027648,
       "stepValue": 0.0034560005,
       "maxStep": 2
      },
      {
       "propertyName": "DEF",
       "propertyIconPath": "2077c52919d0f523755a4d92ce338874b71561611a436572d8eb315a34f4a4c2",
       "isPercent": true,
       "baseValue": 0.034560002,
       "levelAdd": 0.034560002,
       "stepValue": 0.0043200003,
       "maxStep": 2
      },
      {
       "propertyName": "VEL",
       "propertyIconPath": "959ebc55a284ac83b29de4d97b3422772e372e53ff820bc9af972e0201aabe98",
       "isPercent": false,
       "baseValue": 1.6,
       "levelAdd": 1.6,
       "stepValue": 0.2,
       "maxStep": 2
      },
      {
       "propertyName": "Chance de CRIT",
       "propertyIconPath": "649d04ce090ec9e142d024138f54bf2e416362f48f452776826e5a4e8e26c028",
       "isPercent": true,
       "baseValue": 0.020736001,
       "levelAdd": 0.020736001,
       "stepValue": 0.0025920009,
       "maxStep": 2
      },
      {
       "propertyName": "Dano CRIT",
       "propertyIconPath": "70505c64ff7cb3df4a9faf76eb488438570422a20d9dd2f42225da1dd1c97648",
       "isPercent": true,
       "baseValue": 0.041472,
       "levelAdd": 0.041472,
       "stepValue": 0.0051840004,
       "maxStep": 2
      },
      {
       "propertyName": "Taxa de Acerto de Efeito",
       "propertyIconPath": "16e46edec660d897581a1ee77b95e61bafbc7a669f7e88ab6d27b9f23fa4bd49",
       "isPercent": true,
       "baseValue": 0.027648,
       "levelAdd": 0.027648,
       "stepValue": 0.0034560005,
       "maxStep": 2
      },
      {
       "propertyName": "RES a Efeito",
       "propertyIconPath": "53050ffa2be01a99b930263f8c1b883e021e236827d23c7f2fafbd5d59f4a98d",
       "isPercent": true,
       "baseValue": 0.027648,
       "levelAdd": 0.027648,
       "stepValue": 0.0034560005,
       "maxStep": 2
      },
      {
       "propertyName": "Efeito de Quebra",
       "propertyIconPath": "2f652a2e091ec1a28dde16dfec5968a959804447eb99f746b6f2cba53dedfc2c",
       "isPercent": true,
       "baseValue": 0.041472,
       "levelAdd": 0.041472,
       "stepValue": 0.0051840004,
       "maxStep": 2
      }
     ]
    },
    "5": {
     "rarity": 5,
     "maxLevel": 15,
     "mainAffixes": [
      {
       "propertyName": "PV",
       "propertyIconPath": "9560c98da124f605af2e45c09f26a0b8ee24c3aa357b9701464d7c04adcd0da7",
       "isPercent": true,
       "baseValue": 0.06912,
       "levelAdd": 0.024192,
       "stepValue": 0,
       "maxStep": 0
      },
      {
       "propertyName": "ATQ",
       "propertyIconPath": "2d1ce81848ae3af0e819f7f98badde6930dd127f20a6d2686eb806bc963989d5",
       "isPercent": true,
       "baseValue": 0.06912,
       "levelAdd": 0.024192,
       "stepValue": 0,
       "maxStep": 0
      },
      {
       "propertyName": "DEF",
       "propertyIconPath": "2077c52919d0f523755a4d92ce338874b71561611a436572d8eb315a34f4a4c2",
       "isPercent": true,
       "baseValue": 0.0864,
       "levelAdd": 0.030240001,
       "stepValue": 0,
       "maxStep": 0
      },
      {
       "propertyName": "Chance de CRIT",
       "propertyIconPath": "649d04ce090ec9e142d024138f54bf2e416362f48f452776826e5a4e8e26c028",
       "isPercent": true,
       "baseValue": 0.05184,
       "levelAdd": 0.018144,
       "stepValue": 0,
       "maxStep": 0
      },
      {
       "propertyName": "Dano CRIT",
       "propertyIconPath": "70505c64ff7cb3df4a9faf76eb488438570422a20d9dd2f42225da1dd1c97648",
       "isPercent": true,
       "baseValue": 0.10368,
       "levelAdd": 0.036288,
       "stepValue": 0,
       "maxStep": 0
      },
      {
       "propertyName": "Bônus de Cura Realizada",
       "propertyIconPath": "1ecf9533d500dcf797874c47e9ee7dfd99de2e0f4e3a0f0ff87544cfb1d1b72a",
       "isPercent": true,
       "baseValue": 0.055296,
       "levelAdd": 0.019354,
       "stepValue": 0,
       "maxStep": 0
      },
      {
       "propertyName": "Taxa de Acerto de Efeito",
       "propertyIconPath": "16e46edec660d897581a1ee77b95e61bafbc7a669f7e88ab6d27b9f23fa4bd49",
       "isPercent": true,
       "baseValue": 0.06912,
       "levelAdd": 0.024192,
       "stepValue": 0,
       "maxStep": 0
      }
     ],
     "subAffixes": [
      {
       "propertyName": "PV",
       "propertyIconPath": "9560c98da124f605af2e45c09f26a0b8ee24c3aa357b9701464d7c04adcd0da7",
       "isPercent": false,
       "baseValue": 33.87004,
       "levelAdd": 33.87004,
       "stepValue": 4.233755,
       "maxStep": 2
      },
      {
       "propertyName": "ATQ",
       "propertyIconPath": "2d1ce81848ae3af0e819f7f98badde6930dd127f20a6d2686eb806bc963989d5",
       "isPercent": false,
       "baseValue": 16.935019,
       "levelAdd": 16.935019,
       "stepValue": 2.116877,
       "maxStep": 2
      },
      {
       "propertyName": "DEF",
       "propertyIconPath": "2077c52919d0f523755a4d92ce338874b71561611a436572d8eb315a34f4a4c2",
       "isPercent": false,
       "baseValue": 16.935019,
       "levelAdd": 16.935019,
       "stepValue": 2.116877,
       "maxStep": 2
      },
      {
       "propertyName": "PV",
       "propertyIconPath": "9560c98da124f605af2e45c09f26a0b8ee24c3aa357b9701464d7c04adcd0da7",
       "isPercent": true,
       "baseValue": 0.034560002,
       "levelAdd": 0.034560002,
       "stepValue": 0.0043200003,
       "maxStep": 2
      },
      {
       "propertyName": "ATQ",
       "propertyIconPath": "2d1ce81848ae3af0e819f7f98badde6930dd127f20a6d2686eb806bc963989d5",
       "isPercent": true,
       "baseValue": 0.034560002,
       "levelAdd": 0.034560002,
       "stepValue": 0.0043200003,
       "maxStep": 2
      },
      {
       "propertyName": "DEF",
       "propertyIconPath": "2077c52919d0f523755a4d92ce338874b71561611a436572d8eb315a34f4a4c2",
       "isPercent": true,
       "baseValue": 0.0432,
       "levelAdd": 0.0432,
       "stepValue": 0.0054,
       "maxStep": 2
      },
      {
       "propertyName": "VEL",
       "propertyIconPath": "959ebc55a284ac83b29de4d97b3422772e372e53ff820bc9af972e0201aabe98",
       "isPercent": false,
       "baseValue": 2,
       "levelAdd": 2,
       "stepValue": 0.3,
       "maxStep": 2
      },
      {
       "propertyName": "Chance de CRIT",
       "propertyIconPath": "649d04ce090ec9e142d024138f54bf2e416362f48f452776826e5a4e8e26c028",
       "isPercent": true,
       "baseValue": 0.02592,
       "levelAdd": 0.02592,
       "stepValue": 0.0032400002,
       "maxStep": 2
      },
      {
       "propertyName": "Dano CRIT",
       "propertyIconPath": "70505c64ff7cb3df4a9faf76eb488438570422a20d9dd2f42225da1dd1c97648",
       "isPercent": true,
       "baseValue": 0.05184,
       "levelAdd": 0.05184,
       "stepValue": 0.0064800004,
       "maxStep": 2
      },
      {
       "propertyName": "Taxa de Acerto de Efeito",
       "propertyIconPath": "16e46edec660d897581a1ee77b95e61bafbc7a669f7e88ab6d27b9f23fa4bd49",
       "isPercent": true,
       "baseValue": 0.034560002,
       "levelAdd": 0.034560002,
       "stepValue": 0.0043200003,
       "maxStep": 2
      },
      {
       "propertyName": "RES a Efeito",
       "propertyIconPath": "53050ffa2be01a99b930263f8c1b883e021e236827d23c7f2fafbd5d59f4a98d",
       "isPercent": true,
       "baseValue": 0.034560002,
       "levelAdd": 0.034560002,
       "stepValue": 0.0043200003,
       "maxStep": 2
      },
      {
       "propertyName": "Efeito de Quebra",
       "propertyIconPath": "2f652a2e091ec1a28dde16dfec5968a959804447eb99f746b6f2cba53dedfc2c",
       "isPercent": true,
       "baseValue": 0.05184,
       "levelAdd": 0.05184,
       "stepValue": 0.0064800004,
       "maxStep": 2
      }
     ]
    }
   }
  },
  "4": {
   "name": "Botas de Ferro da Ordem da Cavaleira",
   "type": 0,
   "maxRarity": 5,
   "iconPath": "f25df0ada2d41dfe7cdbeb7b96d763d623b838175c7a6cef986a971484273714",
   "baseTypeText": "Pés",
   "loreTitle": "Botas de Ferro da Ordem da Cavaleira",
   "miniLore": "Botas padrão distribuídas aos Cavaleiros da Igreja do Palácio da Pureza, com uma única palavra gravada nos calcanhares: \"Ordem\".",
   "lore": "Após o colapso da Igreja do Palácio da Pureza, Safina tirou as botas de ferro de cavaleira e embarcou, ao lado da Donzela Vanira, em uma longa jornada até a terra dos demônios.<br /><br />A pedido da Donzela, Safina não permitiu que os Cavaleiros levassem a loucura para além da Igreja. Esse segredo estaria enterrado para sempre no fundo de seus corações.<br /><br />Ninguém sabia quando o boato começou: uma prole demoníaca, que outrora havia sido banida pela igreja, possuiu a divina Cavaleira Solene, e uma bruxa maligna levou a Cavaleira a acabar com a ordem do pontífice... Conforme o tempo passou, os boatos passaram a ser verdade. Os devotos seguidores da Igreja culparam a Cavaleira Solene, depositando todo seu desespero e loucura nela, que foi tida como a origem de todos os desastres.<br /><br />Após perderem seu local de refúgio, a Donzela sugeriu que elas partissem para sua terra natal.<br /><br />\"De agora em diante, irei me tornar uma bruxa; e você voltará a ser um demônio.\" Safina não podia negar a validade da declaração de Vanira.",
   "rarityData": {
    "2": {
     "rarity": 2,
     "maxLevel": 6,
     "mainAffixes": [
      {
       "propertyName": "PV",
       "propertyIconPath": "9560c98da124f605af2e45c09f26a0b8ee24c3aa357b9701464d7c04adcd0da7",
       "isPercent": true,
       "baseValue": 0.027648,
       "levelAdd": 0.009677,
       "stepValue": 0,
       "maxStep": 0
      },
      {
       "propertyName": "ATQ",
       "propertyIconPath": "2d1ce81848ae3af0e819f7f98badde6930dd127f20a6d2686eb806bc963989d5",
       "isPercent": true,
       "baseValue": 0.027648,
       "levelAdd": 0.009677,
       "stepValue": 0,
       "maxStep": 0
      },
      {
       "propertyName": "DEF",
       "propertyIconPath": "2077c52919d0f523755a4d92ce338874b71561611a436572d8eb315a34f4a4c2",
       "isPercent": true,
       "baseValue": 0.034560002,
       "levelAdd": 0.012096001,
       "stepValue": 0,
       "maxStep": 0
      },
      {
       "propertyName": "VEL",
       "propertyIconPath": "959ebc55a284ac83b29de4d97b3422772e372e53ff820bc9af972e0201aabe98",
       "isPercent": false,
       "baseValue": 1.6128,
       "levelAdd": 1,
       "stepValue": 0,
       "maxStep": 0
      }
     ],
     "subAffixes": [
      {
       "propertyName": "PV",
       "propertyIconPath": "9560c98da124f605af2e45c09f26a0b8ee24c3aa357b9701464d7c04adcd0da7",
       "isPercent": false,
       "baseValue": 13.548016,
       "levelAdd": 13.548016,
       "stepValue": 1.693502,
       "maxStep": 2
      },
      {
       "propertyName": "ATQ",
       "propertyIconPath": "2d1ce81848ae3af0e819f7f98badde6930dd127f20a6d2686eb806bc963989d5",
       "isPercent": false,
       "baseValue": 6.774008,
       "levelAdd": 6.774008,
       "stepValue": 0.846751,
       "maxStep": 2
      },
      {
       "propertyName": "DEF",
       "propertyIconPath": "2077c52919d0f523755a4d92ce338874b71561611a436572d8eb315a34f4a4c2",
       "isPercent": false,
       "baseValue": 6.774008,
       "levelAdd": 6.774008,
       "stepValue": 0.846751,
       "maxStep": 2
      },
      {
       "propertyName": "PV",
       "propertyIconPath": "9560c98da124f605af2e45c09f26a0b8ee24c3aa357b9701464d7c04adcd0da7",
       "isPercent": true,
       "baseValue": 0.013824001,
       "levelAdd": 0.013824001,
       "stepValue": 0.0017280006,
       "maxStep": 2
      },
      {
       "propertyName": "ATQ",
       "propertyIconPath": "2d1ce81848ae3af0e819f7f98badde6930dd127f20a6d2686eb806bc963989d5",
       "isPercent": true,
       "baseValue": 0.013824001,
       "levelAdd": 0.013824001,
       "stepValue": 0.0017280006,
       "maxStep": 2
      },
      {
       "propertyName": "DEF",
       "propertyIconPath": "2077c52919d0f523755a4d92ce338874b71561611a436572d8eb315a34f4a4c2",
       "isPercent": true,
       "baseValue": 0.017280001,
       "levelAdd": 0.017280001,
       "stepValue": 0.0021600004,
       "maxStep": 2
      },
      {
       "propertyName": "VEL",
       "propertyIconPath": "959ebc55a284ac83b29de4d97b3422772e372e53ff820bc9af972e0201aabe98",
       "isPercent": false,
       "baseValue": 1,
       "levelAdd": 1,
       "stepValue": 0.1,
       "maxStep": 2
      },
      {
       "propertyName": "Chance de CRIT",
       "propertyIconPath": "649d04ce090ec9e142d024138f54bf2e416362f48f452776826e5a4e8e26c028",
       "isPercent": true,
       "baseValue": 0.010368001,
       "levelAdd": 0.010368001,
       "stepValue": 0.0012960008,
       "maxStep": 2
      },
      {
       "propertyName": "Dano CRIT",
       "propertyIconPath": "70505c64ff7cb3df4a9faf76eb488438570422a20d9dd2f42225da1dd1c97648",
       "isPercent": true,
       "baseValue": 0.020736001,
       "levelAdd": 0.020736001,
       "stepValue": 0.0025920009,
       "maxStep": 2
      },
      {
       "propertyName": "Taxa de Acerto de Efeito",
       "propertyIconPath": "16e46edec660d897581a1ee77b95e61bafbc7a669f7e88ab6d27b9f23fa4bd49",
       "isPercent": true,
       "baseValue": 0.013824001,
       "levelAdd": 0.013824001,
       "stepValue": 0.0017280006,
       "maxStep": 2
      },
      {
       "propertyName": "RES a Efeito",
       "propertyIconPath": "53050ffa2be01a99b930263f8c1b883e021e236827d23c7f2fafbd5d59f4a98d",
       "isPercent": true,
       "baseValue": 0.013824001,
       "levelAdd": 0.013824001,
       "stepValue": 0.0017280006,
       "maxStep": 2
      },
      {
       "propertyName": "Efeito de Quebra",
       "propertyIconPath": "2f652a2e091ec1a28dde16dfec5968a959804447eb99f746b6f2cba53dedfc2c",
       "isPercent": true,
       "baseValue": 0.020736001,
       "levelAdd": 0.020736001,
       "stepValue": 0.0025920009,
       "maxStep": 2
      }
     ]
    },
    "3": {
     "rarity": 3,
     "maxLevel": 9,
     "mainAffixes": [
      {
       "propertyName": "PV",
       "propertyIconPath": "9560c98da124f605af2e45c09f26a0b8ee24c3aa357b9701464d7c04adcd0da7",
       "isPercent": true,
       "baseValue": 0.041472,
       "levelAdd": 0.014515,
       "stepValue": 0,
       "maxStep": 0
      },
      {
       "propertyName": "ATQ",
       "propertyIconPath": "2d1ce81848ae3af0e819f7f98badde6930dd127f20a6d2686eb806bc963989d5",
       "isPercent": true,
       "baseValue": 0.041472,
       "levelAdd": 0.014515,
       "stepValue": 0,
       "maxStep": 0
      },
      {
       "propertyName": "DEF",
       "propertyIconPath": "2077c52919d0f523755a4d92ce338874b71561611a436572d8eb315a34f4a4c2",
       "isPercent": true,
       "baseValue": 0.05184,
       "levelAdd": 0.018144,
       "stepValue": 0,
       "maxStep": 0
      },
      {
       "propertyName": "VEL",
       "propertyIconPath": "959ebc55a284ac83b29de4d97b3422772e372e53ff820bc9af972e0201aabe98",
       "isPercent": false,
       "baseValue": 2.4192,
       "levelAdd": 1,
       "stepValue": 0,
       "maxStep": 0
      }
     ],
     "subAffixes": [
      {
       "propertyName": "PV",
       "propertyIconPath": "9560c98da124f605af2e45c09f26a0b8ee24c3aa357b9701464d7c04adcd0da7",
       "isPercent": false,
       "baseValue": 20.322023,
       "levelAdd": 20.322023,
       "stepValue": 2.540253,
       "maxStep": 2
      },
      {
       "propertyName": "ATQ",
       "propertyIconPath": "2d1ce81848ae3af0e819f7f98badde6930dd127f20a6d2686eb806bc963989d5",
       "isPercent": false,
       "baseValue": 10.161012,
       "levelAdd": 10.161012,
       "stepValue": 1.270126,
       "maxStep": 2
      },
      {
       "propertyName": "DEF",
       "propertyIconPath": "2077c52919d0f523755a4d92ce338874b71561611a436572d8eb315a34f4a4c2",
       "isPercent": false,
       "baseValue": 10.161012,
       "levelAdd": 10.161012,
       "stepValue": 1.270126,
       "maxStep": 2
      },
      {
       "propertyName": "PV",
       "propertyIconPath": "9560c98da124f605af2e45c09f26a0b8ee24c3aa357b9701464d7c04adcd0da7",
       "isPercent": true,
       "baseValue": 0.020736001,
       "levelAdd": 0.020736001,
       "stepValue": 0.0025920009,
       "maxStep": 2
      },
      {
       "propertyName": "ATQ",
       "propertyIconPath": "2d1ce81848ae3af0e819f7f98badde6930dd127f20a6d2686eb806bc963989d5",
       "isPercent": true,
       "baseValue": 0.020736001,
       "levelAdd": 0.020736001,
       "stepValue": 0.0025920009,
       "maxStep": 2
      },
      {
       "propertyName": "DEF",
       "propertyIconPath": "2077c52919d0f523755a4d92ce338874b71561611a436572d8eb315a34f4a4c2",
       "isPercent": true,
       "baseValue": 0.02592,
       "levelAdd": 0.02592,
       "stepValue": 0.0032400002,
       "maxStep": 2
      },
      {
       "propertyName": "VEL",
       "propertyIconPath": "959ebc55a284ac83b29de4d97b3422772e372e53ff820bc9af972e0201aabe98",
       "isPercent": false,
       "baseValue": 1.2,
       "levelAdd": 1.2,
       "stepValue": 0.1,
       "maxStep": 2
      },
      {
       "propertyName": "Chance de CRIT",
       "propertyIconPath": "649d04ce090ec9e142d024138f54bf2e416362f48f452776826e5a4e8e26c028",
       "isPercent": true,
       "baseValue": 0.015552,
       "levelAdd": 0.015552,
       "stepValue": 0.0019440008,
       "maxStep": 2
      },
      {
       "propertyName": "Dano CRIT",
       "propertyIconPath": "70505c64ff7cb3df4a9faf76eb488438570422a20d9dd2f42225da1dd1c97648",
       "isPercent": true,
       "baseValue": 0.031104,
       "levelAdd": 0.031104,
       "stepValue": 0.003888001,
       "maxStep": 2
      },
      {
       "propertyName": "Taxa de Acerto de Efeito",
       "propertyIconPath": "16e46edec660d897581a1ee77b95e61bafbc7a669f7e88ab6d27b9f23fa4bd49",
       "isPercent": true,
       "baseValue": 0.020736001,
       "levelAdd": 0.020736001,
       "stepValue": 0.0025920009,
       "maxStep": 2
      },
      {
       "propertyName": "RES a Efeito",
       "propertyIconPath": "53050ffa2be01a99b930263f8c1b883e021e236827d23c7f2fafbd5d59f4a98d",
       "isPercent": true,
       "baseValue": 0.020736001,
       "levelAdd": 0.020736001,
       "stepValue": 0.0025920009,
       "maxStep": 2
      },
      {
       "propertyName": "Efeito de Quebra",
       "propertyIconPath": "2f652a2e091ec1a28dde16dfec5968a959804447eb99f746b6f2cba53dedfc2c",
       "isPercent": true,
       "baseValue": 0.031104,
       "levelAdd": 0.031104,
       "stepValue": 0.003888001,
       "maxStep": 2
      }
     ]
    },
    "4": {
     "rarity": 4,
     "maxLevel": 12,
     "mainAffixes": [
      {
       "propertyName": "PV",
       "propertyIconPath": "9560c98da124f605af2e45c09f26a0b8ee24c3aa357b9701464d7c04adcd0da7",
       "isPercent": true,
       "baseValue": 0.055296,
       "levelAdd": 0.019354,
       "stepValue": 0,
       "maxStep": 0
      },
      {
       "propertyName": "ATQ",
       "propertyIconPath": "2d1ce81848ae3af0e819f7f98badde6930dd127f20a6d2686eb806bc963989d5",
       "isPercent": true,
       "baseValue": 0.055296,
       "levelAdd": 0.019354,
       "stepValue": 0,
       "maxStep": 0
      },
      {
       "propertyName": "DEF",
       "propertyIconPath": "2077c52919d0f523755a4d92ce338874b71561611a436572d8eb315a34f4a4c2",
       "isPercent": true,
       "baseValue": 0.06912,
       "levelAdd": 0.024192,
       "stepValue": 0,
       "maxStep": 0
      },
      {
       "propertyName": "VEL",
       "propertyIconPath": "959ebc55a284ac83b29de4d97b3422772e372e53ff820bc9af972e0201aabe98",
       "isPercent": false,
       "baseValue": 3.2256,
       "levelAdd": 1.1,
       "stepValue": 0,
       "maxStep": 0
      }
     ],
     "subAffixes": [
      {
       "propertyName": "PV",
       "propertyIconPath": "9560c98da124f605af2e45c09f26a0b8ee24c3aa357b9701464d7c04adcd0da7",
       "isPercent": false,
       "baseValue": 27.096031,
       "levelAdd": 27.096031,
       "stepValue": 3.387004,
       "maxStep": 2
      },
      {
       "propertyName": "ATQ",
       "propertyIconPath": "2d1ce81848ae3af0e819f7f98badde6930dd127f20a6d2686eb806bc963989d5",
       "isPercent": false,
       "baseValue": 13.548016,
       "levelAdd": 13.548016,
       "stepValue": 1.693502,
       "maxStep": 2
      },
      {
       "propertyName": "DEF",
       "propertyIconPath": "2077c52919d0f523755a4d92ce338874b71561611a436572d8eb315a34f4a4c2",
       "isPercent": false,
       "baseValue": 13.548016,
       "levelAdd": 13.548016,
       "stepValue": 1.693502,
       "maxStep": 2
      },
      {
       "propertyName": "PV",
       "propertyIconPath": "9560c98da124f605af2e45c09f26a0b8ee24c3aa357b9701464d7c04adcd0da7",
       "isPercent": true,
       "baseValue": 0.027648,
       "levelAdd": 0.027648,
       "stepValue": 0.0034560005,
       "maxStep": 2
      },
      {
       "propertyName": "ATQ",
       "propertyIconPath": "2d1ce81848ae3af0e819f7f98badde6930dd127f20a6d2686eb806bc963989d5",
       "isPercent": true,
       "baseValue": 0.027648,
       "levelAdd": 0.027648,
       "stepValue": 0.0034560005,
       "maxStep": 2
      },
      {
       "propertyName": "DEF",
       "propertyIconPath": "2077c52919d0f523755a4d92ce338874b71561611a436572d8eb315a34f4a4c2",
       "isPercent": true,
       "baseValue": 0.034560002,
       "levelAdd": 0.034560002,
       "stepValue": 0.0043200003,
       "maxStep": 2
      },
      {
       "propertyName": "VEL",
       "propertyIconPath": "959ebc55a284ac83b29de4d97b3422772e372e53ff820bc9af972e0201aabe98",
       "isPercent": false,
       "baseValue": 1.6,
       "levelAdd": 1.6,
       "stepValue": 0.2,
       "maxStep": 2
      },
      {
       "propertyName": "Chance de CRIT",
       "propertyIconPath": "649d04ce090ec9e142d024138f54bf2e416362f48f452776826e5a4e8e26c028",
       "isPercent": true,
       "baseValue": 0.020736001,
       "levelAdd": 0.020736001,
       "stepValue": 0.0025920009,
       "maxStep": 2
      },
      {
       "propertyName": "Dano CRIT",
       "propertyIconPath": "70505c64ff7cb3df4a9faf76eb488438570422a20d9dd2f42225da1dd1c97648",
       "isPercent": true,
       "baseValue": 0.041472,
       "levelAdd": 0.041472,
       "stepValue": 0.0051840004,
       "maxStep": 2
      },
      {
       "propertyName": "Taxa de Acerto de Efeito",
       "propertyIconPath": "16e46edec660d897581a1ee77b95e61bafbc7a669f7e88ab6d27b9f23fa4bd49",
       "isPercent": true,
       "baseValue": 0.027648,
       "levelAdd": 0.027648,
       "stepValue": 0.0034560005,
       "maxStep": 2
      },
      {
       "propertyName": "RES a Efeito",
       "propertyIconPath": "53050ffa2be01a99b930263f8c1b883e021e236827d23c7f2fafbd5d59f4a98d",
       "isPercent": true,
       "baseValue": 0.027648,
       "levelAdd": 0.027648,
       "stepValue": 0.0034560005,
       "maxStep": 2
      },
      {
       "propertyName": "Efeito de Quebra",
       "propertyIconPath": "2f652a2e091ec1a28dde16dfec5968a959804447eb99f746b6f2cba53dedfc2c",
       "isPercent": true,
       "baseValue": 0.041472,
       "levelAdd": 0.041472,
       "stepValue": 0.0051840004,
       "maxStep": 2
      }
     ]
    },
    "5": {
     "rarity": 5,
     "maxLevel": 15,
     "mainAffixes": [
      {
       "propertyName": "PV",
       "propertyIconPath": "9560c98da124f605af2e45c09f26a0b8ee24c3aa357b9701464d7c04adcd0da7",
       "isPercent": true,
       "baseValue": 0.06912,
       "levelAdd": 0.024192,
       "stepValue": 0,
       "maxStep": 0
      },
      {
       "propertyName": "ATQ",
       "propertyIconPath": "2d1ce81848ae3af0e819f7f98badde6930dd127f20a6d2686eb806bc963989d5",
       "isPercent": true,
       "baseValue": 0.06912,
       "levelAdd": 0.024192,
       "stepValue": 0,
       "maxStep": 0
      },
      {
       "propertyName": "DEF",
       "propertyIconPath": "2077c52919d0f523755a4d92ce338874b71561611a436572d8eb315a34f4a4c2",
       "isPercent": true,
       "baseValue": 0.0864,
       "levelAdd": 0.030240001,
       "stepValue": 0,
       "maxStep": 0
      },
      {
       "propertyName": "VEL",
       "propertyIconPath": "959ebc55a284ac83b29de4d97b3422772e372e53ff820bc9af972e0201aabe98",
       "isPercent": false,
       "baseValue": 4.032,
       "levelAdd": 1.4,
       "stepValue": 0,
       "maxStep": 0
      }
     ],
     "subAffixes": [
      {
       "propertyName": "PV",
       "propertyIconPath": "9560c98da124f605af2e45c09f26a0b8ee24c3aa357b9701464d7c04adcd0da7",
       "isPercent": false,
       "baseValue": 33.87004,
       "levelAdd": 33.87004,
       "stepValue": 4.233755,
       "maxStep": 2
      },
      {
       "propertyName": "ATQ",
       "propertyIconPath": "2d1ce81848ae3af0e819f7f98badde6930dd127f20a6d2686eb806bc963989d5",
       "isPercent": false,
       "baseValue": 16.935019,
       "levelAdd": 16.935019,
       "stepValue": 2.116877,
       "maxStep": 2
      },
      {
       "propertyName": "DEF",
       "propertyIconPath": "2077c52919d0f523755a4d92ce338874b71561611a436572d8eb315a34f4a4c2",
       "isPercent": false,
       "baseValue": 16.935019,
       "levelAdd": 16.935019,
       "stepValue": 2.116877,
       "maxStep": 2
      },
      {
       "propertyName": "PV",
       "propertyIconPath": "9560c98da124f605af2e45c09f26a0b8ee24c3aa357b9701464d7c04adcd0da7",
       "isPercent": true,
       "baseValue": 0.034560002,
       "levelAdd": 0.034560002,
       "stepValue": 0.0043200003,
       "maxStep": 2
      },
      {
       "propertyName": "ATQ",
       "propertyIconPath": "2d1ce81848ae3af0e819f7f98badde6930dd127f20a6d2686eb806bc963989d5",
       "isPercent": true,
       "baseValue": 0.034560002,
       "levelAdd": 0.034560002,
       "stepValue": 0.0043200003,
       "maxStep": 2
      },
      {
       "propertyName": "DEF",
       "propertyIconPath": "2077c52919d0f523755a4d92ce338874b71561611a436572d8eb315a34f4a4c2",
       "isPercent": true,
       "baseValue": 0.0432,
       "levelAdd": 0.0432,
       "stepValue": 0.0054,
       "maxStep": 2
      },
      {
       "propertyName": "VEL",
       "propertyIconPath": "959ebc55a284ac83b29de4d97b3422772e372e53ff820bc9af972e0201aabe98",
       "isPercent": false,
       "baseValue": 2,
       "levelAdd": 2,
       "stepValue": 0.3,
       "maxStep": 2
      },
      {
       "propertyName": "Chance de CRIT",
       "propertyIconPath": "649d04ce090ec9e142d024138f54bf2e416362f48f452776826e5a4e8e26c028",
       "isPercent": true,
       "baseValue": 0.02592,
       "levelAdd": 0.02592,
       "stepValue": 0.0032400002,
       "maxStep": 2
      },
      {
       "propertyName": "Dano CRIT",
       "propertyIconPath": "70505c64ff7cb3df4a9faf76eb488438570422a20d9dd2f42225da1dd1c97648",
       "isPercent": true,
       "baseValue": 0.05184,
       "levelAdd": 0.05184,
       "stepValue": 0.0064800004,
       "maxStep": 2
      },
      {
       "propertyName": "Taxa de Acerto de Efeito",
       "propertyIconPath": "16e46edec660d897581a1ee77b95e61bafbc7a669f7e88ab6d27b9f23fa4bd49",
       "isPercent": true,
       "baseValue": 0.034560002,
       "levelAdd": 0.034560002,
       "stepValue": 0.0043200003,
       "maxStep": 2
      },
      {
       "propertyName": "RES a Efeito",
       "propertyIconPath": "53050ffa2be01a99b930263f8c1b883e021e236827d23c7f2fafbd5d59f4a98d",
       "isPercent": true,
       "baseValue": 0.034560002,
       "levelAdd": 0.034560002,
       "stepValue": 0.0043200003,
       "maxStep": 2
      },
      {
       "propertyName": "Efeito de Quebra",
       "propertyIconPath": "2f652a2e091ec1a28dde16dfec5968a959804447eb99f746b6f2cba53dedfc2c",
       "isPercent": true,
       "baseValue": 0.05184,
       "levelAdd": 0.05184,
       "stepValue": 0.0064800004,
       "maxStep": 2
      }
     ]
    }
   }
  }
 },
 "pageId": "103"
}