{
 "name": "고요한 습골지",
 "iconPath": "2b3dbad5a68886b78d83309923db74e058edf4e90869c9035339b973c49ee06d",
 "artPath": "caf6f75d4fe8202f4235387587e7256fb8dd375439a2263c9e0f2fc1b3f92442",
 "rarity": 5,
 "relicType": 0,
 "embeddedBaseTypes": {
  "0": {
   "id": 0,
   "iconPath": "41072ca3899477a962f134868e1fa9e70dccfb48858da4ba0f0240284789aaef",
   "color": "#FFFFFF",
   "name": "",
   "rarity": 0
  },
  "1": {
   "id": 1,
   "iconPath": "3cac2e295748fd50d15bf04acd5f52c9ef38a9d901d8a45a2ec05e7b023f6899",
   "color": "#FFFFFF",
   "name": "머리",
   "rarity": 0
  },
  "2": {
   "id": 2,
   "iconPath": "881cc71c4ba36330e78afd8048fcb12d871fed11643cf88ed0ec35baa2dc4448",
   "color": "#FFFFFF",
   "name": "팔",
   "rarity": 0
  },
  "3": {
   "id": 3,
   "iconPath": "69a915b7e71818ce9045d15909d068e17b0eb55b521de61e2b6beae81aaad69d",
   "color": "#FFFFFF",
   "name": "몸통",
   "rarity": 0
  },
  "4": {
   "id": 4,
   "iconPath": "4e3a373adf26de8bf6a014d20c60673e492edb4e0c42eb41c4fdd0e1ee76be18",
   "color": "#FFFFFF",
   "name": "다리",
   "rarity": 0
  },
  "5": {
   "id": 5,
   "iconPath": "4d5bdc016d963c74451bbfd89499fb09b38187b832b78f9e370059491a889144",
   "color": "#FFFFFF",
   "name": "차원 구체",
   "rarity": 0
  },
  "6": {
   "id": 6,
   "iconPath": "6480632e5e286318196c11d1b3a878c0ca0491dbda41d1e795a50570f18426eb",
   "color": "#FFFFFF",
   "name": "연결 매듭",
   "rarity": 0
  }
 },
 "skills": [
  {
   "useNum": 2,
   "desc": "장착한 캐릭터의 HP 최대치가 <nobr>#1[i]%</nobr> 증가한다. 장착한 캐릭터의 HP 최대치가 <nobr>#2[i]</nobr>pt 이상일 경우, 장착한 캐릭터와 해당 캐릭터의 기억 정령의 치명타 피해가 <nobr>#3[i]%</nobr> 증가한다",
   "params": [
    0.12,
    5000,
    0.28
   ]
  }
 ],
 "pieces": {
  "5": {
   "name": "아이도니아의 무명 비석",
   "type": 0,
   "maxRarity": 5,
   "iconPath": "c7fa96579d9a7202740bc145c8958ec5a60faf8243cc65b03bc00b76f2bf2fb9",
   "baseTypeText": "차원 구체",
   "loreTitle": "아이도니아의 무명 비석",
   "miniLore": "차원 구체에 봉인된 것은 앰포리어스의 아이도니아다. <ruby>타나토스<rt>죽음의 티탄</rt></ruby>를 믿는 백성들은 설원에 거대한 비석을 세우고 그들을 위해 죽음의 축복을 가져다주는 성녀를 기린다",
   "lore": "아이도니아——눈발이 날리는 죽음의 나라. 한때 눈보라 속에 우뚝 서 있었고, 눈보라 속에서 침묵하기도 했다.<br /><br />오랫동안 이어진 황금기 동안 대부분 사람은 따뜻한 땅에서 장수의 기쁨을 누렸고, 극소수만이 정체되는 밤낮의 교체에 염증을 느끼고 생명의 귀로를 찾기로 했다. 「생명은 왜 태어나고, 어디로 돌아가야 하는가?」 고행자들의 수장 엘레우시스는 생사에 대한 질문을 읊조리며 달콤하면서도 차가운 긴 꿈을 찾아 고행자들과 함께 북쪽으로 나아갔다. 로브를 걸친 고행자들은 적막한 북쪽 변경의 황야에 정착해 장엄한 도시 국가를 세웠다. 일 년 내내 눈보라가 휘몰아치는 그곳을 사람들은 「아이도니아」라고 부른다.<br /><br />황금기의 결말에 대한 기록은 이미 오래전 사라졌으나, 앰포리어스 「최초의 망자」는 아이도니아 출신으로 여겨진다. 그는 「<ruby>타나토스<rt>죽음의 티탄</rt></ruby>」에게 죽음의 축복을 받았는데, 그것은 자비이자 최고의 영예이다.<br /><br />아이도니아 주민들은 오래전부터 살을 에는 추위에 익숙해져 있었다. 흩날리는 눈도 「<ruby>타나토스<rt>죽음의 티탄</rt></ruby>」의 고요한 신앙에 물들어 땅에 닿자마자 생명의 온기를 앗아가려고 했다. 아주 먼 옛날, 멀리서 온 여행자들은 아이도니아에 들어서자마자 길가에 얼어붙은 무명의 시체들이 「<ruby>어둠의 손<rt>죽음의 티탄</rt></ruby>」의 품으로 돌아간 모습을 쉽게 볼 수 있었다. 북풍은 울부짖었고, 망자는 이정표가 되어 눈보라를 헤치고 가는 여행자들을 인도하고 경고했다. 아직 숨이 붙어 있을 때, 여행자들은 아이도니아를 서둘러 지나갔다.<br /><br />후에 아이도니아인은 황야에 추모의 비석이 세워져 있는 걸 발견했다. 누군가 생명의 순환과 소멸에 한때 축복을 바친 것이다.<br /><br />비석 아래에는 이름 모를 소녀가 깊은 잠에 빠져 있었다. 그 주변은 그림자 같은 죽음의 영역으로 둘러싸여 있었는데, 죽음의 숨결을 마시는 피골초마저 말라 있었다. 소녀에게서 「<ruby>타나토스<rt>죽음의 티탄</rt></ruby>」의 자비로운 손길을 느낀 아이도니아인은 그녀를 도시로 데려와 성녀로 받들었다. 죽음의 티탄을 경애하는 신도들은 성녀를 본받아 긴 여정과 오래된 삶의 끝을 위해 황야에 거대한 비석을 세웠다——삶과 죽음은 여정이며, 이곳에는 여정을 기록하는 경계석만 있을 뿐이라고.<br /><br />비석은 멀리서 온 여행자들에게 누구도 그곳에 멈추거나 잠들지 않았다는 것을 알려주고 있다…. 망자 또한 여행자이니, 그들은 북풍이고 흩날리는 눈이며 복잡하게 연결되어 있는 실이다",
   "rarityData": {
    "2": {
     "rarity": 2,
     "maxLevel": 6,
     "mainAffixes": [
      {
       "propertyName": "HP",
       "propertyIconPath": "9560c98da124f605af2e45c09f26a0b8ee24c3aa357b9701464d7c04adcd0da7",
       "isPercent": true,
       "baseValue": 0.027648,
       "levelAdd": 0.009677,
       "stepValue": 0,
       "maxStep": 0
      },
      {
       "propertyName": "공격력",
       "propertyIconPath": "2d1ce81848ae3af0e819f7f98badde6930dd127f20a6d2686eb806bc963989d5",
       "isPercent": true,
       "baseValue": 0.027648,
       "levelAdd": 0.009677,
       "stepValue": 0,
       "maxStep": 0
      },
      {
       "propertyName": "방어력",
       "propertyIconPath": "2077c52919d0f523755a4d92ce338874b71561611a436572d8eb315a34f4a4c2",
       "isPercent": true,
       "baseValue": 0.034560002,
       "levelAdd": 0.012096001,
       "stepValue": 0,
       "maxStep": 0
      },
      {
       "propertyName": "<span style=\"color:#FFFFFF;\">물리</span> 속성 피해 증가",
       "propertyIconPath": "cabfca0b70c2eecf82043ceb1819f7ca57b7bd5ec9297733cb2a48346a42ec75",
       "isPercent": true,
       "baseValue": 0.024883,
       "levelAdd": 0.008709,
       "stepValue": 0,
       "maxStep": 0
      },
      {
       "propertyName": "<span style=\"color:#F84F36;\">화염</span> 속성 피해 증가",
       "propertyIconPath": "f124a2e51d1d9692f17baff23eca48074f9a349128b90924102dfa77114eb98a",
       "isPercent": true,
       "baseValue": 0.024883,
       "levelAdd": 0.008709,
       "stepValue": 0,
       "maxStep": 0
      },
      {
       "propertyName": "<span style=\"color:#47C7FD;\">얼음</span> 속성 피해 증가",
       "propertyIconPath": "4f595a21ec0e5b7a2e90e4d4dce82ebbc0c0e7ce3cbd10d38c93547a05c21e5f",
       "isPercent": true,
       "baseValue": 0.024883,
       "levelAdd": 0.008709,
       "stepValue": 0,
       "maxStep": 0
      },
      {
       "propertyName": "<span style=\"color:#c75de2;\">번개</span> 속성 피해 증가",
       "propertyIconPath": "9cfbb52c7e12da9c27404c412ae07eb239bca41af4f7da91f6cca91549684fdc",
       "isPercent": true,
       "baseValue": 0.024883,
       "levelAdd": 0.008709,
       "stepValue": 0,
       "maxStep": 0
      },
      {
       "propertyName": "<span style=\"color:#00FF9C;\">바람</span> 속성 피해 증가",
       "propertyIconPath": "13f176b2c801b7bf67d76f1de4a996acd18bbf26ea89b3035877973d037337e4",
       "isPercent": true,
       "baseValue": 0.024883,
       "levelAdd": 0.008709,
       "stepValue": 0,
       "maxStep": 0
      },
      {
       "propertyName": "<span style=\"color:#7788ff;\">양자</span> 속성 피해 증가",
       "propertyIconPath": "d80c1a4fb5085eb81b10136cf5078d87066fb0c6471e0ad6fbaae0e8a7343c10",
       "isPercent": true,
       "baseValue": 0.024883,
       "levelAdd": 0.008709,
       "stepValue": 0,
       "maxStep": 0
      },
      {
       "propertyName": "<span style=\"color:#F4D258;\">허수</span> 속성 피해 증가",
       "propertyIconPath": "2be6fe6f4073cb1ff6a2f624baf6f8aee605371d6bcc0cf0ed25811dba044845",
       "isPercent": true,
       "baseValue": 0.024883,
       "levelAdd": 0.008709,
       "stepValue": 0,
       "maxStep": 0
      }
     ],
     "subAffixes": [
      {
       "propertyName": "HP",
       "propertyIconPath": "9560c98da124f605af2e45c09f26a0b8ee24c3aa357b9701464d7c04adcd0da7",
       "isPercent": false,
       "baseValue": 13.548016,
       "levelAdd": 13.548016,
       "stepValue": 1.693502,
       "maxStep": 2
      },
      {
       "propertyName": "공격력",
       "propertyIconPath": "2d1ce81848ae3af0e819f7f98badde6930dd127f20a6d2686eb806bc963989d5",
       "isPercent": false,
       "baseValue": 6.774008,
       "levelAdd": 6.774008,
       "stepValue": 0.846751,
       "maxStep": 2
      },
      {
       "propertyName": "방어력",
       "propertyIconPath": "2077c52919d0f523755a4d92ce338874b71561611a436572d8eb315a34f4a4c2",
       "isPercent": false,
       "baseValue": 6.774008,
       "levelAdd": 6.774008,
       "stepValue": 0.846751,
       "maxStep": 2
      },
      {
       "propertyName": "HP",
       "propertyIconPath": "9560c98da124f605af2e45c09f26a0b8ee24c3aa357b9701464d7c04adcd0da7",
       "isPercent": true,
       "baseValue": 0.013824001,
       "levelAdd": 0.013824001,
       "stepValue": 0.0017280006,
       "maxStep": 2
      },
      {
       "propertyName": "공격력",
       "propertyIconPath": "2d1ce81848ae3af0e819f7f98badde6930dd127f20a6d2686eb806bc963989d5",
       "isPercent": true,
       "baseValue": 0.013824001,
       "levelAdd": 0.013824001,
       "stepValue": 0.0017280006,
       "maxStep": 2
      },
      {
       "propertyName": "방어력",
       "propertyIconPath": "2077c52919d0f523755a4d92ce338874b71561611a436572d8eb315a34f4a4c2",
       "isPercent": true,
       "baseValue": 0.017280001,
       "levelAdd": 0.017280001,
       "stepValue": 0.0021600004,
       "maxStep": 2
      },
      {
       "propertyName": "속도",
       "propertyIconPath": "959ebc55a284ac83b29de4d97b3422772e372e53ff820bc9af972e0201aabe98",
       "isPercent": false,
       "baseValue": 1,
       "levelAdd": 1,
       "stepValue": 0.1,
       "maxStep": 2
      },
      {
       "propertyName": "치명타 확률",
       "propertyIconPath": "649d04ce090ec9e142d024138f54bf2e416362f48f452776826e5a4e8e26c028",
       "isPercent": true,
       "baseValue": 0.010368001,
       "levelAdd": 0.010368001,
       "stepValue": 0.0012960008,
       "maxStep": 2
      },
      {
       "propertyName": "치명타 피해",
       "propertyIconPath": "70505c64ff7cb3df4a9faf76eb488438570422a20d9dd2f42225da1dd1c97648",
       "isPercent": true,
       "baseValue": 0.020736001,
       "levelAdd": 0.020736001,
       "stepValue": 0.0025920009,
       "maxStep": 2
      },
      {
       "propertyName": "효과 명중",
       "propertyIconPath": "16e46edec660d897581a1ee77b95e61bafbc7a669f7e88ab6d27b9f23fa4bd49",
       "isPercent": true,
       "baseValue": 0.013824001,
       "levelAdd": 0.013824001,
       "stepValue": 0.0017280006,
       "maxStep": 2
      },
      {
       "propertyName": "효과 저항",
       "propertyIconPath": "53050ffa2be01a99b930263f8c1b883e021e236827d23c7f2fafbd5d59f4a98d",
       "isPercent": true,
       "baseValue": 0.013824001,
       "levelAdd": 0.013824001,
       "stepValue": 0.0017280006,
       "maxStep": 2
      },
      {
       "propertyName": "격파 특수효과",
       "propertyIconPath": "2f652a2e091ec1a28dde16dfec5968a959804447eb99f746b6f2cba53dedfc2c",
       "isPercent": true,
       "baseValue": 0.020736001,
       "levelAdd": 0.020736001,
       "stepValue": 0.0025920009,
       "maxStep": 2
      }
     ]
    },
    "3": {
     "rarity": 3,
     "maxLevel": 9,
     "mainAffixes": [
      {
       "propertyName": "HP",
       "propertyIconPath": "9560c98da124f605af2e45c09f26a0b8ee24c3aa357b9701464d7c04adcd0da7",
       "isPercent": true,
       "baseValue": 0.041472,
       "levelAdd": 0.014515,
       "stepValue": 0,
       "maxStep": 0
      },
      {
       "propertyName": "공격력",
       "propertyIconPath": "2d1ce81848ae3af0e819f7f98badde6930dd127f20a6d2686eb806bc963989d5",
       "isPercent": true,
       "baseValue": 0.041472,
       "levelAdd": 0.014515,
       "stepValue": 0,
       "maxStep": 0
      },
      {
       "propertyName": "방어력",
       "propertyIconPath": "2077c52919d0f523755a4d92ce338874b71561611a436572d8eb315a34f4a4c2",
       "isPercent": true,
       "baseValue": 0.05184,
       "levelAdd": 0.018144,
       "stepValue": 0,
       "maxStep": 0
      },
      {
       "propertyName": "<span style=\"color:#FFFFFF;\">물리</span> 속성 피해 증가",
       "propertyIconPath": "cabfca0b70c2eecf82043ceb1819f7ca57b7bd5ec9297733cb2a48346a42ec75",
       "isPercent": true,
       "baseValue": 0.037325,
       "levelAdd": 0.013064001,
       "stepValue": 0,
       "maxStep": 0
      },
      {
       "propertyName": "<span style=\"color:#F84F36;\">화염</span> 속성 피해 증가",
       "propertyIconPath": "f124a2e51d1d9692f17baff23eca48074f9a349128b90924102dfa77114eb98a",
       "isPercent": true,
       "baseValue": 0.037325,
       "levelAdd": 0.013064001,
       "stepValue": 0,
       "maxStep": 0
      },
      {
       "propertyName": "<span style=\"color:#47C7FD;\">얼음</span> 속성 피해 증가",
       "propertyIconPath": "4f595a21ec0e5b7a2e90e4d4dce82ebbc0c0e7ce3cbd10d38c93547a05c21e5f",
       "isPercent": true,
       "baseValue": 0.037325,
       "levelAdd": 0.013064001,
       "stepValue": 0,
       "maxStep": 0
      },
      {
       "propertyName": "<span style=\"color:#c75de2;\">번개</span> 속성 피해 증가",
       "propertyIconPath": "9cfbb52c7e12da9c27404c412ae07eb239bca41af4f7da91f6cca91549684fdc",
       "isPercent": true,
       "baseValue": 0.037325,
       "levelAdd": 0.013064001,
       "stepValue": 0,
       "maxStep": 0
      },
      {
       "propertyName": "<span style=\"color:#00FF9C;\">바람</span> 속성 피해 증가",
       "propertyIconPath": "13f176b2c801b7bf67d76f1de4a996acd18bbf26ea89b3035877973d037337e4",
       "isPercent": true,
       "baseValue": 0.037325,
       "levelAdd": 0.013064001,
       "stepValue": 0,
       "maxStep": 0
      },
      {
       "propertyName": "<span style=\"color:#7788ff;\">양자</span> 속성 피해 증가",
       "propertyIconPath": "d80c1a4fb5085eb81b10136cf5078d87066fb0c6471e0ad6fbaae0e8a7343c10",
       "isPercent": true,
       "baseValue": 0.037325,
       "levelAdd": 0.013064001,
       "stepValue": 0,
       "maxStep": 0
      },
      {
       "propertyName": "<span style=\"color:#F4D258;\">허수</span> 속성 피해 증가",
       "propertyIconPath": "2be6fe6f4073cb1ff6a2f624baf6f8aee605371d6bcc0cf0ed25811dba044845",
       "isPercent": true,
       "baseValue": 0.037325,
       "levelAdd": 0.013064001,
       "stepValue": 0,
       "maxStep": 0
      }
     ],
     "subAffixes": [
      {
       "propertyName": "HP",
       "propertyIconPath": "9560c98da124f605af2e45c09f26a0b8ee24c3aa357b9701464d7c04adcd0da7",
       "isPercent": false,
       "baseValue": 20.322023,
       "levelAdd": 20.322023,
       "stepValue": 2.540253,
       "maxStep": 2
      },
      {
       "propertyName": "공격력",
       "propertyIconPath": "2d1ce81848ae3af0e819f7f98badde6930dd127f20a6d2686eb806bc963989d5",
       "isPercent": false,
       "baseValue": 10.161012,
       "levelAdd": 10.161012,
       "stepValue": 1.270126,
       "maxStep": 2
      },
      {
       "propertyName": "방어력",
       "propertyIconPath": "2077c52919d0f523755a4d92ce338874b71561611a436572d8eb315a34f4a4c2",
       "isPercent": false,
       "baseValue": 10.161012,
       "levelAdd": 10.161012,
       "stepValue": 1.270126,
       "maxStep": 2
      },
      {
       "propertyName": "HP",
       "propertyIconPath": "9560c98da124f605af2e45c09f26a0b8ee24c3aa357b9701464d7c04adcd0da7",
       "isPercent": true,
       "baseValue": 0.020736001,
       "levelAdd": 0.020736001,
       "stepValue": 0.0025920009,
       "maxStep": 2
      },
      {
       "propertyName": "공격력",
       "propertyIconPath": "2d1ce81848ae3af0e819f7f98badde6930dd127f20a6d2686eb806bc963989d5",
       "isPercent": true,
       "baseValue": 0.020736001,
       "levelAdd": 0.020736001,
       "stepValue": 0.0025920009,
       "maxStep": 2
      },
      {
       "propertyName": "방어력",
       "propertyIconPath": "2077c52919d0f523755a4d92ce338874b71561611a436572d8eb315a34f4a4c2",
       "isPercent": true,
       "baseValue": 0.02592,
       "levelAdd": 0.02592,
       "stepValue": 0.0032400002,
       "maxStep": 2
      },
      {
       "propertyName": "속도",
       "propertyIconPath": "959ebc55a284ac83b29de4d97b3422772e372e53ff820bc9af972e0201aabe98",
       "isPercent": false,
       "baseValue": 1.2,
       "levelAdd": 1.2,
       "stepValue": 0.1,
       "maxStep": 2
      },
      {
       "propertyName": "치명타 확률",
       "propertyIconPath": "649d04ce090ec9e142d024138f54bf2e416362f48f452776826e5a4e8e26c028",
       "isPercent": true,
       "baseValue": 0.015552,
       "levelAdd": 0.015552,
       "stepValue": 0.0019440008,
       "maxStep": 2
      },
      {
       "propertyName": "치명타 피해",
       "propertyIconPath": "70505c64ff7cb3df4a9faf76eb488438570422a20d9dd2f42225da1dd1c97648",
       "isPercent": true,
       "baseValue": 0.031104,
       "levelAdd": 0.031104,
       "stepValue": 0.003888001,
       "maxStep": 2
      },
      {
       "propertyName": "효과 명중",
       "propertyIconPath": "16e46edec660d897581a1ee77b95e61bafbc7a669f7e88ab6d27b9f23fa4bd49",
       "isPercent": true,
       "baseValue": 0.020736001,
       "levelAdd": 0.020736001,
       "stepValue": 0.0025920009,
       "maxStep": 2
      },
      {
       "propertyName": "효과 저항",
       "propertyIconPath": "53050ffa2be01a99b930263f8c1b883e021e236827d23c7f2fafbd5d59f4a98d",
       "isPercent": true,
       "baseValue": 0.020736001,
       "levelAdd": 0.020736001,
       "stepValue": 0.0025920009,
       "maxStep": 2
      },
      {
       "propertyName": "격파 특수효과",
       "propertyIconPath": "2f652a2e091ec1a28dde16dfec5968a959804447eb99f746b6f2cba53dedfc2c",
       "isPercent": true,
       "baseValue": 0.031104,
       "levelAdd": 0.031104,
       "stepValue": 0.003888001,
       "maxStep": 2
      }
     ]
    },
    "4": {
     "rarity": 4,
     "maxLevel": 12,
     "mainAffixes": [
      {
       "propertyName": "HP",
       "propertyIconPath": "9560c98da124f605af2e45c09f26a0b8ee24c3aa357b9701464d7c04adcd0da7",
       "isPercent": true,
       "baseValue": 0.055296,
       "levelAdd": 0.019354,
       "stepValue": 0,
       "maxStep": 0
      },
      {
       "propertyName": "공격력",
       "propertyIconPath": "2d1ce81848ae3af0e819f7f98badde6930dd127f20a6d2686eb806bc963989d5",
       "isPercent": true,
       "baseValue": 0.055296,
       "levelAdd": 0.019354,
       "stepValue": 0,
       "maxStep": 0
      },
      {
       "propertyName": "방어력",
       "propertyIconPath": "2077c52919d0f523755a4d92ce338874b71561611a436572d8eb315a34f4a4c2",
       "isPercent": true,
       "baseValue": 0.06912,
       "levelAdd": 0.024192,
       "stepValue": 0,
       "maxStep": 0
      },
      {
       "propertyName": "<span style=\"color:#FFFFFF;\">물리</span> 속성 피해 증가",
       "propertyIconPath": "cabfca0b70c2eecf82043ceb1819f7ca57b7bd5ec9297733cb2a48346a42ec75",
       "isPercent": true,
       "baseValue": 0.049766,
       "levelAdd": 0.017418,
       "stepValue": 0,
       "maxStep": 0
      },
      {
       "propertyName": "<span style=\"color:#F84F36;\">화염</span> 속성 피해 증가",
       "propertyIconPath": "f124a2e51d1d9692f17baff23eca48074f9a349128b90924102dfa77114eb98a",
       "isPercent": true,
       "baseValue": 0.049766,
       "levelAdd": 0.017418,
       "stepValue": 0,
       "maxStep": 0
      },
      {
       "propertyName": "<span style=\"color:#47C7FD;\">얼음</span> 속성 피해 증가",
       "propertyIconPath": "4f595a21ec0e5b7a2e90e4d4dce82ebbc0c0e7ce3cbd10d38c93547a05c21e5f",
       "isPercent": true,
       "baseValue": 0.049766,
       "levelAdd": 0.017418,
       "stepValue": 0,
       "maxStep": 0
      },
      {
       "propertyName": "<span style=\"color:#c75de2;\">번개</span> 속성 피해 증가",
       "propertyIconPath": "9cfbb52c7e12da9c27404c412ae07eb239bca41af4f7da91f6cca91549684fdc",
       "isPercent": true,
       "baseValue": 0.049766,
       "levelAdd": 0.017418,
       "stepValue": 0,
       "maxStep": 0
      },
      {
       "propertyName": "<span style=\"color:#00FF9C;\">바람</span> 속성 피해 증가",
       "propertyIconPath": "13f176b2c801b7bf67d76f1de4a996acd18bbf26ea89b3035877973d037337e4",
       "isPercent": true,
       "baseValue": 0.049766,
       "levelAdd": 0.017418,
       "stepValue": 0,
       "maxStep": 0
      },
      {
       "propertyName": "<span style=\"color:#7788ff;\">양자</span> 속성 피해 증가",
       "propertyIconPath": "d80c1a4fb5085eb81b10136cf5078d87066fb0c6471e0ad6fbaae0e8a7343c10",
       "isPercent": true,
       "baseValue": 0.049766,
       "levelAdd": 0.017418,
       "stepValue": 0,
       "maxStep": 0
      },
      {
       "propertyName": "<span style=\"color:#F4D258;\">허수</span> 속성 피해 증가",
       "propertyIconPath": "2be6fe6f4073cb1ff6a2f624baf6f8aee605371d6bcc0cf0ed25811dba044845",
       "isPercent": true,
       "baseValue": 0.049766,
       "levelAdd": 0.017418,
       "stepValue": 0,
       "maxStep": 0
      }
     ],
     "subAffixes": [
      {
       "propertyName": "HP",
       "propertyIconPath": "9560c98da124f605af2e45c09f26a0b8ee24c3aa357b9701464d7c04adcd0da7",
       "isPercent": false,
       "baseValue": 27.096031,
       "levelAdd": 27.096031,
       "stepValue": 3.387004,
       "maxStep": 2
      },
      {
       "propertyName": "공격력",
       "propertyIconPath": "2d1ce81848ae3af0e819f7f98badde6930dd127f20a6d2686eb806bc963989d5",
       "isPercent": false,
       "baseValue": 13.548016,
       "levelAdd": 13.548016,
       "stepValue": 1.693502,
       "maxStep": 2
      },
      {
       "propertyName": "방어력",
       "propertyIconPath": "2077c52919d0f523755a4d92ce338874b71561611a436572d8eb315a34f4a4c2",
       "isPercent": false,
       "baseValue": 13.548016,
       "levelAdd": 13.548016,
       "stepValue": 1.693502,
       "maxStep": 2
      },
      {
       "propertyName": "HP",
       "propertyIconPath": "9560c98da124f605af2e45c09f26a0b8ee24c3aa357b9701464d7c04adcd0da7",
       "isPercent": true,
       "baseValue": 0.027648,
       "levelAdd": 0.027648,
       "stepValue": 0.0034560005,
       "maxStep": 2
      },
      {
       "propertyName": "공격력",
       "propertyIconPath": "2d1ce81848ae3af0e819f7f98badde6930dd127f20a6d2686eb806bc963989d5",
       "isPercent": true,
       "baseValue": 0.027648,
       "levelAdd": 0.027648,
       "stepValue": 0.0034560005,
       "maxStep": 2
      },
      {
       "propertyName": "방어력",
       "propertyIconPath": "2077c52919d0f523755a4d92ce338874b71561611a436572d8eb315a34f4a4c2",
       "isPercent": true,
       "baseValue": 0.034560002,
       "levelAdd": 0.034560002,
       "stepValue": 0.0043200003,
       "maxStep": 2
      },
      {
       "propertyName": "속도",
       "propertyIconPath": "959ebc55a284ac83b29de4d97b3422772e372e53ff820bc9af972e0201aabe98",
       "isPercent": false,
       "baseValue": 1.6,
       "levelAdd": 1.6,
       "stepValue": 0.2,
       "maxStep": 2
      },
      {
       "propertyName": "치명타 확률",
       "propertyIconPath": "649d04ce090ec9e142d024138f54bf2e416362f48f452776826e5a4e8e26c028",
       "isPercent": true,
       "baseValue": 0.020736001,
       "levelAdd": 0.020736001,
       "stepValue": 0.0025920009,
       "maxStep": 2
      },
      {
       "propertyName": "치명타 피해",
       "propertyIconPath": "70505c64ff7cb3df4a9faf76eb488438570422a20d9dd2f42225da1dd1c97648",
       "isPercent": true,
       "baseValue": 0.041472,
       "levelAdd": 0.041472,
       "stepValue": 0.0051840004,
       "maxStep": 2
      },
      {
       "propertyName": "효과 명중",
       "propertyIconPath": "16e46edec660d897581a1ee77b95e61bafbc7a669f7e88ab6d27b9f23fa4bd49",
       "isPercent": true,
       "baseValue": 0.027648,
       "levelAdd": 0.027648,
       "stepValue": 0.0034560005,
       "maxStep": 2
      },
      {
       "propertyName": "효과 저항",
       "propertyIconPath": "53050ffa2be01a99b930263f8c1b883e021e236827d23c7f2fafbd5d59f4a98d",
       "isPercent": true,
       "baseValue": 0.027648,
       "levelAdd": 0.027648,
       "stepValue": 0.0034560005,
       "maxStep": 2
      },
      {
       "propertyName": "격파 특수효과",
       "propertyIconPath": "2f652a2e091ec1a28dde16dfec5968a959804447eb99f746b6f2cba53dedfc2c",
       "isPercent": true,
       "baseValue": 0.041472,
       "levelAdd": 0.041472,
       "stepValue": 0.0051840004,
       "maxStep": 2
      }
     ]
    },
    "5": {
     "rarity": 5,
     "maxLevel": 15,
     "mainAffixes": [
      {
       "propertyName": "HP",
       "propertyIconPath": "9560c98da124f605af2e45c09f26a0b8ee24c3aa357b9701464d7c04adcd0da7",
       "isPercent": true,
       "baseValue": 0.06912,
       "levelAdd": 0.024192,
       "stepValue": 0,
       "maxStep": 0
      },
      {
       "propertyName": "공격력",
       "propertyIconPath": "2d1ce81848ae3af0e819f7f98badde6930dd127f20a6d2686eb806bc963989d5",
       "isPercent": true,
       "baseValue": 0.06912,
       "levelAdd": 0.024192,
       "stepValue": 0,
       "maxStep": 0
      },
      {
       "propertyName": "방어력",
       "propertyIconPath": "2077c52919d0f523755a4d92ce338874b71561611a436572d8eb315a34f4a4c2",
       "isPercent": true,
       "baseValue": 0.0864,
       "levelAdd": 0.030240001,
       "stepValue": 0,
       "maxStep": 0
      },
      {
       "propertyName": "<span style=\"color:#FFFFFF;\">물리</span> 속성 피해 증가",
       "propertyIconPath": "cabfca0b70c2eecf82043ceb1819f7ca57b7bd5ec9297733cb2a48346a42ec75",
       "isPercent": true,
       "baseValue": 0.062208,
       "levelAdd": 0.021773001,
       "stepValue": 0,
       "maxStep": 0
      },
      {
       "propertyName": "<span style=\"color:#F84F36;\">화염</span> 속성 피해 증가",
       "propertyIconPath": "f124a2e51d1d9692f17baff23eca48074f9a349128b90924102dfa77114eb98a",
       "isPercent": true,
       "baseValue": 0.062208,
       "levelAdd": 0.021773001,
       "stepValue": 0,
       "maxStep": 0
      },
      {
       "propertyName": "<span style=\"color:#47C7FD;\">얼음</span> 속성 피해 증가",
       "propertyIconPath": "4f595a21ec0e5b7a2e90e4d4dce82ebbc0c0e7ce3cbd10d38c93547a05c21e5f",
       "isPercent": true,
       "baseValue": 0.062208,
       "levelAdd": 0.021773001,
       "stepValue": 0,
       "maxStep": 0
      },
      {
       "propertyName": "<span style=\"color:#c75de2;\">번개</span> 속성 피해 증가",
       "propertyIconPath": "9cfbb52c7e12da9c27404c412ae07eb239bca41af4f7da91f6cca91549684fdc",
       "isPercent": true,
       "baseValue": 0.062208,
       "levelAdd": 0.021773001,
       "stepValue": 0,
       "maxStep": 0
      },
      {
       "propertyName": "<span style=\"color:#00FF9C;\">바람</span> 속성 피해 증가",
       "propertyIconPath": "13f176b2c801b7bf67d76f1de4a996acd18bbf26ea89b3035877973d037337e4",
       "isPercent": true,
       "baseValue": 0.062208,
       "levelAdd": 0.021773001,
       "stepValue": 0,
       "maxStep": 0
      },
      {
       "propertyName": "<span style=\"color:#7788ff;\">양자</span> 속성 피해 증가",
       "propertyIconPath": "d80c1a4fb5085eb81b10136cf5078d87066fb0c6471e0ad6fbaae0e8a7343c10",
       "isPercent": true,
       "baseValue": 0.062208,
       "levelAdd": 0.021773001,
       "stepValue": 0,
       "maxStep": 0
      },
      {
       "propertyName": "<span style=\"color:#F4D258;\">허수</span> 속성 피해 증가",
       "propertyIconPath": "2be6fe6f4073cb1ff6a2f624baf6f8aee605371d6bcc0cf0ed25811dba044845",
       "isPercent": true,
       "baseValue": 0.062208,
       "levelAdd": 0.021773001,
       "stepValue": 0,
       "maxStep": 0
      }
     ],
     "subAffixes": [
      {
       "propertyName": "HP",
       "propertyIconPath": "9560c98da124f605af2e45c09f26a0b8ee24c3aa357b9701464d7c04adcd0da7",
       "isPercent": false,
       "baseValue": 33.87004,
       "levelAdd": 33.87004,
       "stepValue": 4.233755,
       "maxStep": 2
      },
      {
       "propertyName": "공격력",
       "propertyIconPath": "2d1ce81848ae3af0e819f7f98badde6930dd127f20a6d2686eb806bc963989d5",
       "isPercent": false,
       "baseValue": 16.935019,
       "levelAdd": 16.935019,
       "stepValue": 2.116877,
       "maxStep": 2
      },
      {
       "propertyName": "방어력",
       "propertyIconPath": "2077c52919d0f523755a4d92ce338874b71561611a436572d8eb315a34f4a4c2",
       "isPercent": false,
       "baseValue": 16.935019,
       "levelAdd": 16.935019,
       "stepValue": 2.116877,
       "maxStep": 2
      },
      {
       "propertyName": "HP",
       "propertyIconPath": "9560c98da124f605af2e45c09f26a0b8ee24c3aa357b9701464d7c04adcd0da7",
       "isPercent": true,
       "baseValue": 0.034560002,
       "levelAdd": 0.034560002,
       "stepValue": 0.0043200003,
       "maxStep": 2
      },
      {
       "propertyName": "공격력",
       "propertyIconPath": "2d1ce81848ae3af0e819f7f98badde6930dd127f20a6d2686eb806bc963989d5",
       "isPercent": true,
       "baseValue": 0.034560002,
       "levelAdd": 0.034560002,
       "stepValue": 0.0043200003,
       "maxStep": 2
      },
      {
       "propertyName": "방어력",
       "propertyIconPath": "2077c52919d0f523755a4d92ce338874b71561611a436572d8eb315a34f4a4c2",
       "isPercent": true,
       "baseValue": 0.0432,
       "levelAdd": 0.0432,
       "stepValue": 0.0054,
       "maxStep": 2
      },
      {
       "propertyName": "속도",
       "propertyIconPath": "959ebc55a284ac83b29de4d97b3422772e372e53ff820bc9af972e0201aabe98",
       "isPercent": false,
       "baseValue": 2,
       "levelAdd": 2,
       "stepValue": 0.3,
       "maxStep": 2
      },
      {
       "propertyName": "치명타 확률",
       "propertyIconPath": "649d04ce090ec9e142d024138f54bf2e416362f48f452776826e5a4e8e26c028",
       "isPercent": true,
       "baseValue": 0.02592,
       "levelAdd": 0.02592,
       "stepValue": 0.0032400002,
       "maxStep": 2
      },
      {
       "propertyName": "치명타 피해",
       "propertyIconPath": "70505c64ff7cb3df4a9faf76eb488438570422a20d9dd2f42225da1dd1c97648",
       "isPercent": true,
       "baseValue": 0.05184,
       "levelAdd": 0.05184,
       "stepValue": 0.0064800004,
       "maxStep": 2
      },
      {
       "propertyName": "효과 명중",
       "propertyIconPath": "16e46edec660d897581a1ee77b95e61bafbc7a669f7e88ab6d27b9f23fa4bd49",
       "isPercent": true,
       "baseValue": 0.034560002,
       "levelAdd": 0.034560002,
       "stepValue": 0.0043200003,
       "maxStep": 2
      },
      {
       "propertyName": "효과 저항",
       "propertyIconPath": "53050ffa2be01a99b930263f8c1b883e021e236827d23c7f2fafbd5d59f4a98d",
       "isPercent": true,
       "baseValue": 0.034560002,
       "levelAdd": 0.034560002,
       "stepValue": 0.0043200003,
       "maxStep": 2
      },
      {
       "propertyName": "격파 특수효과",
       "propertyIconPath": "2f652a2e091ec1a28dde16dfec5968a959804447eb99f746b6f2cba53dedfc2c",
       "isPercent": true,
       "baseValue": 0.05184,
       "levelAdd": 0.05184,
       "stepValue": 0.0064800004,
       "maxStep": 2
      }
     ]
    }
   }
  },
  "6": {
   "name": "아이도니아의 저승 뼈사슬",
   "type": 0,
   "maxRarity": 5,
   "iconPath": "aa5ac84a7b72ad3875c46a6b4651057c3faa96877529500fc7677e692b40512f",
   "baseTypeText": "연결 매듭",
   "loreTitle": "아이도니아의 저승 뼈사슬",
   "miniLore": "짐승의 뼈, 화살촉, 마름쇠는 아이도니아인과 망자의 세계를 연결한다. 황야의 고행자는 자신의 영혼이 차가운 강을 건널 수 있기를, 자신의 메마름과 나약함 때문에 신을 알현하러 가는 길에 길을 잃지 않기를 바랄 뿐이다",
   "lore": "한때 한 어리석은 호사가가 아이도니아의 신도를 조롱하며 앰포리어스에 죽음을 경애하는 신앙이 있는지 의심하며 물었다——「당신들은 <ruby>타나토스<rt>죽음의 티탄</rt></ruby>를 그렇게 추앙하면서 왜 창으로 자신의 가슴팍을 찌르지 않습니까?」<br /><br />아이도니아인은 그를 경멸하는 눈으로 바라봤다. 「궁핍한 영혼은 저승의 강을 건널 수 없습니다」<br /><br />아이도니아는 건국 이래 앰포리어스 전역에서 생명을 가장 중시하는 성지였다. <ruby>타나토스<rt>죽음의 티탄</rt></ruby>의 신도들은 저승의 강이 뼈가 시릴 만큼 차가워 보통 사람은 절대 건널 수 없으며, 세상에서 오랫동안 단련한 사람만이 강인한 영혼으로 차가운 강을 건너 <ruby>타나토스<rt>죽음의 티탄</rt></ruby>를 알현할 수 있다고 믿는다. 「죽음」의 축복을 좇는 건 생명을 경시한다는 뜻이 아니다.<br /><br />따라서 죽음을 종착지로 여기는 아이도니아인은 대단한 용사지만, 남쪽의 풍요로운 땅을 빼앗으려 한 적이 없다. 그곳은 영혼을 단련할 만한 땅이 아니었기 때문이다. 아이도니아인은 편안함에 빠지는 것을 하찮게 여겼다.<br /><br />고행은 아이도니아인의 독특한 문화다. 매년 눈이 그쳐 시야가 트이는 며칠 간의 맑은 날은 채골절이라 불린다. 아이도니아의 사제들은 팀을 꾸려 성밖으로 나가 황야와 늪지에서 깊은 잠에 빠진 짐승의 뼈를 찾는다. 수 광력년 전에 죽은 선사 시대의 거대 짐승의 뼈는 최고의 제물로 친다. 그 뼈를 두들기면 둔탁한 소리와 함께 <ruby>타나토스<rt>죽음의 티탄</rt></ruby>의 속삭임이 들리는 듯하다. 저승의 강의 한기가 밴 것 같은 짐승의 뼈는 잇달아 성으로 옮겨진다——살짝 파손된 뼈는 주민들이 매일 착용하는 장식품이 되고, 상태 좋은 뼈는 사제가 직접 장례용 검으로 다듬어 축제에 제물로 바친다.<br /><br />어느 채골절 날, 아이도니아인은 황야에서 한 소녀를 만났다. 그 후 「소녀의 손길이 닿으면 저승의 강을 넘어 곧바로 죽음을 직면할 수 있다」는 소문이 빠르게 퍼졌다.<br /><br />「죽음」을 믿는 사람들은 <ruby>타나토스<rt>죽음의 티탄</rt></ruby>의 대리인과 만나기 위해 앞다퉈 성전으로 몰려들었다. 소녀의 신앙이 사그라들고 있다는 것을 예리하게 눈치챈 아이도니아의 사제들은 그녀를 독전 성녀로 받들고 평민과의 접촉을 금했다. 오직 세상에서 단련되고 삶과 죽음을 경애하는 고행자에게만 소녀의 품에서 저승으로 돌아갈 자격이 주어졌다. 소녀는 사제가 준비한 로브를 걸친 채 두 손으로 형을 집행하고, 포옹으로 입관했다.<br /><br />아이도니아인은 「궁핍한 영혼은 저승의 강을 건널 수 없다」는 말을 진리로 받든다. 하지만 저승의 강은 영혼의 무게를 따진 적이 없고, 그저 조용히 흐르며 모든 산 자의 종착지와 합쳐질 뿐이다",
   "rarityData": {
    "2": {
     "rarity": 2,
     "maxLevel": 6,
     "mainAffixes": [
      {
       "propertyName": "격파 특수효과",
       "propertyIconPath": "2f652a2e091ec1a28dde16dfec5968a959804447eb99f746b6f2cba53dedfc2c",
       "isPercent": true,
       "baseValue": 0.041472,
       "levelAdd": 0.014515,
       "stepValue": 0,
       "maxStep": 0
      },
      {
       "propertyName": "에너지 회복효율",
       "propertyIconPath": "df0ae9e95d840930af96bf8a5ec1394e9a4525d176be753ab7d89a540dca82fc",
       "isPercent": true,
       "baseValue": 0.012442,
       "levelAdd": 0.0043550003,
       "stepValue": 0,
       "maxStep": 0
      },
      {
       "propertyName": "HP",
       "propertyIconPath": "9560c98da124f605af2e45c09f26a0b8ee24c3aa357b9701464d7c04adcd0da7",
       "isPercent": true,
       "baseValue": 0.027648,
       "levelAdd": 0.009677,
       "stepValue": 0,
       "maxStep": 0
      },
      {
       "propertyName": "공격력",
       "propertyIconPath": "2d1ce81848ae3af0e819f7f98badde6930dd127f20a6d2686eb806bc963989d5",
       "isPercent": true,
       "baseValue": 0.027648,
       "levelAdd": 0.009677,
       "stepValue": 0,
       "maxStep": 0
      },
      {
       "propertyName": "방어력",
       "propertyIconPath": "2077c52919d0f523755a4d92ce338874b71561611a436572d8eb315a34f4a4c2",
       "isPercent": true,
       "baseValue": 0.034560002,
       "levelAdd": 0.012096001,
       "stepValue": 0,
       "maxStep": 0
      }
     ],
     "subAffixes": [
      {
       "propertyName": "HP",
       "propertyIconPath": "9560c98da124f605af2e45c09f26a0b8ee24c3aa357b9701464d7c04adcd0da7",
       "isPercent": false,
       "baseValue": 13.548016,
       "levelAdd": 13.548016,
       "stepValue": 1.693502,
       "maxStep": 2
      },
      {
       "propertyName": "공격력",
       "propertyIconPath": "2d1ce81848ae3af0e819f7f98badde6930dd127f20a6d2686eb806bc963989d5",
       "isPercent": false,
       "baseValue": 6.774008,
       "levelAdd": 6.774008,
       "stepValue": 0.846751,
       "maxStep": 2
      },
      {
       "propertyName": "방어력",
       "propertyIconPath": "2077c52919d0f523755a4d92ce338874b71561611a436572d8eb315a34f4a4c2",
       "isPercent": false,
       "baseValue": 6.774008,
       "levelAdd": 6.774008,
       "stepValue": 0.846751,
       "maxStep": 2
      },
      {
       "propertyName": "HP",
       "propertyIconPath": "9560c98da124f605af2e45c09f26a0b8ee24c3aa357b9701464d7c04adcd0da7",
       "isPercent": true,
       "baseValue": 0.013824001,
       "levelAdd": 0.013824001,
       "stepValue": 0.0017280006,
       "maxStep": 2
      },
      {
       "propertyName": "공격력",
       "propertyIconPath": "2d1ce81848ae3af0e819f7f98badde6930dd127f20a6d2686eb806bc963989d5",
       "isPercent": true,
       "baseValue": 0.013824001,
       "levelAdd": 0.013824001,
       "stepValue": 0.0017280006,
       "maxStep": 2
      },
      {
       "propertyName": "방어력",
       "propertyIconPath": "2077c52919d0f523755a4d92ce338874b71561611a436572d8eb315a34f4a4c2",
       "isPercent": true,
       "baseValue": 0.017280001,
       "levelAdd": 0.017280001,
       "stepValue": 0.0021600004,
       "maxStep": 2
      },
      {
       "propertyName": "속도",
       "propertyIconPath": "959ebc55a284ac83b29de4d97b3422772e372e53ff820bc9af972e0201aabe98",
       "isPercent": false,
       "baseValue": 1,
       "levelAdd": 1,
       "stepValue": 0.1,
       "maxStep": 2
      },
      {
       "propertyName": "치명타 확률",
       "propertyIconPath": "649d04ce090ec9e142d024138f54bf2e416362f48f452776826e5a4e8e26c028",
       "isPercent": true,
       "baseValue": 0.010368001,
       "levelAdd": 0.010368001,
       "stepValue": 0.0012960008,
       "maxStep": 2
      },
      {
       "propertyName": "치명타 피해",
       "propertyIconPath": "70505c64ff7cb3df4a9faf76eb488438570422a20d9dd2f42225da1dd1c97648",
       "isPercent": true,
       "baseValue": 0.020736001,
       "levelAdd": 0.020736001,
       "stepValue": 0.0025920009,
       "maxStep": 2
      },
      {
       "propertyName": "효과 명중",
       "propertyIconPath": "16e46edec660d897581a1ee77b95e61bafbc7a669f7e88ab6d27b9f23fa4bd49",
       "isPercent": true,
       "baseValue": 0.013824001,
       "levelAdd": 0.013824001,
       "stepValue": 0.0017280006,
       "maxStep": 2
      },
      {
       "propertyName": "효과 저항",
       "propertyIconPath": "53050ffa2be01a99b930263f8c1b883e021e236827d23c7f2fafbd5d59f4a98d",
       "isPercent": true,
       "baseValue": 0.013824001,
       "levelAdd": 0.013824001,
       "stepValue": 0.0017280006,
       "maxStep": 2
      },
      {
       "propertyName": "격파 특수효과",
       "propertyIconPath": "2f652a2e091ec1a28dde16dfec5968a959804447eb99f746b6f2cba53dedfc2c",
       "isPercent": true,
       "baseValue": 0.020736001,
       "levelAdd": 0.020736001,
       "stepValue": 0.0025920009,
       "maxStep": 2
      }
     ]
    },
    "3": {
     "rarity": 3,
     "maxLevel": 9,
     "mainAffixes": [
      {
       "propertyName": "격파 특수효과",
       "propertyIconPath": "2f652a2e091ec1a28dde16dfec5968a959804447eb99f746b6f2cba53dedfc2c",
       "isPercent": true,
       "baseValue": 0.062208,
       "levelAdd": 0.021773001,
       "stepValue": 0,
       "maxStep": 0
      },
      {
       "propertyName": "에너지 회복효율",
       "propertyIconPath": "df0ae9e95d840930af96bf8a5ec1394e9a4525d176be753ab7d89a540dca82fc",
       "isPercent": true,
       "baseValue": 0.018662,
       "levelAdd": 0.0065320004,
       "stepValue": 0,
       "maxStep": 0
      },
      {
       "propertyName": "HP",
       "propertyIconPath": "9560c98da124f605af2e45c09f26a0b8ee24c3aa357b9701464d7c04adcd0da7",
       "isPercent": true,
       "baseValue": 0.041472,
       "levelAdd": 0.014515,
       "stepValue": 0,
       "maxStep": 0
      },
      {
       "propertyName": "공격력",
       "propertyIconPath": "2d1ce81848ae3af0e819f7f98badde6930dd127f20a6d2686eb806bc963989d5",
       "isPercent": true,
       "baseValue": 0.041472,
       "levelAdd": 0.014515,
       "stepValue": 0,
       "maxStep": 0
      },
      {
       "propertyName": "방어력",
       "propertyIconPath": "2077c52919d0f523755a4d92ce338874b71561611a436572d8eb315a34f4a4c2",
       "isPercent": true,
       "baseValue": 0.05184,
       "levelAdd": 0.018144,
       "stepValue": 0,
       "maxStep": 0
      }
     ],
     "subAffixes": [
      {
       "propertyName": "HP",
       "propertyIconPath": "9560c98da124f605af2e45c09f26a0b8ee24c3aa357b9701464d7c04adcd0da7",
       "isPercent": false,
       "baseValue": 20.322023,
       "levelAdd": 20.322023,
       "stepValue": 2.540253,
       "maxStep": 2
      },
      {
       "propertyName": "공격력",
       "propertyIconPath": "2d1ce81848ae3af0e819f7f98badde6930dd127f20a6d2686eb806bc963989d5",
       "isPercent": false,
       "baseValue": 10.161012,
       "levelAdd": 10.161012,
       "stepValue": 1.270126,
       "maxStep": 2
      },
      {
       "propertyName": "방어력",
       "propertyIconPath": "2077c52919d0f523755a4d92ce338874b71561611a436572d8eb315a34f4a4c2",
       "isPercent": false,
       "baseValue": 10.161012,
       "levelAdd": 10.161012,
       "stepValue": 1.270126,
       "maxStep": 2
      },
      {
       "propertyName": "HP",
       "propertyIconPath": "9560c98da124f605af2e45c09f26a0b8ee24c3aa357b9701464d7c04adcd0da7",
       "isPercent": true,
       "baseValue": 0.020736001,
       "levelAdd": 0.020736001,
       "stepValue": 0.0025920009,
       "maxStep": 2
      },
      {
       "propertyName": "공격력",
       "propertyIconPath": "2d1ce81848ae3af0e819f7f98badde6930dd127f20a6d2686eb806bc963989d5",
       "isPercent": true,
       "baseValue": 0.020736001,
       "levelAdd": 0.020736001,
       "stepValue": 0.0025920009,
       "maxStep": 2
      },
      {
       "propertyName": "방어력",
       "propertyIconPath": "2077c52919d0f523755a4d92ce338874b71561611a436572d8eb315a34f4a4c2",
       "isPercent": true,
       "baseValue": 0.02592,
       "levelAdd": 0.02592,
       "stepValue": 0.0032400002,
       "maxStep": 2
      },
      {
       "propertyName": "속도",
       "propertyIconPath": "959ebc55a284ac83b29de4d97b3422772e372e53ff820bc9af972e0201aabe98",
       "isPercent": false,
       "baseValue": 1.2,
       "levelAdd": 1.2,
       "stepValue": 0.1,
       "maxStep": 2
      },
      {
       "propertyName": "치명타 확률",
       "propertyIconPath": "649d04ce090ec9e142d024138f54bf2e416362f48f452776826e5a4e8e26c028",
       "isPercent": true,
       "baseValue": 0.015552,
       "levelAdd": 0.015552,
       "stepValue": 0.0019440008,
       "maxStep": 2
      },
      {
       "propertyName": "치명타 피해",
       "propertyIconPath": "70505c64ff7cb3df4a9faf76eb488438570422a20d9dd2f42225da1dd1c97648",
       "isPercent": true,
       "baseValue": 0.031104,
       "levelAdd": 0.031104,
       "stepValue": 0.003888001,
       "maxStep": 2
      },
      {
       "propertyName": "효과 명중",
       "propertyIconPath": "16e46edec660d897581a1ee77b95e61bafbc7a669f7e88ab6d27b9f23fa4bd49",
       "isPercent": true,
       "baseValue": 0.020736001,
       "levelAdd": 0.020736001,
       "stepValue": 0.0025920009,
       "maxStep": 2
      },
      {
       "propertyName": "효과 저항",
       "propertyIconPath": "53050ffa2be01a99b930263f8c1b883e021e236827d23c7f2fafbd5d59f4a98d",
       "isPercent": true,
       "baseValue": 0.020736001,
       "levelAdd": 0.020736001,
       "stepValue": 0.0025920009,
       "maxStep": 2
      },
      {
       "propertyName": "격파 특수효과",
       "propertyIconPath": "2f652a2e091ec1a28dde16dfec5968a959804447eb99f746b6f2cba53dedfc2c",
       "isPercent": true,
       "baseValue": 0.031104,
       "levelAdd": 0.031104,
       "stepValue": 0.003888001,
       "maxStep": 2
      }
     ]
    },
    "4": {
     "rarity": 4,
     "maxLevel": 12,
     "mainAffixes": [
      {
       "propertyName": "격파 특수효과",
       "propertyIconPath": "2f652a2e091ec1a28dde16dfec5968a959804447eb99f746b6f2cba53dedfc2c",
       "isPercent": true,
       "baseValue": 0.082944,
       "levelAdd": 0.029029999,
       "stepValue": 0,
       "maxStep": 0
      },
      {
       "propertyName": "에너지 회복효율",
       "propertyIconPath": "df0ae9e95d840930af96bf8a5ec1394e9a4525d176be753ab7d89a540dca82fc",
       "isPercent": true,
       "baseValue": 0.024883,
       "levelAdd": 0.008709,
       "stepValue": 0,
       "maxStep": 0
      },
      {
       "propertyName": "HP",
       "propertyIconPath": "9560c98da124f605af2e45c09f26a0b8ee24c3aa357b9701464d7c04adcd0da7",
       "isPercent": true,
       "baseValue": 0.055296,
       "levelAdd": 0.019354,
       "stepValue": 0,
       "maxStep": 0
      },
      {
       "propertyName": "공격력",
       "propertyIconPath": "2d1ce81848ae3af0e819f7f98badde6930dd127f20a6d2686eb806bc963989d5",
       "isPercent": true,
       "baseValue": 0.055296,
       "levelAdd": 0.019354,
       "stepValue": 0,
       "maxStep": 0
      },
      {
       "propertyName": "방어력",
       "propertyIconPath": "2077c52919d0f523755a4d92ce338874b71561611a436572d8eb315a34f4a4c2",
       "isPercent": true,
       "baseValue": 0.06912,
       "levelAdd": 0.024192,
       "stepValue": 0,
       "maxStep": 0
      }
     ],
     "subAffixes": [
      {
       "propertyName": "HP",
       "propertyIconPath": "9560c98da124f605af2e45c09f26a0b8ee24c3aa357b9701464d7c04adcd0da7",
       "isPercent": false,
       "baseValue": 27.096031,
       "levelAdd": 27.096031,
       "stepValue": 3.387004,
       "maxStep": 2
      },
      {
       "propertyName": "공격력",
       "propertyIconPath": "2d1ce81848ae3af0e819f7f98badde6930dd127f20a6d2686eb806bc963989d5",
       "isPercent": false,
       "baseValue": 13.548016,
       "levelAdd": 13.548016,
       "stepValue": 1.693502,
       "maxStep": 2
      },
      {
       "propertyName": "방어력",
       "propertyIconPath": "2077c52919d0f523755a4d92ce338874b71561611a436572d8eb315a34f4a4c2",
       "isPercent": false,
       "baseValue": 13.548016,
       "levelAdd": 13.548016,
       "stepValue": 1.693502,
       "maxStep": 2
      },
      {
       "propertyName": "HP",
       "propertyIconPath": "9560c98da124f605af2e45c09f26a0b8ee24c3aa357b9701464d7c04adcd0da7",
       "isPercent": true,
       "baseValue": 0.027648,
       "levelAdd": 0.027648,
       "stepValue": 0.0034560005,
       "maxStep": 2
      },
      {
       "propertyName": "공격력",
       "propertyIconPath": "2d1ce81848ae3af0e819f7f98badde6930dd127f20a6d2686eb806bc963989d5",
       "isPercent": true,
       "baseValue": 0.027648,
       "levelAdd": 0.027648,
       "stepValue": 0.0034560005,
       "maxStep": 2
      },
      {
       "propertyName": "방어력",
       "propertyIconPath": "2077c52919d0f523755a4d92ce338874b71561611a436572d8eb315a34f4a4c2",
       "isPercent": true,
       "baseValue": 0.034560002,
       "levelAdd": 0.034560002,
       "stepValue": 0.0043200003,
       "maxStep": 2
      },
      {
       "propertyName": "속도",
       "propertyIconPath": "959ebc55a284ac83b29de4d97b3422772e372e53ff820bc9af972e0201aabe98",
       "isPercent": false,
       "baseValue": 1.6,
       "levelAdd": 1.6,
       "stepValue": 0.2,
       "maxStep": 2
      },
      {
       "propertyName": "치명타 확률",
       "propertyIconPath": "649d04ce090ec9e142d024138f54bf2e416362f48f452776826e5a4e8e26c028",
       "isPercent": true,
       "baseValue": 0.020736001,
       "levelAdd": 0.020736001,
       "stepValue": 0.0025920009,
       "maxStep": 2
      },
      {
       "propertyName": "치명타 피해",
       "propertyIconPath": "70505c64ff7cb3df4a9faf76eb488438570422a20d9dd2f42225da1dd1c97648",
       "isPercent": true,
       "baseValue": 0.041472,
       "levelAdd": 0.041472,
       "stepValue": 0.0051840004,
       "maxStep": 2
      },
      {
       "propertyName": "효과 명중",
       "propertyIconPath": "16e46edec660d897581a1ee77b95e61bafbc7a669f7e88ab6d27b9f23fa4bd49",
       "isPercent": true,
       "baseValue": 0.027648,
       "levelAdd": 0.027648,
       "stepValue": 0.0034560005,
       "maxStep": 2
      },
      {
       "propertyName": "효과 저항",
       "propertyIconPath": "53050ffa2be01a99b930263f8c1b883e021e236827d23c7f2fafbd5d59f4a98d",
       "isPercent": true,
       "baseValue": 0.027648,
       "levelAdd": 0.027648,
       "stepValue": 0.0034560005,
       "maxStep": 2
      },
      {
       "propertyName": "격파 특수효과",
       "propertyIconPath": "2f652a2e091ec1a28dde16dfec5968a959804447eb99f746b6f2cba53dedfc2c",
       "isPercent": true,
       "baseValue": 0.041472,
       "levelAdd": 0.041472,
       "stepValue": 0.0051840004,
       "maxStep": 2
      }
     ]
    },
    "5": {
     "rarity": 5,
     "maxLevel": 15,
     "mainAffixes": [
      {
       "propertyName": "격파 특수효과",
       "propertyIconPath": "2f652a2e091ec1a28dde16dfec5968a959804447eb99f746b6f2cba53dedfc2c",
       "isPercent": true,
       "baseValue": 0.10368,
       "levelAdd": 0.036288,
       "stepValue": 0,
       "maxStep": 0
      },
      {
       "propertyName": "에너지 회복효율",
       "propertyIconPath": "df0ae9e95d840930af96bf8a5ec1394e9a4525d176be753ab7d89a540dca82fc",
       "isPercent": true,
       "baseValue": 0.031104,
       "levelAdd": 0.010886001,
       "stepValue": 0,
       "maxStep": 0
      },
      {
       "propertyName": "HP",
       "propertyIconPath": "9560c98da124f605af2e45c09f26a0b8ee24c3aa357b9701464d7c04adcd0da7",
       "isPercent": true,
       "baseValue": 0.06912,
       "levelAdd": 0.024192,
       "stepValue": 0,
       "maxStep": 0
      },
      {
       "propertyName": "공격력",
       "propertyIconPath": "2d1ce81848ae3af0e819f7f98badde6930dd127f20a6d2686eb806bc963989d5",
       "isPercent": true,
       "baseValue": 0.06912,
       "levelAdd": 0.024192,
       "stepValue": 0,
       "maxStep": 0
      },
      {
       "propertyName": "방어력",
       "propertyIconPath": "2077c52919d0f523755a4d92ce338874b71561611a436572d8eb315a34f4a4c2",
       "isPercent": true,
       "baseValue": 0.0864,
       "levelAdd": 0.030240001,
       "stepValue": 0,
       "maxStep": 0
      }
     ],
     "subAffixes": [
      {
       "propertyName": "HP",
       "propertyIconPath": "9560c98da124f605af2e45c09f26a0b8ee24c3aa357b9701464d7c04adcd0da7",
       "isPercent": false,
       "baseValue": 33.87004,
       "levelAdd": 33.87004,
       "stepValue": 4.233755,
       "maxStep": 2
      },
      {
       "propertyName": "공격력",
       "propertyIconPath": "2d1ce81848ae3af0e819f7f98badde6930dd127f20a6d2686eb806bc963989d5",
       "isPercent": false,
       "baseValue": 16.935019,
       "levelAdd": 16.935019,
       "stepValue": 2.116877,
       "maxStep": 2
      },
      {
       "propertyName": "방어력",
       "propertyIconPath": "2077c52919d0f523755a4d92ce338874b71561611a436572d8eb315a34f4a4c2",
       "isPercent": false,
       "baseValue": 16.935019,
       "levelAdd": 16.935019,
       "stepValue": 2.116877,
       "maxStep": 2
      },
      {
       "propertyName": "HP",
       "propertyIconPath": "9560c98da124f605af2e45c09f26a0b8ee24c3aa357b9701464d7c04adcd0da7",
       "isPercent": true,
       "baseValue": 0.034560002,
       "levelAdd": 0.034560002,
       "stepValue": 0.0043200003,
       "maxStep": 2
      },
      {
       "propertyName": "공격력",
       "propertyIconPath": "2d1ce81848ae3af0e819f7f98badde6930dd127f20a6d2686eb806bc963989d5",
       "isPercent": true,
       "baseValue": 0.034560002,
       "levelAdd": 0.034560002,
       "stepValue": 0.0043200003,
       "maxStep": 2
      },
      {
       "propertyName": "방어력",
       "propertyIconPath": "2077c52919d0f523755a4d92ce338874b71561611a436572d8eb315a34f4a4c2",
       "isPercent": true,
       "baseValue": 0.0432,
       "levelAdd": 0.0432,
       "stepValue": 0.0054,
       "maxStep": 2
      },
      {
       "propertyName": "속도",
       "propertyIconPath": "959ebc55a284ac83b29de4d97b3422772e372e53ff820bc9af972e0201aabe98",
       "isPercent": false,
       "baseValue": 2,
       "levelAdd": 2,
       "stepValue": 0.3,
       "maxStep": 2
      },
      {
       "propertyName": "치명타 확률",
       "propertyIconPath": "649d04ce090ec9e142d024138f54bf2e416362f48f452776826e5a4e8e26c028",
       "isPercent": true,
       "baseValue": 0.02592,
       "levelAdd": 0.02592,
       "stepValue": 0.0032400002,
       "maxStep": 2
      },
      {
       "propertyName": "치명타 피해",
       "propertyIconPath": "70505c64ff7cb3df4a9faf76eb488438570422a20d9dd2f42225da1dd1c97648",
       "isPercent": true,
       "baseValue": 0.05184,
       "levelAdd": 0.05184,
       "stepValue": 0.0064800004,
       "maxStep": 2
      },
      {
       "propertyName": "효과 명중",
       "propertyIconPath": "16e46edec660d897581a1ee77b95e61bafbc7a669f7e88ab6d27b9f23fa4bd49",
       "isPercent": true,
       "baseValue": 0.034560002,
       "levelAdd": 0.034560002,
       "stepValue": 0.0043200003,
       "maxStep": 2
      },
      {
       "propertyName": "효과 저항",
       "propertyIconPath": "53050ffa2be01a99b930263f8c1b883e021e236827d23c7f2fafbd5d59f4a98d",
       "isPercent": true,
       "baseValue": 0.034560002,
       "levelAdd": 0.034560002,
       "stepValue": 0.0043200003,
       "maxStep": 2
      },
      {
       "propertyName": "격파 특수효과",
       "propertyIconPath": "2f652a2e091ec1a28dde16dfec5968a959804447eb99f746b6f2cba53dedfc2c",
       "isPercent": true,
       "baseValue": 0.05184,
       "levelAdd": 0.05184,
       "stepValue": 0.0064800004,
       "maxStep": 2
      }
     ]
    }
   }
  }
 },
 "pageId": "319"
}