{
 "spRequirement": 110,
 "iconPath": "6745ebc2f6475c499a7f66eebfd926695500304b405a3d94b428f20e120fbd01",
 "bgPath": "4301d44214d7a8861db59b4c256f38510b30577172829dc7b1be63f610076e5e",
 "figPath": "c4f1476d56c798b47bd6fb680f72b5a447ef5b19e886cb7f52dd758935356ce3",
 "fgPath": "c20ed41bcc28e95025c3e76c8f444776808859b898eae26b1b1dec0c4de121aa",
 "splashIconPath": "f17b7d6cf08672cecc3dfcd2b7dc0ddc193aa2da5096fedd7576d0d68a4b33e8",
 "splashPlaceholder": {
  "w": 0,
  "h": 0
 },
 "damageTypeId": 0,
 "baseTypeId": 0,
 "baseTypeTraces": {
  "id": 5,
  "iconPath": "dd7360026f025513baae7d6891bfd20d8a74c89d99e8b74c45a4092c07f2f2bc",
  "color": "#FFFFFF",
  "rarity": 0
 },
 "itemReferences": {
  "29328": {
   "id": 29328,
   "type": 101,
   "purposeId": 11,
   "iconPath": "662fc7ab4bcd2e14d5f4185738f92c3d4e5051f6a6af0fbcafcb08310c579372",
   "name": "Crédits",
   "desc": "Cette monnaie, utilisée par la Corporation pour la Paix Interastrale pour les échanges commerciaux avec ses clients, est désormais largement acceptée comme devise lors des voyages spatiaux.",
   "lore": "« Les gens se battent et négocient pour des numéros à un terminal, mais les choses les plus précieuses ne s'achètent pas. »",
   "purpose": "Monnaie ordinaire",
   "rarity": 3,
   "rewardPath": "/material/29328",
   "comeFrom": [
    "Calice de la Grande mine",
    "Calice de la Commission de l'artisanat",
    "Calice de l'Hôtel Rêverie du Pays des rêves",
    "Calice du Bosquet de l'épiphanie, le Bois des murmures",
    "Récompense de mission",
    "Récompense d'affectation",
    "Échange de braises immortelles"
   ]
  },
  "125435": {
   "id": 125435,
   "type": 654,
   "purposeId": 4,
   "iconPath": "1faeac3cd0e3235dd5c4d7f88c0348be236c9db3d6f01c54cf1af28636a02a00",
   "name": "Voies de la destinée",
   "desc": "Matériau avancé d'amélioration de Traces.",
   "lore": "La victoire s'acquiert au terme de nombreux échecs, et chaque pas conduit à l'instant décisif.",
   "purpose": "Matériau de Trace",
   "rarity": 5,
   "rewardPath": "/material/125435",
   "comeFrom": [
    "Récompenses de points de l'Univers simulé",
    "Honneur des Sans Noms",
    "Échange de braises immortelles",
    "Lumières d'étoile",
    "Récompense d'événement à durée limitée"
   ]
  },
  "409960": {
   "id": 409960,
   "type": 651,
   "purposeId": 1,
   "iconPath": "64e60a11d852e9486527315fd5dbd93e76f510b6bd0538b927b16bfb188bda62",
   "name": "Guide du voyageur",
   "desc": "Matériau d'EXP de personnage. Confère <nobr>20</nobr> <nobr>000</nobr> points d'EXP de personnage.",
   "lore": "Lecture indispensable à l'exploration des mondes. Appuyez sur le bouton de lecture pour activer une voix agréable, dans une langue de votre choix qui vous racontera les rencontres légendaires d'aventuriers de renom à travers différents mondes, ainsi que la sagesse précieuse et les connaissances qui en découlent.<br /><br />« La nouvelle série du Guide du voyageur, \"Le manuel du chef de la cuisine galactique\" est désormais disponible en magasin. »<br />« Pour toute question, connectez-vous à la balise de synesthésie ERD<nobr>-23</nobr>θ et contactez un représentant de la Guilde de l'intelligentsia. Facilités de paiement disponibles. »",
   "purpose": "Matériau d'EXP de personnage",
   "rarity": 4,
   "rewardPath": "/material/409960",
   "comeFrom": [
    "Calice des Plaines des neiges périphériques",
    "Calice de Passenuage",
    "Calice de la Frontière des rêves",
    "Calice de Janusopolis, le Sanctuaire de la prophétie",
    "Salle oubliée"
   ]
  },
  "409961": {
   "id": 409961,
   "type": 651,
   "purposeId": 1,
   "iconPath": "bace343f74527b604cf5037157a01121ca2075f0d381673d58825aa8871d23b2",
   "name": "Journal d'aventure",
   "desc": "Matériau d'EXP de personnage. Confère 5 <nobr>000</nobr> points d'EXP de personnage.",
   "lore": "Un ensemble bien classé de notes d'aventure édifiantes, avec d'innombrables illustrations et commentaires exhaustifs, sans oublier de précieuses informations relatives à des techniques de survie.<br /><br />« Pourquoi ne pas les numériser et les sauvegarder sur un disque photolithique ? Ce serait tellement plus pratique. »<br />« La technologie de pointe est bien plus fragile qu'on ne le pense face aux tempêtes stellaires et aux éruptions de flux neuronaux. Et puis, l'auteur voulait sûrement que la lecture soit la plus simple possible. »",
   "purpose": "Matériau d'EXP de personnage",
   "rarity": 3,
   "rewardPath": "/material/409961",
   "comeFrom": [
    "Calice des Plaines des neiges périphériques",
    "Calice de Passenuage",
    "Calice de la Frontière des rêves",
    "Calice de Janusopolis, le Sanctuaire de la prophétie",
    "Entraînement quotidien",
    "Échange de braises immortelles"
   ]
  },
  "409962": {
   "id": 409962,
   "type": 651,
   "purposeId": 1,
   "iconPath": "5b6df114010e87eb36fe9583af069826960af2730455a03b5379093a4a9e5aca",
   "name": "Rencontres de voyage",
   "desc": "Matériau d'EXP de personnage. Confère 1 <nobr>000</nobr> points d'EXP de personnage.",
   "lore": "Un carnet de voyage parsemé de commentaires et de contenus divers griffonnés. Il ne vous sera pas très utile.<br /><br />« Dan Heng, dépêche-toi de lire ça pour t'en débarrasser. »",
   "purpose": "Matériau d'EXP de personnage",
   "rarity": 2,
   "rewardPath": "/material/409962",
   "comeFrom": [
    "Calice des Plaines des neiges périphériques",
    "Calice de Passenuage",
    "Calice de la Frontière des rêves",
    "Calice de Janusopolis, le Sanctuaire de la prophétie",
    "Récompense d'affectation"
   ]
  },
  "554722": {
   "id": 554722,
   "type": 654,
   "purposeId": 4,
   "iconPath": "c73f7c95477c413116ae2315f55567473f4fd49d28ed37983d40adad50141294",
   "name": "Anamèse d'orage diurne",
   "desc": "Matériau avancé d'amélioration de Traces.",
   "lore": "Lorsque l'enfant des hommes a bu le cristal divin, elle a perdu le don de percevoir les cœurs humains. Depuis lors, son seul but est de surveiller la terre, liée à des cycles infinis d'étoiles et de lunes.<br />Elle continue à chérir la vie, mais ne perçoit plus ses semblables comme des êtres vivants.<br /><br />« Prostrée sur la terre, elle se languit du contact avec le ciel bleu. Mais après s'être élevée dans les cieux, le modeste parfum de l'herbe lui semble inestimable... »",
   "purpose": "Matériau de Trace",
   "rarity": 4,
   "rewardPath": "/material/554722",
   "comeFrom": [
    "Écho de la guerre : Œil du crépuscule, Forteresse du dôme"
   ]
  },
  "589818": {
   "id": 589818,
   "type": 653,
   "purposeId": 3,
   "iconPath": "1b78b52bd4fa8125682facdef27eee8dde23738508c8751d7c4a085363fae9df",
   "name": "Essence de feu d'étoiles",
   "desc": "Héliobe mature qui a fui après la Guerre de la Catastrophe des flammes. Permet d'améliorer modérément les Traces des personnages de la <span style=\"display: inline-block; color: #f29e38ff; font-weight:bold;\">Nihilité</span>.",
   "lore": "Héliobe agressif et antipathique avec une flamme complète.<br />Lorsqu'elle se matérialise, la taille de la flamme d'un Héliobe illustre sa force. Cet Héliobe flamboyant est doué de raison et a hâte d'absorber les désirs et émotions de son hôte.<br /><br />« Absorbe ses émotions et influence sa volonté... »",
   "purpose": "Matériau de Trace<br />Matériau d'élévation de cône de lumière",
   "rarity": 3,
   "rewardPath": "/material/589818",
   "comeFrom": [
    "Calice de la Commission d'alchimie",
    "Synthèse de matériaux de l'Omni-synthétiseur",
    "Échange de braises immortelles",
    "Échange de matériaux de l'Omni-synthétiseur"
   ]
  },
  "673759": {
   "id": 673759,
   "type": 653,
   "purposeId": 3,
   "iconPath": "b5032641c3abb7d952d56b9bfb0a4c71f4db0edd3a2c48c10d9b4d0eec94d25c",
   "name": "Incinérateur céleste",
   "desc": "Héliobe bestial qui s'est homogénéisé après la Guerre de la Catastrophe des flammes. Permet d'améliorer considérablement les Traces des personnages de la <span style=\"display: inline-block; color: #f29e38ff; font-weight:bold;\">Nihilité</span>.",
   "lore": "Héliobe puissant et ingénieux ayant pris la forme d'une bête.<br />Lorsqu'elle se matérialise, la taille de la flamme d'un Héliobe illustre sa force. Cet Héliobe de grande taille s'est homogénéisé avec de nombreux pairs inférieurs, il va progressivement stabiliser sa forme. Ces êtres immortels sont tellement dangereux qu'ils sont considérés comme des calamités.<br /><br />« Inondations, incendies, glissements de terrain et orages... »",
   "purpose": "Matériau de Trace<br />Matériau d'élévation de cône de lumière",
   "rarity": 4,
   "rewardPath": "/material/673759",
   "comeFrom": [
    "Calice de la Commission d'alchimie",
    "Synthèse de matériaux de l'Omni-synthétiseur",
    "Échange de matériaux de l'Omni-synthétiseur"
   ]
  },
  "874345": {
   "id": 874345,
   "type": 653,
   "purposeId": 3,
   "iconPath": "c58150f0bd3d62041c9a94a5f8cb513146f940ddbc73caa9bdf69ee5eeb007fb",
   "name": "Esprit flamboyant",
   "desc": "Héliobe faible qui s'est éparpillé après la Guerre de la Catastrophe des flammes. Permet d'améliorer légèrement les Traces des personnages de la <span style=\"display: inline-block; color: #f29e38ff; font-weight:bold;\">Nihilité</span>.",
   "lore": "Héliobe innocent et incorporel.<br />Lorsqu'elle se matérialise, la taille de la flamme d'un Héliobe illustre sa force. Ce petit Héliobe naïf et innocent pourrait facilement être consommé par un Héliobe plus puissant.<br /><br />« Sans forme, sans racines et sans limites... »",
   "purpose": "Matériau de Trace<br />Matériau d'élévation de cône de lumière",
   "rarity": 2,
   "rewardPath": "/material/874345",
   "comeFrom": [
    "Calice de la Commission d'alchimie",
    "Échange de braises immortelles",
    "Échange de matériaux de l'Omni-synthétiseur"
   ]
  },
  "20170864": {
   "id": 20170864,
   "type": 657,
   "purposeId": 7,
   "iconPath": "d0c7c7f9f997cb0ede806d12e51f7bbfca2f8efb9ecbd2546aff0ab24a8a90dd",
   "name": "Poitrine lacérée par la bravoure",
   "desc": "Fragment des créatures titaniques déchues. Matériau intermédiaire utilisé pour le renforcement.",
   "lore": "Les généraux paresseux commencèrent à s'entraîner et les sages reclus se mirent à réfléchir. Lorsque les hommes découvrirent qu'ils pouvaient détruire les créations des dieux, le massacre se transforma en guerre.<br /><br />« La peur est le burin de la bravoure. »",
   "purpose": "Matériau de Trace<br />Matériau d'élévation de personnage",
   "rarity": 3,
   "rewardPath": "/material/20170864",
   "comeFrom": [
    "Créature titanique au niveau d'équilibre 2 ou supérieur",
    "Bête crépusculaire au niveau d'équilibre 2 ou supérieur",
    "Synthèse de matériaux de l'Omni-synthétiseur",
    "Ennemis de l'Univers parallèle",
    "Ennemis de l'Univers simulé",
    "Échange de matériaux de l'Omni-synthétiseur"
   ]
  },
  "20389475": {
   "id": 20389475,
   "type": 657,
   "purposeId": 7,
   "iconPath": "4248c4deac64679a25e9190920297cee99e492be38480008c348d5faa425a466",
   "name": "Corps éclaboussé d'honneur",
   "desc": "Le cœur d'une créature titanique du Conflit. Il regorge de pouvoir divin. Matériau avancé utilisé pour le renforcement.",
   "lore": "Au commencement, l'humanité se battait pour survivre. Aujourd'hui, certains se battent pour semer la mort, aussi intrépides que les créatures titaniques du Conflit. Les Acrokopiens disent que les guerriers de chair et de pierre partageraient le même cœur...<br /><br />« La bravoure coule dans ce cœur qu'on nomme la gloire. »",
   "purpose": "Matériau de Trace<br />Matériau d'élévation de personnage",
   "rarity": 4,
   "rewardPath": "/material/20389475",
   "comeFrom": [
    "Créature titanique au niveau d'équilibre 4 ou supérieur",
    "Bête crépusculaire au niveau d'équilibre 4 ou supérieur",
    "Synthèse de matériaux de l'Omni-synthétiseur",
    "Ennemis de l'Univers parallèle",
    "Ennemis de l'Univers simulé",
    "Échange de matériaux de l'Omni-synthétiseur"
   ]
  },
  "20445700": {
   "id": 20445700,
   "type": 657,
   "purposeId": 7,
   "iconPath": "57fb73d5a5481d898d7901a6639f9061749101e2b47ded8580cb2ad476407aed",
   "name": "Chair pétrie de peur",
   "desc": "Poussières composant les créatures titaniques du Conflit. Matériau commun utilisé pour le renforcement.",
   "lore": "La marée funeste s'abattit sur le monde, et les géants de la haine et de la rancœur émergèrent de la Rivière des âmes. Tous prirent peur devant la légion taillée dans la pierre.<br /><br />« De la pierre du massacre naquit la peur. »",
   "purpose": "Matériau de Trace<br />Matériau d'élévation de personnage",
   "rarity": 2,
   "rewardPath": "/material/20445700",
   "comeFrom": [
    "Créature titanique",
    "Bêtes crépusculaires",
    "Ennemis de l'Univers parallèle",
    "Ennemis de l'Univers simulé",
    "Récompenses d'affectation",
    "Braises immortelles",
    "Échange de matériaux de l'Omni-synthétiseur",
    "Calice doré"
   ]
  },
  "29937571": {
   "id": 29937571,
   "type": 652,
   "purposeId": 2,
   "iconPath": "e914aa6c1c3cceed1fe5912f35f1d439d662aec5699654e8ff682bf2010c1c74",
   "name": "Caillot invasif",
   "desc": "Noyau cristallin des créatures de la Marée noire. Permet l'élévation des personnages de type physique.",
   "lore": "À vrai dire, les adeptes de la Marée noire se présentent sous bien des formes et se distinguent par leurs cristaux. Mais peu de gens savent que ce noyau n'est en réalité que l'enveloppe extérieure.<br /><br />« J'ai vu un océan de cristaux... puis, le sourire apaisé d'un médecin. »",
   "purpose": "Matériau d'élévation de personnage",
   "rarity": 4,
   "rewardPath": "/material/29937571",
   "comeFrom": [
    "Ombre stagnante de la Cité draconique de Styxie",
    "Échange de matériaux de l'Omni-synthétiseur"
   ]
  }
 },
 "levelData": [
  {
   "attackBase": 81.84,
   "attackAdd": 4.092,
   "hpBase": 163.68,
   "hpAdd": 8.184,
   "defenseBase": 66,
   "defenseAdd": 3.3,
   "crate": 0.05,
   "cdmg": 0.5,
   "aggro": 100,
   "speedBase": 102,
   "speedAdd": 0,
   "promotion": 0,
   "maxLevel": 20,
   "cost": [
    {
     "id": 29328,
     "count": 4000
    },
    {
     "id": 20445700,
     "count": 5
    }
   ]
  },
  {
   "attackBase": 114.576,
   "attackAdd": 4.092,
   "hpBase": 229.152,
   "hpAdd": 8.184,
   "defenseBase": 92.4,
   "defenseAdd": 3.3,
   "crate": 0.05,
   "cdmg": 0.5,
   "aggro": 100,
   "speedBase": 102,
   "speedAdd": 0,
   "promotion": 1,
   "maxLevel": 30,
   "cost": [
    {
     "id": 29328,
     "count": 8000
    },
    {
     "id": 20445700,
     "count": 10
    }
   ]
  },
  {
   "attackBase": 147.312,
   "attackAdd": 4.092,
   "hpBase": 294.624,
   "hpAdd": 8.184,
   "defenseBase": 118.8,
   "defenseAdd": 3.3,
   "crate": 0.05,
   "cdmg": 0.5,
   "aggro": 100,
   "speedBase": 102,
   "speedAdd": 0,
   "promotion": 2,
   "maxLevel": 40,
   "cost": [
    {
     "id": 29328,
     "count": 16000
    },
    {
     "id": 20170864,
     "count": 6
    },
    {
     "id": 29937571,
     "count": 3
    }
   ]
  },
  {
   "attackBase": 180.048,
   "attackAdd": 4.092,
   "hpBase": 360.096,
   "hpAdd": 8.184,
   "defenseBase": 145.2,
   "defenseAdd": 3.3,
   "crate": 0.05,
   "cdmg": 0.5,
   "aggro": 100,
   "speedBase": 102,
   "speedAdd": 0,
   "promotion": 3,
   "maxLevel": 50,
   "cost": [
    {
     "id": 29328,
     "count": 40000
    },
    {
     "id": 20170864,
     "count": 9
    },
    {
     "id": 29937571,
     "count": 7
    }
   ]
  },
  {
   "attackBase": 212.784,
   "attackAdd": 4.092,
   "hpBase": 425.568,
   "hpAdd": 8.184,
   "defenseBase": 171.6,
   "defenseAdd": 3.3,
   "crate": 0.05,
   "cdmg": 0.5,
   "aggro": 100,
   "speedBase": 102,
   "speedAdd": 0,
   "promotion": 4,
   "maxLevel": 60,
   "cost": [
    {
     "id": 29328,
     "count": 80000
    },
    {
     "id": 20389475,
     "count": 6
    },
    {
     "id": 29937571,
     "count": 20
    }
   ]
  },
  {
   "attackBase": 245.52,
   "attackAdd": 4.092,
   "hpBase": 491.04,
   "hpAdd": 8.184,
   "defenseBase": 198,
   "defenseAdd": 3.3,
   "crate": 0.05,
   "cdmg": 0.5,
   "aggro": 100,
   "speedBase": 102,
   "speedAdd": 0,
   "promotion": 5,
   "maxLevel": 70,
   "cost": [
    {
     "id": 29328,
     "count": 160000
    },
    {
     "id": 20389475,
     "count": 9
    },
    {
     "id": 29937571,
     "count": 35
    }
   ]
  },
  {
   "attackBase": 278.256,
   "attackAdd": 4.092,
   "hpBase": 556.512,
   "hpAdd": 8.184,
   "defenseBase": 224.4,
   "defenseAdd": 3.3,
   "crate": 0.05,
   "cdmg": 0.5,
   "aggro": 100,
   "speedBase": 102,
   "speedAdd": 0,
   "promotion": 6,
   "maxLevel": 80,
   "cost": []
  }
 ],
 "ranks": [
  {
   "id": 1,
   "iconPath": "60bafad8c7ebf27fbc6eb8c9df1ab7c3248e5c56ee3b236b06180525b32e344a",
   "artPath": "e9a3a2913619b077eda8f6a1c644d8d58423dc824dae9d0e7ba18925800cd393",
   "name": "Vous demandez pourquoi mon cœur souffre",
   "descHash": "Lorsque Hysilens est sur le champ de bataille, les dégâts sur la durée infligés par les cibles alliées passent à <nobr>#1[i]%</nobr> de la valeur initiale. Lorsque Hysilens applique Faille du vent, Saignement, Brûlure ou Stupéfaction à un ennemi via son talent, il y a <nobr>#2[i]%</nobr> de <u>chances de base</u> de lui appliquer un état supplémentaire parmi Faille du vent, Saignement, Brûlure et Stupéfaction dont l'effet est équivalent, et coexistant avec l'état d'origine du talent.",
   "params": [
    1.16,
    1
   ]
  },
  {
   "id": 2,
   "iconPath": "3789d0c5d7b41abf945ad1a581ab43f3d59a282af7bf6cad9ddf4b44686b555a",
   "artPath": "8968deb3b4c05dcdf0c46c0e1c71d41dcbe38b24041f02c7b72c69fe4bdbb96a",
   "name": "Dites-moi pourquoi les vagues grondent",
   "descHash": "Lorsque la zone est active, applique le bonus de DGT de la Trace Violon des perles à tous les alliés.",
   "params": []
  },
  {
   "id": 3,
   "iconPath": "37963709deea8752858fa827434088e59477852cb6baaec39b5251e6ec2bd185",
   "artPath": "51aa4a4ed4cf1a5a4c369b6131af464556564cfb6e1ddd1b974cb492883a5a24",
   "name": "Pourquoi les lumières disparaissent",
   "descHash": "Niv. de l'ultime +2, jusqu'au Niv. <nobr>15</nobr> maximum.<br />Niv. de l'ATQ normale +1, jusqu'au Niv. <nobr>10</nobr> maximum.",
   "params": []
  },
  {
   "id": 4,
   "iconPath": "d0c64b48285bd0006489bc005ea7736f239d0625fb799ff86005ed49341ae0bc",
   "artPath": "f6157a60f3b31f1535348f05cec45ea625bb7e1f0d539b4b4bb884791e3a4179",
   "name": "Observez pourquoi le temps s'écoule",
   "descHash": "Lorsque la zone est active, réduit toutes les RÉS de type de tous les ennemis de <nobr>#1[i]%</nobr>.",
   "params": [
    0.2
   ]
  },
  {
   "id": 5,
   "iconPath": "8d64d4e4f55b1d065dc79b114681260e1c723b2e20de14a901577d9550918435",
   "artPath": "670b5f30772b3d43ad267e2ae6fccde88b9b2138fc3749466e92d6db16ad184f",
   "name": "Je murmure pendant les ablutions",
   "descHash": "Niv. de la compétence +2, jusqu'au Niv. <nobr>15</nobr> maximum.<br />Niv. du talent +2, jusqu'au Niv. <nobr>15</nobr> maximum.",
   "params": []
  },
  {
   "id": 6,
   "iconPath": "64bbf71bf839ad49c600f998e67be5b042d271c3c8fa14be61a5781f899398ac",
   "artPath": "573d14f9d4a20d30030302e9a26fe3afca2507b415c674209b913f83302d295a",
   "name": "Quand reviendras-tu de ton lit abyssal",
   "descHash": "Lorsque la zone est active, le nombre maximum de déclenchements de l'effet de dégâts physiques sur la durée de Hysilens augmente et passe à <nobr>#1[i]</nobr> au début de chaque tour ou après une attaque d'une cible alliée, et le multiplicateur de DGT infligés augmente de <nobr>#2[i]%</nobr>.",
   "params": [
    12,
    0.2
   ]
  }
 ],
 "skillGrouping": [
  [
   22370072
  ],
  [
   22086958
  ],
  [
   22475581
  ],
  [
   22192469
  ],
  [
   22427790
  ]
 ],
 "skills": [
  {
   "tagHash": "Cible unique",
   "descHash": "Inflige des DGT physiques équivalents à <span style=\"display: inline-block; color: #f29e38ff; font-weight:bold;\"><nobr>#1[i]%</nobr></span> de l'ATQ de Hysilens à un ennemi désigné.",
   "ultimateCost": 0,
   "break": "30",
   "energy": "20",
   "id": 22370072,
   "name": "Écho des eaux calmes",
   "iconPath": "1ba60e292e65a7134e7b3861e20e8ca1c833df31f7e85531a4b97cf86a914c3e",
   "typeDescHash": "ATQ normale",
   "levelReq": 0,
   "promotionReq": 0,
   "levelData": [
    {
     "params": [
      0.5,
      1,
      3
     ],
     "level": 1,
     "levelReq": 0,
     "promotionReq": 0,
     "cost": []
    },
    {
     "params": [
      0.6,
      1,
      3
     ],
     "level": 2,
     "levelReq": 0,
     "promotionReq": 2,
     "cost": [
      {
       "id": 29328,
       "count": 5000
      },
      {
       "id": 874345,
       "count": 3
      },
      {
       "id": 20445700,
       "count": 6
      }
     ]
    },
    {
     "params": [
      0.7,
      1,
      3
     ],
     "level": 3,
     "levelReq": 0,
     "promotionReq": 3,
     "cost": [
      {
       "id": 29328,
       "count": 10000
      },
      {
       "id": 589818,
       "count": 3
      },
      {
       "id": 20170864,
       "count": 3
      }
     ]
    },
    {
     "params": [
      0.8,
      1,
      3
     ],
     "level": 4,
     "levelReq": 0,
     "promotionReq": 4,
     "cost": [
      {
       "id": 29328,
       "count": 20000
      },
      {
       "id": 589818,
       "count": 5
      },
      {
       "id": 20170864,
       "count": 4
      }
     ]
    },
    {
     "params": [
      0.9,
      1,
      3
     ],
     "level": 5,
     "levelReq": 0,
     "promotionReq": 5,
     "cost": [
      {
       "id": 29328,
       "count": 45000
      },
      {
       "id": 673759,
       "count": 3
      },
      {
       "id": 20389475,
       "count": 3
      }
     ]
    },
    {
     "params": [
      1,
      1,
      3
     ],
     "level": 6,
     "levelReq": 0,
     "promotionReq": 6,
     "cost": [
      {
       "id": 29328,
       "count": 160000
      },
      {
       "id": 673759,
       "count": 8
      },
      {
       "id": 20389475,
       "count": 4
      }
     ]
    },
    {
     "params": [
      1.1,
      1,
      3
     ],
     "level": 7,
     "levelReq": 0,
     "promotionReq": 0,
     "cost": []
    },
    {
     "params": [
      1.2,
      1,
      3
     ],
     "level": 8,
     "levelReq": 0,
     "promotionReq": 0,
     "cost": []
    },
    {
     "params": [
      1.3,
      1,
      3
     ],
     "level": 9,
     "levelReq": 0,
     "promotionReq": 0,
     "cost": []
    },
    {
     "params": [
      1.4,
      1,
      3
     ],
     "level": 10,
     "levelReq": 0,
     "promotionReq": 0,
     "cost": []
    }
   ]
  },
  {
   "tagHash": "ZdE",
   "descHash": "A <nobr>#2[i]%</nobr> de <u>chances de base</u> d'augmenter les DGT subis par tous les ennemis de <span style=\"display: inline-block; color: #f29e38ff; font-weight:bold;\"><nobr>#3[i]%</nobr></span>, pendant <nobr>#4[i]</nobr> tours. D'autre part, inflige des DGT physiques équivalents à <span style=\"display: inline-block; color: #f29e38ff; font-weight:bold;\"><nobr>#1[i]%</nobr></span> de l'ATQ de Hysilens à tous les ennemis.",
   "ultimateCost": 0,
   "break": "30/hit",
   "energy": "30",
   "id": 22086958,
   "name": "Aria par-delà les courants",
   "iconPath": "8d64d4e4f55b1d065dc79b114681260e1c723b2e20de14a901577d9550918435",
   "typeDescHash": "Compétence",
   "levelReq": 0,
   "promotionReq": 0,
   "levelData": [
    {
     "params": [
      0.7,
      1,
      0.1,
      3
     ],
     "level": 1,
     "levelReq": 0,
     "promotionReq": 0,
     "cost": []
    },
    {
     "params": [
      0.77,
      1,
      0.11,
      3
     ],
     "level": 2,
     "levelReq": 0,
     "promotionReq": 1,
     "cost": [
      {
       "id": 29328,
       "count": 2500
      },
      {
       "id": 20445700,
       "count": 3
      }
     ]
    },
    {
     "params": [
      0.84,
      1,
      0.12,
      3
     ],
     "level": 3,
     "levelReq": 0,
     "promotionReq": 2,
     "cost": [
      {
       "id": 29328,
       "count": 5000
      },
      {
       "id": 874345,
       "count": 3
      },
      {
       "id": 20445700,
       "count": 6
      }
     ]
    },
    {
     "params": [
      0.91,
      1,
      0.13,
      3
     ],
     "level": 4,
     "levelReq": 0,
     "promotionReq": 3,
     "cost": [
      {
       "id": 29328,
       "count": 10000
      },
      {
       "id": 589818,
       "count": 3
      },
      {
       "id": 20170864,
       "count": 3
      }
     ]
    },
    {
     "params": [
      0.98,
      1,
      0.14,
      3
     ],
     "level": 5,
     "levelReq": 0,
     "promotionReq": 4,
     "cost": [
      {
       "id": 29328,
       "count": 20000
      },
      {
       "id": 589818,
       "count": 5
      },
      {
       "id": 20170864,
       "count": 4
      }
     ]
    },
    {
     "params": [
      1.05,
      1,
      0.15,
      3
     ],
     "level": 6,
     "levelReq": 0,
     "promotionReq": 4,
     "cost": [
      {
       "id": 29328,
       "count": 30000
      },
      {
       "id": 589818,
       "count": 7
      },
      {
       "id": 20170864,
       "count": 6
      }
     ]
    },
    {
     "params": [
      1.1375,
      1,
      0.1625,
      3
     ],
     "level": 7,
     "levelReq": 0,
     "promotionReq": 5,
     "cost": [
      {
       "id": 29328,
       "count": 45000
      },
      {
       "id": 673759,
       "count": 3
      },
      {
       "id": 20389475,
       "count": 3
      }
     ]
    },
    {
     "params": [
      1.225,
      1,
      0.175,
      3
     ],
     "level": 8,
     "levelReq": 0,
     "promotionReq": 5,
     "cost": [
      {
       "id": 29328,
       "count": 80000
      },
      {
       "id": 673759,
       "count": 5
      },
      {
       "id": 554722,
       "count": 1
      },
      {
       "id": 20389475,
       "count": 4
      }
     ]
    },
    {
     "params": [
      1.3125,
      1,
      0.1875,
      3
     ],
     "level": 9,
     "levelReq": 0,
     "promotionReq": 6,
     "cost": [
      {
       "id": 29328,
       "count": 160000
      },
      {
       "id": 673759,
       "count": 8
      },
      {
       "id": 125435,
       "count": 1
      },
      {
       "id": 554722,
       "count": 1
      }
     ]
    },
    {
     "params": [
      1.4,
      1,
      0.2,
      3
     ],
     "level": 10,
     "levelReq": 0,
     "promotionReq": 6,
     "cost": [
      {
       "id": 29328,
       "count": 300000
      },
      {
       "id": 673759,
       "count": 14
      },
      {
       "id": 125435,
       "count": 1
      },
      {
       "id": 554722,
       "count": 1
      }
     ]
    },
    {
     "params": [
      1.47,
      1,
      0.21,
      3
     ],
     "level": 11,
     "levelReq": 0,
     "promotionReq": 0,
     "cost": []
    },
    {
     "params": [
      1.54,
      1,
      0.22,
      3
     ],
     "level": 12,
     "levelReq": 0,
     "promotionReq": 0,
     "cost": []
    },
    {
     "params": [
      1.61,
      1,
      0.23,
      3
     ],
     "level": 13,
     "levelReq": 0,
     "promotionReq": 0,
     "cost": []
    },
    {
     "params": [
      1.68,
      1,
      0.24,
      3
     ],
     "level": 14,
     "levelReq": 0,
     "promotionReq": 0,
     "cost": []
    },
    {
     "params": [
      1.75,
      1,
      0.25,
      3
     ],
     "level": 15,
     "levelReq": 0,
     "promotionReq": 0,
     "cost": []
    }
   ]
  },
  {
   "tagHash": "ZdE",
   "descHash": "Hysilens déploie une zone qui réduit l'ATQ des cibles ennemies de <nobr>#6[f1]%</nobr> et leur DÉF de <span style=\"display: inline-block; color: #f29e38ff; font-weight:bold;\"><nobr>#3[f1]%</nobr></span>, et inflige des DGT physiques équivalents à <span style=\"display: inline-block; color: #f29e38ff; font-weight:bold;\"><nobr>#1[i]%</nobr></span> de l'ATQ de Hysilens à tous les ennemis.<br />Lorsqu'une cible ennemie située dans la zone subit des dégâts sur la durée, Hysilens lui inflige des dégâts physiques sur la durée équivalents à <span style=\"display: inline-block; color: #f29e38ff; font-weight:bold;\"><nobr>#4[f1]%</nobr></span> de son ATQ. Ces dégâts se déclenchent au début de chaque tour ou après une attaque d'une cible alliée jusqu'à <nobr>#5[i]</nobr> fois, et ne peuvent pas déclencher cet effet de manière répétée.<br />La zone dure <nobr>#2[i]</nobr> tours et sa durée diminue de 1 au début du tour de Hysilens. Si Hysilens tombe <u>à terre</u>, la zone se dissipe.",
   "ultimateCost": 110,
   "break": "60/hit",
   "energy": "5",
   "id": 22475581,
   "name": "Rhapsodie du maelström",
   "iconPath": "2fe3d01998331b2ff0ce6646fd1e235b143ae03200c829895f5ef65d2d4341c9",
   "typeDescHash": "Ultime",
   "levelReq": 0,
   "promotionReq": 0,
   "levelData": [
    {
     "params": [
      1.2,
      3,
      0.15,
      0.32,
      8,
      0.15
     ],
     "level": 1,
     "levelReq": 0,
     "promotionReq": 0,
     "cost": []
    },
    {
     "params": [
      1.28,
      3,
      0.16,
      0.3728,
      8,
      0.15
     ],
     "level": 2,
     "levelReq": 0,
     "promotionReq": 1,
     "cost": [
      {
       "id": 29328,
       "count": 2500
      },
      {
       "id": 20445700,
       "count": 3
      }
     ]
    },
    {
     "params": [
      1.36,
      3,
      0.17,
      0.4256,
      8,
      0.15
     ],
     "level": 3,
     "levelReq": 0,
     "promotionReq": 2,
     "cost": [
      {
       "id": 29328,
       "count": 5000
      },
      {
       "id": 874345,
       "count": 3
      },
      {
       "id": 20445700,
       "count": 6
      }
     ]
    },
    {
     "params": [
      1.44,
      3,
      0.18,
      0.4784,
      8,
      0.15
     ],
     "level": 4,
     "levelReq": 0,
     "promotionReq": 3,
     "cost": [
      {
       "id": 29328,
       "count": 10000
      },
      {
       "id": 589818,
       "count": 3
      },
      {
       "id": 20170864,
       "count": 3
      }
     ]
    },
    {
     "params": [
      1.52,
      3,
      0.19,
      0.5312,
      8,
      0.15
     ],
     "level": 5,
     "levelReq": 0,
     "promotionReq": 4,
     "cost": [
      {
       "id": 29328,
       "count": 20000
      },
      {
       "id": 589818,
       "count": 5
      },
      {
       "id": 20170864,
       "count": 4
      }
     ]
    },
    {
     "params": [
      1.6,
      3,
      0.2,
      0.584,
      8,
      0.15
     ],
     "level": 6,
     "levelReq": 0,
     "promotionReq": 4,
     "cost": [
      {
       "id": 29328,
       "count": 30000
      },
      {
       "id": 589818,
       "count": 7
      },
      {
       "id": 20170864,
       "count": 6
      }
     ]
    },
    {
     "params": [
      1.7,
      3,
      0.2125,
      0.632,
      8,
      0.15
     ],
     "level": 7,
     "levelReq": 0,
     "promotionReq": 5,
     "cost": [
      {
       "id": 29328,
       "count": 45000
      },
      {
       "id": 673759,
       "count": 3
      },
      {
       "id": 20389475,
       "count": 3
      }
     ]
    },
    {
     "params": [
      1.8,
      3,
      0.225,
      0.68,
      8,
      0.15
     ],
     "level": 8,
     "levelReq": 0,
     "promotionReq": 5,
     "cost": [
      {
       "id": 29328,
       "count": 80000
      },
      {
       "id": 673759,
       "count": 5
      },
      {
       "id": 554722,
       "count": 1
      },
      {
       "id": 20389475,
       "count": 4
      }
     ]
    },
    {
     "params": [
      1.9,
      3,
      0.2375,
      0.74,
      8,
      0.15
     ],
     "level": 9,
     "levelReq": 0,
     "promotionReq": 6,
     "cost": [
      {
       "id": 29328,
       "count": 160000
      },
      {
       "id": 673759,
       "count": 8
      },
      {
       "id": 125435,
       "count": 1
      },
      {
       "id": 554722,
       "count": 1
      }
     ]
    },
    {
     "params": [
      2,
      3,
      0.25,
      0.8,
      8,
      0.15
     ],
     "level": 10,
     "levelReq": 0,
     "promotionReq": 6,
     "cost": [
      {
       "id": 29328,
       "count": 300000
      },
      {
       "id": 673759,
       "count": 14
      },
      {
       "id": 125435,
       "count": 1
      },
      {
       "id": 554722,
       "count": 1
      }
     ]
    },
    {
     "params": [
      2.08,
      3,
      0.26,
      0.84,
      8,
      0.15
     ],
     "level": 11,
     "levelReq": 0,
     "promotionReq": 0,
     "cost": []
    },
    {
     "params": [
      2.16,
      3,
      0.27,
      0.88,
      8,
      0.15
     ],
     "level": 12,
     "levelReq": 0,
     "promotionReq": 0,
     "cost": []
    },
    {
     "params": [
      2.24,
      3,
      0.28,
      0.92,
      8,
      0.15
     ],
     "level": 13,
     "levelReq": 0,
     "promotionReq": 0,
     "cost": []
    },
    {
     "params": [
      2.32,
      3,
      0.29,
      0.96,
      8,
      0.15
     ],
     "level": 14,
     "levelReq": 0,
     "promotionReq": 0,
     "cost": []
    },
    {
     "params": [
      2.4,
      3,
      0.3,
      1,
      8,
      0.15
     ],
     "level": 15,
     "levelReq": 0,
     "promotionReq": 0,
     "cost": []
    }
   ]
  },
  {
   "tagHash": "Incapacitation",
   "descHash": "Lorsqu'une cible alliée attaque, Hysilens a <nobr>#1[i]%</nobr> de <u>chances de base</u> d'appliquer Faille du vent, Saignement, Brûlure ou Stupéfaction aux cibles ennemies touchées, en donnant la priorité à l'application d'états différents.<br />Dans l'état Faille du vent/Brûlure/Stupéfaction, la cible ennemie subit au début de chaque tour des dégâts de vent/feu/foudre sur la durée équivalents à <span style=\"display: inline-block; color: #f29e38ff; font-weight:bold;\"><nobr>#2[f1]%</nobr></span> de l'ATQ de Hysilens pendant <nobr>#5[i]</nobr> tours.<br />Dans l'état Saignement, la cible ennemie subit au début de chaque tour des dégâts physiques sur la durée équivalents à <nobr>#3[f1]%</nobr> de ses PV max, sans dépasser <span style=\"display: inline-block; color: #f29e38ff; font-weight:bold;\"><nobr>#4[f1]%</nobr></span> de l'ATQ de Hysilens, pendant <nobr>#5[i]</nobr> tours.",
   "ultimateCost": 0,
   "break": "0",
   "energy": "0",
   "id": 22192469,
   "name": "Sérénade des sirènes",
   "iconPath": "91baff35b27a9b0413693eee3fb3c07e9c85b90e50c1e10aa035ce4e0fb414d4",
   "typeDescHash": "Talent",
   "levelReq": 0,
   "promotionReq": 0,
   "levelData": [
    {
     "params": [
      1,
      0.1,
      0.2,
      0.1,
      2
     ],
     "level": 1,
     "levelReq": 0,
     "promotionReq": 0,
     "cost": []
    },
    {
     "params": [
      1,
      0.1165,
      0.2,
      0.1165,
      2
     ],
     "level": 2,
     "levelReq": 0,
     "promotionReq": 1,
     "cost": [
      {
       "id": 29328,
       "count": 2500
      },
      {
       "id": 20445700,
       "count": 3
      }
     ]
    },
    {
     "params": [
      1,
      0.133,
      0.2,
      0.133,
      2
     ],
     "level": 3,
     "levelReq": 0,
     "promotionReq": 2,
     "cost": [
      {
       "id": 29328,
       "count": 5000
      },
      {
       "id": 874345,
       "count": 3
      },
      {
       "id": 20445700,
       "count": 6
      }
     ]
    },
    {
     "params": [
      1,
      0.1495,
      0.2,
      0.1495,
      2
     ],
     "level": 4,
     "levelReq": 0,
     "promotionReq": 3,
     "cost": [
      {
       "id": 29328,
       "count": 10000
      },
      {
       "id": 589818,
       "count": 3
      },
      {
       "id": 20170864,
       "count": 3
      }
     ]
    },
    {
     "params": [
      1,
      0.166,
      0.2,
      0.166,
      2
     ],
     "level": 5,
     "levelReq": 0,
     "promotionReq": 4,
     "cost": [
      {
       "id": 29328,
       "count": 20000
      },
      {
       "id": 589818,
       "count": 5
      },
      {
       "id": 20170864,
       "count": 4
      }
     ]
    },
    {
     "params": [
      1,
      0.1825,
      0.2,
      0.1825,
      2
     ],
     "level": 6,
     "levelReq": 0,
     "promotionReq": 4,
     "cost": [
      {
       "id": 29328,
       "count": 30000
      },
      {
       "id": 589818,
       "count": 7
      },
      {
       "id": 20170864,
       "count": 6
      }
     ]
    },
    {
     "params": [
      1,
      0.1975,
      0.2,
      0.1975,
      2
     ],
     "level": 7,
     "levelReq": 0,
     "promotionReq": 5,
     "cost": [
      {
       "id": 29328,
       "count": 45000
      },
      {
       "id": 673759,
       "count": 3
      },
      {
       "id": 20389475,
       "count": 3
      }
     ]
    },
    {
     "params": [
      1,
      0.2125,
      0.2,
      0.2125,
      2
     ],
     "level": 8,
     "levelReq": 0,
     "promotionReq": 5,
     "cost": [
      {
       "id": 29328,
       "count": 80000
      },
      {
       "id": 673759,
       "count": 5
      },
      {
       "id": 554722,
       "count": 1
      },
      {
       "id": 20389475,
       "count": 4
      }
     ]
    },
    {
     "params": [
      1,
      0.23125,
      0.2,
      0.23125,
      2
     ],
     "level": 9,
     "levelReq": 0,
     "promotionReq": 6,
     "cost": [
      {
       "id": 29328,
       "count": 160000
      },
      {
       "id": 673759,
       "count": 8
      },
      {
       "id": 125435,
       "count": 1
      },
      {
       "id": 554722,
       "count": 1
      }
     ]
    },
    {
     "params": [
      1,
      0.25,
      0.2,
      0.25,
      2
     ],
     "level": 10,
     "levelReq": 0,
     "promotionReq": 6,
     "cost": [
      {
       "id": 29328,
       "count": 300000
      },
      {
       "id": 673759,
       "count": 14
      },
      {
       "id": 125435,
       "count": 1
      },
      {
       "id": 554722,
       "count": 1
      }
     ]
    },
    {
     "params": [
      1,
      0.2625,
      0.2,
      0.2625,
      2
     ],
     "level": 11,
     "levelReq": 0,
     "promotionReq": 0,
     "cost": []
    },
    {
     "params": [
      1,
      0.275,
      0.2,
      0.275,
      2
     ],
     "level": 12,
     "levelReq": 0,
     "promotionReq": 0,
     "cost": []
    },
    {
     "params": [
      1,
      0.2875,
      0.2,
      0.2875,
      2
     ],
     "level": 13,
     "levelReq": 0,
     "promotionReq": 0,
     "cost": []
    },
    {
     "params": [
      1,
      0.3,
      0.2,
      0.3,
      2
     ],
     "level": 14,
     "levelReq": 0,
     "promotionReq": 0,
     "cost": []
    },
    {
     "params": [
      1,
      0.3125,
      0.2,
      0.3125,
      2
     ],
     "level": 15,
     "levelReq": 0,
     "promotionReq": 0,
     "cost": []
    }
   ]
  },
  {
   "tagHash": "",
   "descHash": "Attaque un ennemi et réduit sa robustesse au type correspondant en entrant en combat.",
   "ultimateCost": 0,
   "break": "30",
   "energy": "0",
   "id": 22170992,
   "name": "Attaque",
   "iconPath": "1ba60e292e65a7134e7b3861e20e8ca1c833df31f7e85531a4b97cf86a914c3e",
   "typeDescHash": "",
   "levelReq": 0,
   "promotionReq": 0,
   "levelData": [
    {
     "params": [],
     "level": 1,
     "levelReq": 0,
     "promotionReq": 0,
     "cost": []
    }
   ]
  },
  {
   "tagHash": "Incapacitation",
   "descHash": "Crée une dimension spéciale qui avance automatiquement et dure <nobr>#1[i]</nobr> secondes après avoir utilisé la technique. Les ennemis situés dans la dimension spéciale entrent dans l'état Fascination. Les ennemis affectés par Fascination n'attaquent pas les cibles alliées et suivent la dimension tant qu'elle est active.<br />Lorsque le combat est engagé contre des ennemis dans l'état Fascination, chaque cible ennemie a <nobr>#2[i]%</nobr> de <u>chances de base</u> de se voir appliquer <nobr>#3[i]</nobr> des états suivants (qui sont identiques aux effets du talent de Hysilens) : Faille du vent, Saignement, Brûlure et Stupéfaction. Il ne peut exister qu'1 effet de dimension créé par les alliés à la fois.",
   "ultimateCost": 0,
   "break": "0",
   "energy": "0",
   "id": 22427790,
   "name": "Foyer océanique",
   "iconPath": "766ba9864e9845f142e534e4e3c0b0e3bb9ae8e961f021cd5ca1c90839df822d",
   "typeDescHash": "Technique",
   "levelReq": 0,
   "promotionReq": 0,
   "levelData": [
    {
     "params": [
      20,
      1,
      2
     ],
     "level": 1,
     "levelReq": 0,
     "promotionReq": 0,
     "cost": []
    }
   ]
  }
 ],
 "skillTreePoints": [
  {
   "id": 1410101,
   "anchor": 6,
   "type": 1,
   "children": [
    {
     "id": 1410202,
     "anchor": 10,
     "type": 2,
     "children": [
      {
       "id": 1410203,
       "anchor": 11,
       "type": 2,
       "children": [
        {
         "id": 1410204,
         "anchor": 12,
         "type": 2,
         "children": [],
         "enhanceId": 0,
         "embedBuff": {
          "id": 27788054,
          "name": "Augmentation des chances d'appliquer des effets",
          "levelReq": 0,
          "promotionReq": 3,
          "iconPath": "16e46edec660d897581a1ee77b95e61bafbc7a669f7e88ab6d27b9f23fa4bd49",
          "statusList": [
           {
            "key": "Chances d'app. des effets",
            "value": 0.04
           }
          ],
          "cost": [
           {
            "id": 29328,
            "count": 10000
           },
           {
            "id": 589818,
            "count": 3
           },
           {
            "id": 20170864,
            "count": 3
           }
          ]
         }
        }
       ],
       "enhanceId": 0,
       "embedBuff": {
        "id": 28063100,
        "name": "VIT ↑",
        "levelReq": 0,
        "promotionReq": 3,
        "iconPath": "959ebc55a284ac83b29de4d97b3422772e372e53ff820bc9af972e0201aabe98",
        "statusList": [
         {
          "key": "VIT",
          "value": 2,
          "int": true
         }
        ],
        "cost": [
         {
          "id": 29328,
          "count": 10000
         },
         {
          "id": 589818,
          "count": 3
         },
         {
          "id": 20170864,
          "count": 3
         }
        ]
       }
      }
     ],
     "enhanceId": 0,
     "embedBuff": {
      "id": 27813711,
      "name": "ATQ ↑",
      "levelReq": 0,
      "promotionReq": 2,
      "iconPath": "2d1ce81848ae3af0e819f7f98badde6930dd127f20a6d2686eb806bc963989d5",
      "statusList": [
       {
        "key": "ATQ",
        "value": 0.04
       }
      ],
      "cost": [
       {
        "id": 29328,
        "count": 5000
       },
       {
        "id": 874345,
        "count": 3
       },
       {
        "id": 20445700,
        "count": 6
       }
      ]
     }
    }
   ],
   "enhanceId": 0,
   "embedBonusSkill": {
    "descHash": "Au début du combat, Hysilens déploie une zone du même effet que son ultime pendant <nobr>#1[i]</nobr> tours. Lorsque Hysilens déploie une zone, elle récupère <nobr>#2[i]</nobr> point de compétence.",
    "ultimateCost": 0,
    "id": 27916308,
    "name": "Gladiorum de la conquête",
    "iconPath": "0f46c1bec6964945ae5c210d6b91b6bb4cd1917bc4ee3f7a9bb0c20b0cfe08f1",
    "levelReq": 0,
    "promotionReq": 2,
    "levelData": [
     {
      "params": [
       3,
       1
      ],
      "level": 1,
      "levelReq": 0,
      "promotionReq": 2,
      "cost": [
       {
        "id": 29328,
        "count": 5000
       },
       {
        "id": 874345,
        "count": 3
       },
       {
        "id": 554722,
        "count": 1
       }
      ]
     }
    ]
   }
  },
  {
   "id": 1410102,
   "anchor": 7,
   "type": 1,
   "children": [
    {
     "id": 1410205,
     "anchor": 13,
     "type": 2,
     "children": [
      {
       "id": 1410206,
       "anchor": 14,
       "type": 2,
       "children": [
        {
         "id": 1410207,
         "anchor": 15,
         "type": 2,
         "children": [],
         "enhanceId": 0,
         "embedBuff": {
          "id": 28020013,
          "name": "VIT ↑",
          "levelReq": 0,
          "promotionReq": 5,
          "iconPath": "959ebc55a284ac83b29de4d97b3422772e372e53ff820bc9af972e0201aabe98",
          "statusList": [
           {
            "key": "VIT",
            "value": 3,
            "int": true
           }
          ],
          "cost": [
           {
            "id": 29328,
            "count": 45000
           },
           {
            "id": 673759,
            "count": 3
           },
           {
            "id": 20389475,
            "count": 3
           }
          ]
         }
        }
       ],
       "enhanceId": 0,
       "embedBuff": {
        "id": 28294961,
        "name": "ATQ ↑",
        "levelReq": 0,
        "promotionReq": 5,
        "iconPath": "2d1ce81848ae3af0e819f7f98badde6930dd127f20a6d2686eb806bc963989d5",
        "statusList": [
         {
          "key": "ATQ",
          "value": 0.06
         }
        ],
        "cost": [
         {
          "id": 29328,
          "count": 45000
         },
         {
          "id": 673759,
          "count": 3
         },
         {
          "id": 20389475,
          "count": 3
         }
        ]
       }
      }
     ],
     "enhanceId": 0,
     "embedBuff": {
      "id": 28037376,
      "name": "VIT ↑",
      "levelReq": 0,
      "promotionReq": 4,
      "iconPath": "959ebc55a284ac83b29de4d97b3422772e372e53ff820bc9af972e0201aabe98",
      "statusList": [
       {
        "key": "VIT",
        "value": 3,
        "int": true
       }
      ],
      "cost": [
       {
        "id": 29328,
        "count": 20000
       },
       {
        "id": 589818,
        "count": 5
       },
       {
        "id": 20170864,
        "count": 4
       }
      ]
     }
    }
   ],
   "enhanceId": 0,
   "embedBonusSkill": {
    "descHash": "Lorsque Hysilens utilise son ultime, si la cible ennemie est affectée par des dégâts sur la durée, tous les dégâts sur la durée actuellement appliqués sur la cible infligent immédiatement des DGT équivalents à <nobr>#1[i]%</nobr> de leurs DGT initiaux.",
    "ultimateCost": 0,
    "id": 28124792,
    "name": "Bulles des banquets",
    "iconPath": "887d483764152340ba266e155f5a630d0b1de10e808a55db878fafd98e35fbe3",
    "levelReq": 0,
    "promotionReq": 4,
    "levelData": [
     {
      "params": [
       1.5
      ],
      "level": 1,
      "levelReq": 0,
      "promotionReq": 4,
      "cost": [
       {
        "id": 29328,
        "count": 20000
       },
       {
        "id": 589818,
        "count": 5
       },
       {
        "id": 125435,
        "count": 1
       },
       {
        "id": 554722,
        "count": 1
       }
      ]
     }
    ]
   }
  },
  {
   "id": 1410103,
   "anchor": 8,
   "type": 1,
   "children": [
    {
     "id": 1410208,
     "anchor": 16,
     "type": 2,
     "children": [],
     "enhanceId": 0,
     "embedBuff": {
      "id": 28269525,
      "name": "Augmentation des chances d'appliquer des effets",
      "levelReq": 0,
      "promotionReq": 6,
      "iconPath": "16e46edec660d897581a1ee77b95e61bafbc7a669f7e88ab6d27b9f23fa4bd49",
      "statusList": [
       {
        "key": "Chances d'app. des effets",
        "value": 0.06
       }
      ],
      "cost": [
       {
        "id": 29328,
        "count": 160000
       },
       {
        "id": 673759,
        "count": 8
       },
       {
        "id": 20389475,
        "count": 8
       }
      ]
     }
    },
    {
     "id": 1410209,
     "anchor": 17,
     "type": 2,
     "children": [],
     "enhanceId": 0,
     "embedBuff": {
      "id": 27994566,
      "name": "ATQ ↑",
      "levelReq": 75,
      "promotionReq": 0,
      "iconPath": "2d1ce81848ae3af0e819f7f98badde6930dd127f20a6d2686eb806bc963989d5",
      "statusList": [
       {
        "key": "ATQ",
        "value": 0.08
       }
      ],
      "cost": [
       {
        "id": 29328,
        "count": 160000
       },
       {
        "id": 673759,
        "count": 8
       },
       {
        "id": 20389475,
        "count": 8
       }
      ]
     }
    }
   ],
   "enhanceId": 0,
   "embedBonusSkill": {
    "descHash": "Si les chances d'appliquer des effets de Hysilens sont supérieures à <nobr>#1[i]%</nobr>, pour chaque tranche de <nobr>#2[i]%</nobr> en excédent, augmente ses DGT infligés de <nobr>#3[i]%</nobr>, jusqu'à un maximum de <nobr>#4[i]%</nobr>.",
    "ultimateCost": 0,
    "id": 27874380,
    "name": "Violon des perles",
    "iconPath": "d82291ae06c5205757f1d0cfed3b4cd70fc10766a5bda8d9177898d2883ede4d",
    "levelReq": 0,
    "promotionReq": 6,
    "levelData": [
     {
      "params": [
       0.6,
       0.1,
       0.15,
       0.9
      ],
      "level": 1,
      "levelReq": 0,
      "promotionReq": 6,
      "cost": [
       {
        "id": 29328,
        "count": 160000
       },
       {
        "id": 673759,
        "count": 8
       },
       {
        "id": 125435,
        "count": 1
       },
       {
        "id": 554722,
        "count": 1
       }
      ]
     }
    ]
   }
  },
  {
   "id": 1410201,
   "anchor": 9,
   "type": 2,
   "children": [
    {
     "id": 1410210,
     "anchor": 18,
     "type": 2,
     "children": [],
     "enhanceId": 0,
     "embedBuff": {
      "id": 11462769,
      "name": "VIT ↑",
      "levelReq": 80,
      "promotionReq": 0,
      "iconPath": "959ebc55a284ac83b29de4d97b3422772e372e53ff820bc9af972e0201aabe98",
      "statusList": [
       {
        "key": "VIT",
        "value": 4,
        "int": true
       }
      ],
      "cost": [
       {
        "id": 29328,
        "count": 160000
       },
       {
        "id": 673759,
        "count": 8
       },
       {
        "id": 20389475,
        "count": 8
       }
      ]
     }
    }
   ],
   "enhanceId": 0,
   "embedBuff": {
    "id": 28088667,
    "name": "VIT ↑",
    "levelReq": 1,
    "promotionReq": 0,
    "iconPath": "959ebc55a284ac83b29de4d97b3422772e372e53ff820bc9af972e0201aabe98",
    "statusList": [
     {
      "key": "VIT",
      "value": 2,
      "int": true
     }
    ],
    "cost": [
     {
      "id": 29328,
      "count": 2500
     },
     {
      "id": 20445700,
      "count": 2
     }
    ]
   }
  }
 ],
 "relicRecommend": {
  "twoPcSets": [],
  "fourPcSets": [],
  "props": []
 },
 "voiceItems": [
  {
   "id": 1,
   "title": "Première rencontre",
   "text": "Électra ? Ce nom a sombré dans les profondeurs avec les jours d'antan... Ah, c'est donc toi, petit poisson gris... Appelle-moi plutôt Hysilens. En tant que commandante des chevaliers de la ville sainte, je monterai la garde ici, et ne laisserai jamais les remous du destin troubler ta vision.",
   "unlockRequirement": "",
   "cnUrl": "",
   "jpUrl": "",
   "enUrl": "",
   "krUrl": ""
  },
  {
   "id": 2,
   "title": "Salutation",
   "text": "Nous avons un banquet qui nous attend. Et si nous jouions un air ensemble ?",
   "unlockRequirement": "",
   "cnUrl": "",
   "jpUrl": "",
   "enUrl": "",
   "krUrl": ""
  },
  {
   "id": 3,
   "title": "Au revoir",
   "text": "La vie est un océan. Prends garde à ne pas te faire happer par la morsure des vagues, et ne perds jamais le cap.",
   "unlockRequirement": "",
   "cnUrl": "",
   "jpUrl": "",
   "enUrl": "",
   "krUrl": ""
  },
  {
   "id": 4,
   "title": "Anecdote personnelle : Passé",
   "text": "Dans un théâtre englouti par la Marée noire, un spectacle solitaire a perduré pendant des centaines d'années... mais lorsque le rideau est enfin tombé, il ne restait que des ossements jonchant le sol et des vagues qui pleuraient encore de chagrin.",
   "unlockRequirement": "",
   "cnUrl": "",
   "jpUrl": "",
   "enUrl": "",
   "krUrl": ""
  },
  {
   "id": 5,
   "title": "Anecdote personnelle : Présent",
   "text": "J'ai suivi une lumière, la flamme la plus brillante et la plus ardente qui soit, et j'ai nagé jusqu'à la ville sainte. La souveraine de la Chasse aux flammes m'a demandé de devenir Dux Gladiorum, et je cherchais vers où pointer ma lame... que ce soit vers les illusions d'écume ou vers le bruit qui ose interrompre notre banquet.",
   "unlockRequirement": "",
   "cnUrl": "",
   "jpUrl": "",
   "enUrl": "",
   "krUrl": ""
  },
  {
   "id": 6,
   "title": "Bavardage : Épée et violon",
   "text": "Il y a bien longtemps, j'ai méticuleusement façonné un violon à partir de coquillages et de perles. Après d'innombrables bains de sang, il a pris cette forme acérée, semblable à une lame. Désormais, même dépourvu de cordes, les lamentations du sang versé et le grondement des marées suffisent à composer une mélodie émouvante.",
   "unlockRequirement": "",
   "cnUrl": "",
   "jpUrl": "",
   "enUrl": "",
   "krUrl": ""
  },
  {
   "id": 7,
   "title": "Bavardage : Le chant des baleines",
   "text": "Le chant de certaines baleines ne peut jamais être entendu par leurs semblables... et pourtant leurs cœurs battent avec plus d'ardeur et de force que la plupart.",
   "unlockRequirement": "",
   "cnUrl": "",
   "jpUrl": "",
   "enUrl": "",
   "krUrl": ""
  },
  {
   "id": 8,
   "title": "Bavardage : Silence",
   "text": "Les crevettes et les crabes chahuteurs n'apprécient pas toujours mon silence. Mais j'ai toujours préféré m'exprimer à travers ma musique... N'aie pas peur. Au-delà des cris déchirants des mourants, je préfère de loin jouer des chants de triomphe.",
   "unlockRequirement": "",
   "cnUrl": "",
   "jpUrl": "",
   "enUrl": "",
   "krUrl": ""
  },
  {
   "id": 9,
   "title": "Passe-temps : Bulles",
   "text": "Quand les rayons du soleil perçaient la mer, nous pourchassions ces bulles scintillantes et colorées autour des faisceaux lumineux ; c'était notre jeu préféré quand la mer était encore immaculée.",
   "unlockRequirement": "",
   "cnUrl": "",
   "jpUrl": "",
   "enUrl": "",
   "krUrl": ""
  },
  {
   "id": 10,
   "title": "Passe-temps",
   "text": "L'hydromel de mille ans d'âge des fosses abyssales... une seule petite gorgée suffit pour nous emporter au loin, comme si on devenait une partie intégrante des courants... Les breuvages qu'on trouve sur la terre ferme sont en effet bien moins raffinés. Il te faudrait boire un millier de verres pour espérer saisir un semblant de cette merveille.",
   "unlockRequirement": "",
   "cnUrl": "",
   "jpUrl": "",
   "enUrl": "",
   "krUrl": ""
  },
  {
   "id": 11,
   "title": "Problèmes",
   "text": "La vie est aussi éphémère qu'une bulle. Raison de plus pour lever son verre et s'en délecter avant que le banquet ne s'achève.",
   "unlockRequirement": "",
   "cnUrl": "",
   "jpUrl": "",
   "enUrl": "",
   "krUrl": ""
  },
  {
   "id": 12,
   "title": "Fait notable",
   "text": "La seule chose que Phagousa craignait était l'immense vide creusé par la solitude. Alors elle est devenue la mère de toutes les rivières, la brasseuse de tous les hydromels et l'hôtesse éternelle de tous les grands banquets, comme une vague solitaire qui ne peut s'empêcher de chercher la compagnie de la mer... Les êtres humains sont comme ça aussi, n'est-ce pas ?",
   "unlockRequirement": "",
   "cnUrl": "",
   "jpUrl": "",
   "enUrl": "",
   "krUrl": ""
  },
  {
   "id": 13,
   "title": "Connaissances",
   "text": "Le royaume caché sous les vagues a jadis porté le fardeau de la première Marée noire pour le monde, mais les promesses faites aux sirènes se sont depuis longtemps évanouies avec les eaux. Même si demain n'est qu'illusion, elle n'en reste pas moins enivrante.",
   "unlockRequirement": "",
   "cnUrl": "",
   "jpUrl": "",
   "enUrl": "",
   "krUrl": ""
  },
  {
   "id": 14,
   "title": "À propos de Pionnier/Pionnière",
   "text": "Petit poisson gris... Je suppose que bon nombre de personnes souhaitent rester auprès de toi. Le courant qui suit ton sillage est unique en son genre : il évoque la chaleur d'un havre de paix, aussi réconfortant que lorsque l'on pose le pied sur une île.",
   "unlockRequirement": "",
   "cnUrl": "",
   "jpUrl": "",
   "enUrl": "",
   "krUrl": ""
  },
  {
   "id": 15,
   "title": "À propos de Cérydra",
   "text": "La plupart des souverains que j'ai connus avaient la fâcheuse manie de verser du poison dans les coupes, mais l'Imperator, quant à elle, a plutôt déversé de l'huile sur l'étendard du roi. Cette bannière enflammée... La chaleur et la lumière qui émanaient d'elle étaient palpables même depuis les abîmes de l'océan.",
   "unlockRequirement": "",
   "cnUrl": "",
   "jpUrl": "",
   "enUrl": "",
   "krUrl": ""
  },
  {
   "id": 16,
   "title": "À propos d'Aglaé",
   "text": "Depuis qu'elle a hérité de son autorité divine, voir son humanité lui échapper peu à peu la ronge jusqu'à l'agonie. Pourtant, elle choisit de supporter le tout avec lucidité, refusant de se noyer dans une indolence léthargique... Je ne pense pas que j'en serais capable.",
   "unlockRequirement": "",
   "cnUrl": "",
   "jpUrl": "",
   "enUrl": "",
   "krUrl": ""
  },
  {
   "id": 17,
   "title": "À propos de Tribbie, Trianne et Trinnon",
   "text": "Même lorsque je partageais des histoires sur les profondeurs marines à en glacer le sang, elles réagissaient de leur adorable voix, semblable à celle d'un dauphin. Peut-être que seuls des cœurs aussi purs que le leur peuvent véritablement laver la corruption de ce monde.",
   "unlockRequirement": "",
   "cnUrl": "",
   "jpUrl": "",
   "enUrl": "",
   "krUrl": ""
  },
  {
   "id": 18,
   "title": "À propos de Cipher",
   "text": "Un petit poisson-chat agile qui ne mord jamais à l'hameçon, même par l'appât le plus tentant qui soit... pour l'instant. Peut-être qu'un jour, elle deviendra un géant des mers.",
   "unlockRequirement": "",
   "cnUrl": "",
   "jpUrl": "",
   "enUrl": "",
   "krUrl": ""
  },
  {
   "id": 19,
   "title": "À propos de Cyrène",
   "text": "Elle est comme... un merveilleux concerto océanique, agréablement chaud qui allie glaciers et limon en parfaite harmonie. Avec cette petite lapine de mer à tes côtés, même les abysses n'oseraient devenir froides.",
   "unlockRequirement": "Débloqué après avoir terminé la mission pionnière « Captifs, contemplez l'immensité au-delà du soleil ».",
   "cnUrl": "",
   "jpUrl": "",
   "enUrl": "",
   "krUrl": ""
  },
  {
   "id": 20,
   "title": "Activation d'Eidolon",
   "text": "Chaque île solitaire sera étreinte par les marées.",
   "unlockRequirement": "",
   "cnUrl": "",
   "jpUrl": "",
   "enUrl": "",
   "krUrl": ""
  },
  {
   "id": 21,
   "title": "Élévation de personnage",
   "text": "Il est temps de nager vers la prochaine mer.",
   "unlockRequirement": "",
   "cnUrl": "",
   "jpUrl": "",
   "enUrl": "",
   "krUrl": ""
  },
  {
   "id": 22,
   "title": "Niveau max atteint",
   "text": "Écoute. La cacophonie de la tempête nous appelle.",
   "unlockRequirement": "",
   "cnUrl": "",
   "jpUrl": "",
   "enUrl": "",
   "krUrl": ""
  },
  {
   "id": 23,
   "title": "Activation de Trace",
   "text": "Bien qu'éphémères, les ondulations se transforment en vagues.",
   "unlockRequirement": "",
   "cnUrl": "",
   "jpUrl": "",
   "enUrl": "",
   "krUrl": ""
  },
  {
   "id": 24,
   "title": "Rejoint l'équipe avec Pionnier/Pionnière",
   "text": "Tu es prêt/prête pour notre duo, petit poisson gris ?",
   "unlockRequirement": "",
   "cnUrl": "",
   "jpUrl": "",
   "enUrl": "",
   "krUrl": ""
  },
  {
   "id": 25,
   "title": "Rejoint l'équipe avec Aglaé",
   "text": "Je t'en prie, continue. Les mélodies pincées sur tes fils d'or sont particulièrement émouvantes.",
   "unlockRequirement": "",
   "cnUrl": "",
   "jpUrl": "",
   "enUrl": "",
   "krUrl": ""
  },
  {
   "id": 26,
   "title": "Rejoint l'équipe avec Tribbie",
   "text": "La prophétie sera-t-elle mélodieuse ou discordante cette fois ?",
   "unlockRequirement": "",
   "cnUrl": "",
   "jpUrl": "",
   "enUrl": "",
   "krUrl": ""
  },
  {
   "id": 27,
   "title": "Rejoint l'équipe avec Cérydra",
   "text": "Sur quel coup cette partie d'échecs va-t-elle se terminer, Imperator ?",
   "unlockRequirement": "",
   "cnUrl": "",
   "jpUrl": "",
   "enUrl": "",
   "krUrl": ""
  },
  {
   "id": 28,
   "title": "Rejoint l'équipe avec Cipher",
   "text": "Si tu t'es déjà jetée dans les vagues, ne recule plus devant la peur, petit poisson-chat.",
   "unlockRequirement": "",
   "cnUrl": "",
   "jpUrl": "",
   "enUrl": "",
   "krUrl": ""
  },
  {
   "id": 51,
   "title": "Rupture de faiblesse en début de combat",
   "text": "Des pinces qui serrent et des coquilles qui claquent... rien de bien effrayant.",
   "unlockRequirement": "",
   "cnUrl": "",
   "jpUrl": "",
   "enUrl": "",
   "krUrl": ""
  },
  {
   "id": 52,
   "title": "Avertissement de danger en début de combat",
   "text": "C'est le meilleur moment pour jouer un air.",
   "unlockRequirement": "",
   "cnUrl": "",
   "jpUrl": "",
   "enUrl": "",
   "krUrl": ""
  },
  {
   "id": 53,
   "title": "Début du tour 1",
   "text": "Attention. Méfiez-vous de l'eau qui dort, elle pourrait vous trancher la gorge.",
   "unlockRequirement": "",
   "cnUrl": "",
   "jpUrl": "",
   "enUrl": "",
   "krUrl": ""
  },
  {
   "id": 54,
   "title": "Début du tour 2",
   "text": "Permettez-moi de vous entonner un requiem tranchant.",
   "unlockRequirement": "",
   "cnUrl": "",
   "jpUrl": "",
   "enUrl": "",
   "krUrl": ""
  },
  {
   "id": 55,
   "title": "Tour inactif",
   "text": "Ce soupir semble s'éterniser.",
   "unlockRequirement": "",
   "cnUrl": "",
   "jpUrl": "",
   "enUrl": "",
   "krUrl": ""
  },
  {
   "id": 56,
   "title": "ATQ normale",
   "text": "L'heure est à l'ivresse.",
   "unlockRequirement": "",
   "cnUrl": "",
   "jpUrl": "",
   "enUrl": "",
   "krUrl": ""
  },
  {
   "id": 57,
   "title": "Compétence 1",
   "text": "Marées, sombrez avec moi.",
   "unlockRequirement": "",
   "cnUrl": "",
   "jpUrl": "",
   "enUrl": "",
   "krUrl": ""
  },
  {
   "id": 58,
   "title": "Compétence 2",
   "text": "Banquets, laissez-vous enivrer.",
   "unlockRequirement": "",
   "cnUrl": "",
   "jpUrl": "",
   "enUrl": "",
   "krUrl": ""
  },
  {
   "id": 59,
   "title": "Attaque légère subie",
   "text": "Quel vacarme assourdissant.",
   "unlockRequirement": "",
   "cnUrl": "",
   "jpUrl": "",
   "enUrl": "",
   "krUrl": ""
  },
  {
   "id": 60,
   "title": "Attaque lourde subie",
   "text": "C'est une insulte aux oreilles.",
   "unlockRequirement": "",
   "cnUrl": "",
   "jpUrl": "",
   "enUrl": "",
   "krUrl": ""
  },
  {
   "id": 61,
   "title": "Activation de l'ultime",
   "text": "Chut, reste ici et tends l'oreille...",
   "unlockRequirement": "",
   "cnUrl": "",
   "jpUrl": "",
   "enUrl": "",
   "krUrl": ""
  },
  {
   "id": 62,
   "title": "Déclenchement de l'ultime",
   "text": "Que tes cris d'agonie résonnent dans cette ribote insatiable de l'abîme.",
   "unlockRequirement": "",
   "cnUrl": "",
   "jpUrl": "",
   "enUrl": "",
   "krUrl": ""
  },
  {
   "id": 63,
   "title": "À terre",
   "text": "Enfin, le rideau tombe...",
   "unlockRequirement": "",
   "cnUrl": "",
   "jpUrl": "",
   "enUrl": "",
   "krUrl": ""
  },
  {
   "id": 64,
   "title": "Retour au combat",
   "text": "Le courant m'a ramenée ici.",
   "unlockRequirement": "",
   "cnUrl": "",
   "jpUrl": "",
   "enUrl": "",
   "krUrl": ""
  },
  {
   "id": 65,
   "title": "Récupération de santé",
   "text": "Comme un courant chaud... je te remercie.",
   "unlockRequirement": "",
   "cnUrl": "",
   "jpUrl": "",
   "enUrl": "",
   "krUrl": ""
  },
  {
   "id": 66,
   "title": "Technique",
   "text": "Est-ce qu'un poisson a mordu à l'hameçon ?",
   "unlockRequirement": "",
   "cnUrl": "",
   "jpUrl": "",
   "enUrl": "",
   "krUrl": ""
  },
  {
   "id": 67,
   "title": "Combat gagné",
   "text": "L'heure n'est plus aux festivités... pour le moment.",
   "unlockRequirement": "",
   "cnUrl": "",
   "jpUrl": "",
   "enUrl": "",
   "krUrl": ""
  },
  {
   "id": 68,
   "title": "Ouverture de coffre 1",
   "text": "Que dirais-tu d'échanger ceci... contre de l'hydromel ?",
   "unlockRequirement": "",
   "cnUrl": "",
   "jpUrl": "",
   "enUrl": "",
   "krUrl": ""
  },
  {
   "id": 69,
   "title": "Ouverture de coffre 2",
   "text": "Portera-t-il lui aussi l'odeur des fonds marins dans les années à venir...?",
   "unlockRequirement": "",
   "cnUrl": "",
   "jpUrl": "",
   "enUrl": "",
   "krUrl": ""
  },
  {
   "id": 70,
   "title": "Ouverture de coffre précieux",
   "text": "Un éclat digne de rivaliser avec celui de n'importe quelle perle.",
   "unlockRequirement": "",
   "cnUrl": "",
   "jpUrl": "",
   "enUrl": "",
   "krUrl": ""
  },
  {
   "id": 71,
   "title": "Énigme réussie 1",
   "text": "C'était trop facile... ce n'était quand même pas intentionnel ?",
   "unlockRequirement": "",
   "cnUrl": "",
   "jpUrl": "",
   "enUrl": "",
   "krUrl": ""
  },
  {
   "id": 72,
   "title": "Énigme réussie 2",
   "text": "C'est l'humidité dans l'air qui m'a soufflé la réponse.",
   "unlockRequirement": "",
   "cnUrl": "",
   "jpUrl": "",
   "enUrl": "",
   "krUrl": ""
  },
  {
   "id": 73,
   "title": "Cible ennemie trouvée",
   "text": "Fais doucement... laisse-le nager un peu plus près.",
   "unlockRequirement": "",
   "cnUrl": "",
   "jpUrl": "",
   "enUrl": "",
   "krUrl": ""
  },
  {
   "id": 74,
   "title": "Retour en ville",
   "text": "Ces moments passés au mouillage des ports tranquilles... Ils me manquent autant que l'écume éphémère.",
   "unlockRequirement": "",
   "cnUrl": "",
   "jpUrl": "",
   "enUrl": "",
   "krUrl": ""
  }
 ],
 "storyItems": [
  {
   "title": "Détails du personnage",
   "text": "Styxie, cité côtière d'ivresse et de rêves, où les chants d'antan résonnent encore parmi les flots.<br />Électra, fille de la mer et Héritière chryséenne, purifie la flamme divine des Océans et dissipe les courants troubles pour orchestrer un banquet de réjouissances aux héros venus d'au-delà du ciel.<br />L'heure du baisser de rideau n'a pas sonné. Même si l'espoir est aussi fragile que des bulles, les vagues ne cesseront jamais de déferler.",
   "unlockRequirement": ""
  },
  {
   "title": "Histoire du personnage : Partie I",
   "text": "Quand les rayons du soleil traversent la surface, le souffle marin scintille de mille couleurs. C'est l'instant le plus joyeux de la journée pour les sirènes.<br />« ♫ Ploc ♫ » « ♫ Plic ♫ » « ♫ Plouf ♫ »<br />La princesse sirène poursuit les bulles avec délice. Son moment préféré : quand l'une d'elles se pose sur son nez, juste avant d'éclater et de répandre un kaléidoscope de couleurs dans l'eau.<br /><br />Au milieu des coraux s'étendant à perte de vue, les sirènes chantent. Les perles y scintillent comme des étoiles, ornements parfaits pour une corde d'arc.<br />La musique s'écoule des doigts d'Électra tel un doux courant, caressant ses compagnes qui savourent l'hydromel.<br /><br />« ♫ Regarde ce navire qui brille de mille feux, comme les humains doivent y être heureux ! ♫ »<br />« ♫ Tu te languis de cette personne que tu as sauvée, sa voix résonne dans ton esprit, sans vaciller. ♫ »<br />« ♫ Noble princesse, insouciante Électra, où iras-tu ? Vers la mer glaciale du septentrion, ou vers le monde des hommes, et ses vastes horizons ? ♫ »<br /><br />Les sirènes éméchées l'entourent, leur curiosité s'entortille autour d'elle comme des algues dansantes.<br />« ♫ Le monde là-haut est si bruyant, le pôle si froid... ♫ »<br />Elle effleure une bulle et secoue la tête en souriant :<br />« ♫ Je resterai où les chants résonnent encore... ♫ »<br /><br />Mais soudain, un cor d'alarme résonne depuis les profondeurs, interrompant les festivités.<br />Les sirènes suivent Électra dans les abysses, tandis que la reine de l'océan s'adresse à son peuple...<br /><br />« ♫ La Marée noire souillera nos flots cristallins, nous invoquerons les vagues des flots divins, qui feront couler dans le grand calice la souillure, jusqu'à ce que le Conflit rayonne et chasse ces courants impurs... ♫ »<br />« ♫ Enfants de la mer, quel est votre dessein ? Quand la Marée noire se retirera, rendez-vous dans la lointaine Styxie, car les habitants du continent y chantent vos louanges là-bas ! ♫ »<br /><br />Jour après jour, Électra guide les sirènes à travers la mer qui s'assombrit, purifiant les courants corrompus.<br /><br />« ♫ Mes sœurs, n'abandonnez jamais cette victoire prochaine ! ♫ »<br />« ♫ Mes sœurs, n'oubliez jamais que nous nagerons vers ces contrées lointaines ! ♫ »<br />« ♫ Mes sœurs, en avant ! L'espoir radieux nous fait vibrer et brise nos chaînes ! ♫ »<br /><br />Et jour après jour, Électra chante. Elle, qui est une créature titanique, elle sait que protéger ces eaux est un destin qui a été gravé au plus profond de son âme...<br /><br />Électra plonge dans les profondeurs, son chant s'estompant jusqu'à devenir l'unique lueur qui subsiste dans le sombre océan.",
   "unlockRequirement": "Disponible au niveau <nobr>20</nobr> de personnage"
  },
  {
   "title": "Histoire du personnage : Partie II",
   "text": "Le récif de corail, qui était jadis luxuriant, n'est plus qu'un cimetière sans vie.<br /><br />La première fois qu'elle plongea sa lame dans une Créature de la Marée noire, ses mains tremblaient encore.<br />Au centième combat contre un ancien compagnon corrompu, ses cordes émoussées tranchaient déjà la chair sans faillir.<br />Puis vint la millième fois, puis la dix millième... Désormais, les perles de son instrument jonchent la mer, et les eaux profondes ont viré au rouge sang...<br /><br />Dans les ruines silencieuses de ce palais oublié, seule Électra demeure à son banquet solitaire.<br /><br />« ♫ Les habitants du continent tiendront des banquets éternels en l'honneur de notre sacrifice... ♫ »<br />Sa mélodie plaintive traverse les océans alors que le Titan du Conflit livre bataille à la Marée noire. Et pour la première fois, Électra jaillit des eaux ténébreuses, le cœur débordant de joie.<br /><br />Elle pare son visage de perles nacrées. Sa queue se scinde pour former des jambes. L'écume marine qui l'enveloppe se mue en robe somptueuse. Les vagues furieuses ne déferlent plus sur elle, mais se lamentent désormais sous ses pas.<br />Dans le ciel, les mouettes poussent des cris perçants. L'océan se fige un instant, avant de refluer en silence.<br />Comme si tout cela n'avait été qu'un songe, une bulle qui vient d'éclater.<br />Chaque pas vers la terre promise de Styxie la transperce d'une souffrance aiguë, comme si elle foulait un tapis de lames...<br /><br />Une odeur âcre flotte sur ces terres jonchées de cadavres. Les conflits et le feu ravagent chaque recoin... Mais le banquet promis par les dieux demeure introuvable.<br /><br />« Moi... Hy... si... »<br />Sa voix se brise dans l'air pollué.<br />Elle a tenté d'apprendre le langage humain, mais ces mots rugueux et heurtés étouffent sa voix qui était autrefois si mélodieuse. Alors, peu à peu, elle préfère se taire plutôt que de parler.<br />« Une lame qui ne rouillera jamais », « Une mélodie cruelle »... Désormais, seuls l'accompagnent le sifflement des lames qui percent la chair et les râles de l'agonie...<br /><br />On raconte que cette épéiste des océans manie son instrument avec une virtuosité inégalée, mais elle demeure froide et silencieuse, gardant jalousement les secrets enfouis dans son âme.<br />Tant de mains se sont tendues vers elle au fil du temps. Certaines voulaient la détruire, d'autres lui porter secours. Toutes ont fait naître des lueurs, avant que chacune d'entre elle ne finisse par s'éteindre.<br /><br />« Hysilens, où vas-tu ? »<br /><br />Elle reste sans voix.<br />Son instrument d'autrefois s'est mué depuis longtemps en deux épées jumelles, ne laissant plus échapper que des requiem tranchants.<br />Jadis, elle avait cru qu'un jour quelqu'un saisirait les aspirations cachées dans ses mélodies, mais elle a fini par réaliser que le monde des humains n'est pas différent des profondeurs solitaires de l'océan.<br />Chaque être n'est qu'un poisson égaré, remontant instinctivement vers une lueur illusoire.",
   "unlockRequirement": "Disponible au niveau <nobr>40</nobr> de personnage"
  },
  {
   "title": "Histoire du personnage : Partie III",
   "text": "« Hysilens, suis-moi. Je t'accorderai tout ce que tu désires. »<br />Cette voix puissante et cristalline, jaillissant d'un corps si frêle, la marque profondément. Pourtant, le doute persiste en elle :<br />« Et sa lueur...? Quand s'évanouira-t-elle à son tour ? »<br /><br />Malgré cela, cette flamme rayonne tel un soleil plongeant dans les profondeurs, s'intensifiant et se raffermissant sans cesse.<br />Elle voit les vagues immenses déferler comme un incendie, voit Gladius qui soulève les tempêtes se muer en requin-baleine pour dévorer jusqu'à la dernière goutte de ce déluge sanglant.<br />Elle entend les battements de cœur tonitruants, les tambours de guerre qui résonnent, les pas semblables à une pluie battante, le chagrin qui prend de l'ampleur comme la marée. Cette voix si pure, si mélodieuse coule dans les veines dorées de l'Héritière chryséenne, réveillant les cordes longuement oubliées de son âme.<br /><br />Le banquet promis par l'Imperator approche à grands pas. La jeune tisserande chuchote aux enfants qui l'entourent, s'interrogeant tout haut sur les chances de voir paraître la froide et distante Gladius.<br />Au milieu des cris d'émerveillement de la foule, la tisseuse se hisse sur la pointe des pieds, le souffle suspendu, pour ne rien perdre de ce moment magique.<br />Sa robe dorée ondule et effleure le sol comme un rayon de soleil dansant à la surface des flots.<br />Sous l'éclat des chandelles et des lanternes d'argent, tous retrouvent dans ses yeux les reflets de l'océan.<br /><br />« Elle a réalisé mon souhait le plus cher et nous fera redécouvrir en chanson ces baies marines que le monde avait oubliées. »<br />À peine la monarque a-t-elle achevé sa phrase que l'orchestre s'embrase de mille feux. Lumières et ombres valsent devant elle, ondoyant tel l'océan.<br />La musique monte en crescendo tout comme les bulles qui pétillent dans les coupes, et dans cette foule en liesse, sa voix ne résonne plus dans le vide.<br /><br />Le combat entre Labienus et Sénèque résonne en coups de tambour nets et clairs. Les sentiments dissimulés de Verginia vibrent à travers ses vers.<br />Tribios pousse un rire, et la musique s'enrichit d'une contre-mélodie enjouée. Aglaé s'élève en dansant, ses pas créant une harmonie parfaite...<br /><br />« Que désires-tu après cette bataille triomphante, Dux Gladiorum ? »<br />Même la monarque, habituellement si composée, semble légèrement éméchée.<br />Elle trempe ses lèvres dans l'hydromel, chuchote à l'oreille de la monarque, et son rire s'envole jusqu'aux recoins du banquet.<br />Tout est si mélodieux et rayonnant.<br />Le monde se met à tourner, bercé par le tintement des coupes et le doux cliquetis des glaçons.<br />La sirène si longtemps muette retrouve sa voix, laissant couler sa mélodie comme l'hydromel doré :<br /><br />« ♫ L'éclat des bougies flamboie au rythme du banquet,<br />Ce nouvel océan si vaste<br />Ondule dans l'entrechoquement de nos verres pleins... ♫ »",
   "unlockRequirement": "Disponible au niveau <nobr>60</nobr> de personnage"
  },
  {
   "title": "Histoire du personnage : Partie IV",
   "text": "Elle avait cru autrefois que la Chasse aux flammes était la célébration éternelle qu'elle avait toujours recherchée.<br />Mais au fil du voyage et des pertes, même cette lumière éclatante s'est brisée comme l'écume des vagues.<br /><br />Elle était la lame la plus affûtée de l'Imperator, aussi agile que carnassière.<br />Mais lorsque le sang d'or de l'Imperator macule ses doigts, elle plonge à nouveau dans cet océan de solitude qu'elle croyait avoir quitté.<br />« Pourquoi... ai-je éteint de mes propres mains cette lumière que je poursuivais... »<br />Pendant mille ans de souffrance, elle avait fui ces bulles éblouissantes de souvenirs, mais maintenant, ces fragments depuis longtemps éclatés s'accrochent à elle comme des algues ondulantes, impossibles à détacher.<br /><br />« Clic. »<br />Une pièce tombe sur l'échiquier. Bien que la monarque paraisse parfaitement sereine, sa couronne de feu dévoile ce qu'elle tait, fluctuant entre paix et passion dévorante.<br />« Je n'ai jamais su jouer. »<br />« Alors je t'apprendrai. »<br />Elle saisit maladroitement une pièce. Ce n'est qu'un champ de bataille comme les autres, se dit-elle.<br /><br />« Clic. »<br />D'un coup, des flammes bleues ardentes enveloppent l'air ambiant d'une chaleur de source thermale. Elle déplace machinalement les pièces et s'interroge :<br />« Puisqu'elles sont vouées à disparaître du plateau, pourquoi continuer à avancer sans relâche ? »<br /><br />« Clic. »<br />La souveraine boit une lampée d'hydromel, étend les bras avec délice et laisse échapper un soupir de satisfaction :<br />« N'y a-t-il pas assez de joie dans le simple fait d'avancer ? »<br />...<br /><br />Après mille ans d'attente, elle a ouvert de nouveaux chemins pour la Chasse aux flammes, tout en sachant qu'ils ne mèneront pas au terme du voyage.<br />« Tout ce qu'il faut à un poisson, c'est une mer où se sentir chez lui... »<br />Alors qu'un souvenir ancien remonte à la surface, elle se dirige vers les eaux transparentes.<br /><br />♫ Ploc ♫, ♫ Pschitt ♫, ♫ Plouf ♫... Des bulles multicolores reflètent les années écoulées, naissant et crevant, crevant et renaissant.<br />« Enfant chérie de l'océan, as-tu un souhait ? »<br />« Hysilens, vers où te diriges-tu ? »<br />« Dux Gladiorum, que recherches-tu ? »<br />...<br />Sa terre natale, les festivités joyeuses, la Chasse aux flammes... autant d'étoiles qui avaient illuminé son existence avant de s'éteindre comme de la mousse évanescente... Seul un souffle mélancolique plane encore dans les airs.<br />Du début à la fin, c'est tout ce qu'elle avait : tant dans le royaume des mortels que dans les profondeurs de l'océan, rien d'autre que les traces fugaces des bulles.<br /><br />« Mais tout de même... qu'elles sont belles... »<br /><br />« ♫...♫ »<br />« ♫...♫ »<br />« ♫...♫ »<br /><br />L'aube d'Amphoreus approche.<br />Avant que la dernière bulle n'éclate, elle sourit, comme si elle avait déjà chanté tout ce que son cœur avait à exprimer au-delà des mots.",
   "unlockRequirement": "Disponible au niveau <nobr>80</nobr> de personnage"
  }
 ],
 "archive": {
  "cvCn": "浮梦若薇",
  "cvJp": "石見舞菜香",
  "cvKr": "오은수",
  "cvEn": "Rosie Day",
  "camp": "Amphoreus"
 },
 "calculator": {
  "expCost": {
   "1": 200,
   "2": 300,
   "3": 500,
   "4": 600,
   "5": 1050,
   "6": 1670,
   "7": 2320,
   "8": 3060,
   "9": 3860,
   "10": 4740,
   "11": 5710,
   "12": 6730,
   "13": 7830,
   "14": 9000,
   "15": 10240,
   "16": 11550,
   "17": 12920,
   "18": 14360,
   "19": 15870,
   "20": 16580,
   "21": 16840,
   "22": 17100,
   "23": 17370,
   "24": 17640,
   "25": 17910,
   "26": 18190,
   "27": 18480,
   "28": 18760,
   "29": 19040,
   "30": 19340,
   "31": 19630,
   "32": 19930,
   "33": 20220,
   "34": 20530,
   "35": 20840,
   "36": 21140,
   "37": 21450,
   "38": 21760,
   "39": 22080,
   "40": 22390,
   "41": 25550,
   "42": 29140,
   "43": 32830,
   "44": 36600,
   "45": 40470,
   "46": 44430,
   "47": 48480,
   "48": 52630,
   "49": 56870,
   "50": 61190,
   "51": 65620,
   "52": 70130,
   "53": 74740,
   "54": 79450,
   "55": 84240,
   "56": 89120,
   "57": 94110,
   "58": 99190,
   "59": 104350,
   "60": 106240,
   "61": 111830,
   "62": 117530,
   "63": 123320,
   "64": 129210,
   "65": 135200,
   "66": 141290,
   "67": 147480,
   "68": 153780,
   "69": 160170,
   "70": 179260,
   "71": 199920,
   "72": 220920,
   "73": 242260,
   "74": 263930,
   "75": 285950,
   "76": 308300,
   "77": 331000,
   "78": 354040,
   "79": 377420,
   "80": 414350
  },
  "expItemConfig": {
   "1000": {
    "itemId": 409962,
    "cost": 0
   },
   "5000": {
    "itemId": 409961,
    "cost": 0
   },
   "20000": {
    "itemId": 409960,
    "cost": 0
   }
  },
  "sCoinId": 29328,
  "rankConfig": {
   "3": {
    "22370072": 1,
    "22475581": 2
   },
   "5": {
    "22086958": 2,
    "22192469": 2
   }
  }
 },
 "hasServant": false,
 "skins": [],
 "hasEnhanced": false,
 "name": "Hysilens",
 "rarity": 5,
 "descHash": "Styxie, cité côtière d'ivresse et de rêves, où les chants d'antan résonnent encore parmi les flots. Électra, fille de la mer et Héritière chryséenne, purifie la flamme divine des Océans et dissipe les courants troubles pour orchestrer un banquet de réjouissances aux héros venus d'au-delà du ciel. L'heure du baisser de rideau n'a pas sonné. Même si l'espoir est aussi fragile que des bulles, les vagues ne cesseront jamais de déferler.",
 "artPath": "7b32e2922c94484f5c920dfe164938dad570be51982c67f4c9ac67d5e2384f60",
 "miniIconPath": "4e8065b7522f8cda1716509f92379689ea387e50917a88acd9e20ec4e545b5e4",
 "damageType": {
  "id": 1,
  "iconPath": "fc6c9fc2a7b462613ce59b29974d45a4b4fae29eaf89c36e4370b6d48e640a03",
  "color": "#FFFFFF",
  "name": "Physique",
  "rarity": 0
 },
 "baseType": {
  "id": 0,
  "iconPath": "9925f4d7d8ac1ad84319601be2e2127dbb697923a7add4d70bf795c7e9045d29",
  "altIconPath": "5821b3e8829f16ad30af2613e5330feea1cd8ead70cf58d18c7bc927f50b5943",
  "color": "#FFFFFF",
  "name": "La Nihilité",
  "rarity": 0
 },
 "pageId": "hysilens"
}