{
 "spRequirement": 110,
 "iconPath": "6745ebc2f6475c499a7f66eebfd926695500304b405a3d94b428f20e120fbd01",
 "bgPath": "4301d44214d7a8861db59b4c256f38510b30577172829dc7b1be63f610076e5e",
 "figPath": "c4f1476d56c798b47bd6fb680f72b5a447ef5b19e886cb7f52dd758935356ce3",
 "fgPath": "c20ed41bcc28e95025c3e76c8f444776808859b898eae26b1b1dec0c4de121aa",
 "splashIconPath": "f17b7d6cf08672cecc3dfcd2b7dc0ddc193aa2da5096fedd7576d0d68a4b33e8",
 "splashPlaceholder": {
  "w": 0,
  "h": 0
 },
 "damageTypeId": 0,
 "baseTypeId": 0,
 "baseTypeTraces": {
  "id": 5,
  "iconPath": "dd7360026f025513baae7d6891bfd20d8a74c89d99e8b74c45a4092c07f2f2bc",
  "color": "#FFFFFF",
  "rarity": 0
 },
 "itemReferences": {
  "29328": {
   "id": 29328,
   "type": 101,
   "purposeId": 11,
   "iconPath": "662fc7ab4bcd2e14d5f4185738f92c3d4e5051f6a6af0fbcafcb08310c579372",
   "name": "信用點",
   "desc": "星際和平公司與客戶結算時使用的貨幣，如今已成爲太空旅行的硬通貨。",
   "lore": "「人們奔波、爭鬥、貿易，爲的不過是個終端裏顯示的數字。但真正珍貴之物，公司的數字是買不到的。」",
   "purpose": "通用貨幣",
   "rarity": 3,
   "rewardPath": "/material/29328",
   "comeFrom": [
    "擬造花萼【大礦區】",
    "擬造花萼【工造司】",
    "擬造花萼【「白日夢」酒店-夢境】",
    "擬造花萼【「囈語密林」神悟樹庭】",
    "任務獎勵",
    "委託獎勵",
    "餘燼兌換"
   ]
  },
  "125435": {
   "id": 125435,
   "type": 654,
   "purposeId": 4,
   "iconPath": "1faeac3cd0e3235dd5c4d7f88c0348be236c9db3d6f01c54cf1af28636a02a00",
   "name": "命運的足跡",
   "desc": "行跡升級的高階素材。",
   "lore": "一次又一次的敗北成就了你的勝利，一步又一步的前進讓你抵達了命運的拐點。",
   "purpose": "行跡材料",
   "rarity": 5,
   "rewardPath": "/material/125435",
   "comeFrom": [
    "「模擬宇宙」積分獎勵",
    "無名勳禮",
    "餘燼兌換",
    "星芒兌換",
    "限時活動獎勵"
   ]
  },
  "409960": {
   "id": 409960,
   "type": 651,
   "purposeId": 1,
   "iconPath": "64e60a11d852e9486527315fd5dbd93e76f510b6bd0538b927b16bfb188bda62",
   "name": "漫遊指南",
   "desc": "角色的經驗材料，可以獲得<nobr>20000</nobr>點角色經驗。",
   "lore": "跨越諸界必備的冒險叢書。按下閱讀鍵，充滿磁性的聲音將以你能聽懂的語言講述知名冒險家們在不同世界間的傳奇經歷，以及他們在各個星球上獲得的珍貴智慧。<br /><br />「漫遊指南全新書系《星際美食烹飪導覽》開售在即，敬請支持。」<br />「投稿請接入博識學會聯覺信標<nobr>23</nobr>θ聯絡員，稿酬可以以您接受的任何形式支付。」",
   "purpose": "角色經驗材料",
   "rarity": 4,
   "rewardPath": "/material/409960",
   "comeFrom": [
    "擬造花萼【城郊雪原】",
    "擬造花萼【流雲渡】",
    "擬造花萼【築夢邊境】",
    "擬造花萼【「神諭聖地」雅努薩波利斯】",
    "「忘卻之庭」"
   ]
  },
  "409961": {
   "id": 409961,
   "type": 651,
   "purposeId": 1,
   "iconPath": "bace343f74527b604cf5037157a01121ca2075f0d381673d58825aa8871d23b2",
   "name": "冒險記錄",
   "desc": "角色的經驗材料，可以獲得<nobr>5000</nobr>點角色經驗。",
   "lore": "裝訂嚴整，一看就頗有教育意義的冒險札記。圖文並茂地描述了冒險行動的始末、有價值的信息和生存相關的技巧。<br /><br />「幹嘛不數據化放進光刻片裡？便攜多了。」<br />「面對恆星風暴和中子流噴發時，高科技比你想象的還要脆弱。何況，製作這本書的人一定希望人們用最簡單的方式閱讀它。」",
   "purpose": "角色經驗材料",
   "rarity": 3,
   "rewardPath": "/material/409961",
   "comeFrom": [
    "擬造花萼【城郊雪原】",
    "擬造花萼【流雲渡】",
    "擬造花萼【築夢邊境】",
    "擬造花萼【「神諭聖地」雅努薩波利斯】",
    "每日實訓",
    "餘燼兌換"
   ]
  },
  "409962": {
   "id": 409962,
   "type": 651,
   "purposeId": 1,
   "iconPath": "5b6df114010e87eb36fe9583af069826960af2730455a03b5379093a4a9e5aca",
   "name": "旅情見聞",
   "desc": "角色的經驗材料，可以獲得<nobr>1000</nobr>點角色經驗。",
   "lore": "記錄旅途見聞的日誌，字跡漫漶不清，內容隨心所欲，對你並沒有太大的幫助。<br /><br />「看完了就趕緊把這堆廢紙處理掉吧，丹恆？」",
   "purpose": "角色經驗材料",
   "rarity": 2,
   "rewardPath": "/material/409962",
   "comeFrom": [
    "擬造花萼【城郊雪原】",
    "擬造花萼【流雲渡】",
    "擬造花萼【築夢邊境】",
    "擬造花萼【「神諭聖地」雅努薩波利斯】",
    "委託獎勵"
   ]
  },
  "554722": {
   "id": 554722,
   "type": 654,
   "purposeId": 4,
   "iconPath": "c73f7c95477c413116ae2315f55567473f4fd49d28ed37983d40adad50141294",
   "name": "陽雷的遙想",
   "desc": "行跡升級的高階素材。",
   "lore": "當人子飲下晶核，便失卻了覺察人心的機能。此後，星月輪轉，俯瞰成了它唯一的天職。<br />它仍熱愛生命，卻再也無法將鄰人視作生命。<br /><br />「匍匐於大地，試圖觸碰那片湛藍。身處天空時，青草的芬芳卻無價…」",
   "purpose": "行跡材料",
   "rarity": 4,
   "rewardPath": "/material/554722",
   "comeFrom": [
    "歷戰餘響【「穹頂關塞」晨昏之眼】"
   ]
  },
  "589818": {
   "id": 589818,
   "type": 653,
   "purposeId": 3,
   "iconPath": "1b78b52bd4fa8125682facdef27eee8dde23738508c8751d7c4a085363fae9df",
   "name": "星火之精",
   "desc": "「火劫大戰」後流竄的熾盛歲陽。可中幅提升<span style=\"display: inline-block; color: #f29e38ff; font-weight:bold;\">虛無</span>角色的命途行跡。",
   "lore": "刁鑽促搯、一簇團焰形狀的歲陽火苗。<br />顯形時「火焰」大小，可以辨別歲陽個體強弱。這團炬火歲陽初嘗心智，貪圖喫掉宿主的七情六慾。<br /><br />「汲取喜悲，左右意志…」",
   "purpose": "行跡材料 <br />光錐晉階材料",
   "rarity": 3,
   "rewardPath": "/material/589818",
   "comeFrom": [
    "擬造花萼【丹鼎司】",
    "「萬能合成機」- 材料合成",
    "餘燼兌換",
    "「萬能合成機」- 材料置換"
   ]
  },
  "673759": {
   "id": 673759,
   "type": 653,
   "purposeId": 3,
   "iconPath": "b5032641c3abb7d952d56b9bfb0a4c71f4db0edd3a2c48c10d9b4d0eec94d25c",
   "name": "焚天之魔",
   "desc": "「火劫大戰」後融聚的獸形歲陽。可大幅提升<span style=\"display: inline-block; color: #f29e38ff; font-weight:bold;\">虛無</span>角色的命途行跡。",
   "lore": "多謀善慮、初具獸形的強力歲陽。<br />顯形時「火焰」大小，可以辨別歲陽個體強弱。大歲陽融聚後漸漸成形，不死不滅，危害程度可稱之爲災害。<br /><br />「水淹火灼，山崩雷劈…」",
   "purpose": "行跡材料 <br />光錐晉階材料",
   "rarity": 4,
   "rewardPath": "/material/673759",
   "comeFrom": [
    "擬造花萼【丹鼎司】",
    "「萬能合成機」- 材料合成",
    "「萬能合成機」- 材料置換"
   ]
  },
  "874345": {
   "id": 874345,
   "type": 653,
   "purposeId": 3,
   "iconPath": "c58150f0bd3d62041c9a94a5f8cb513146f940ddbc73caa9bdf69ee5eeb007fb",
   "name": "熾情之靈",
   "desc": "「火劫大戰」後逸散的微弱歲陽。可小幅提升<span style=\"display: inline-block; color: #f29e38ff; font-weight:bold;\">虛無</span>角色的命途行跡。",
   "lore": "天真爛漫、無固定形體的歲陽星火。<br />顯形時「火焰」大小，可以辨別歲陽個體強弱。這縷小小歲陽思慮單純，容易被更強大的歲陽吞併。<br /><br />「無形無根，漫遊天外…」",
   "purpose": "行跡材料 <br />光錐晉階材料",
   "rarity": 2,
   "rewardPath": "/material/874345",
   "comeFrom": [
    "擬造花萼【丹鼎司】",
    "餘燼兌換",
    "「萬能合成機」- 材料置換"
   ]
  },
  "20170864": {
   "id": 20170864,
   "type": 657,
   "purposeId": 7,
   "iconPath": "d0c7c7f9f997cb0ede806d12e51f7bbfca2f8efb9ecbd2546aff0ab24a8a90dd",
   "name": "勇氣撕裂胸膛",
   "desc": "紛爭眷屬陣亡後的碎塊，強化所需的普通材料。",
   "lore": "懶惰的將領開始操練，避世的賢者開始思謀。直至人發現能將神的造物擊碎，屠殺便成了戰爭。<br /><br />「恐懼是勇氣的刻刀。」",
   "purpose": "行跡材料 <br />角色晉階材料",
   "rarity": 3,
   "rewardPath": "/material/20170864",
   "comeFrom": [
    "突破至均衡等級2後，泰坦眷屬掉落",
    "突破至均衡等級2後，晨昏奇獸掉落",
    "「萬能合成機」- 材料合成",
    "「差分宇宙」中敵方掉落",
    "「模擬宇宙」中敵方掉落",
    "「萬能合成機」- 材料置換"
   ]
  },
  "20389475": {
   "id": 20389475,
   "type": 657,
   "purposeId": 7,
   "iconPath": "4248c4deac64679a25e9190920297cee99e492be38480008c348d5faa425a466",
   "name": "榮耀洗禮身軀",
   "desc": "紛爭眷屬富含神力的心臟，強化所需的高級材料。",
   "lore": "最初，人們爲生而戰。如今，有人爲死而戰，與那些紛爭的眷屬一樣無畏。懸鋒人說，或許肉與石的勇士都有着同一顆心臟——<br /><br />「勇氣在裡面流淌，此心名爲榮耀。」",
   "purpose": "行跡材料 <br />角色晉階材料",
   "rarity": 4,
   "rewardPath": "/material/20389475",
   "comeFrom": [
    "突破至均衡等級4後，泰坦眷屬掉落",
    "突破至均衡等級4後，晨昏奇獸掉落",
    "「萬能合成機」- 材料合成",
    "「差分宇宙」中敵方掉落",
    "「模擬宇宙」中敵方掉落",
    "「萬能合成機」- 材料置換"
   ]
  },
  "20445700": {
   "id": 20445700,
   "type": 657,
   "purposeId": 7,
   "iconPath": "57fb73d5a5481d898d7901a6639f9061749101e2b47ded8580cb2ad476407aed",
   "name": "恐懼踏碎血肉",
   "desc": "組成紛爭眷屬的塵屑，強化所需的簡單材料。",
   "lore": "死亡的潮席捲天地，恨與怨的巨人踏出冥河。在那堅石雕刻的軍團面前，無人不畏懼，無人不俯首。<br /><br />「殺戮是恐懼的石料。」",
   "purpose": "行跡材料 <br />角色晉階材料",
   "rarity": 2,
   "rewardPath": "/material/20445700",
   "comeFrom": [
    "泰坦眷屬掉落",
    "晨昏奇獸掉落",
    "「差分宇宙」中敵方掉落",
    "「模擬宇宙」中敵方掉落",
    "委託獎勵",
    "餘燼兌換",
    "「萬能合成機」- 材料置換",
    "擬造花萼（金）"
   ]
  },
  "29937571": {
   "id": 29937571,
   "type": 652,
   "purposeId": 2,
   "iconPath": "e914aa6c1c3cceed1fe5912f35f1d439d662aec5699654e8ff682bf2010c1c74",
   "name": "侵略凝塊",
   "desc": "黑潮造物的核心結晶，物理屬性角色的晉升素材。",
   "lore": "誠然，黑潮的擁護者們以千百種外觀示人，也定能靠晶體鑑認。但無人可知，狀似核心之物，實爲真正的「外殼」。<br /><br />「我看到了一片晶體的海洋，隨後便是醫師的欣慰笑容。」",
   "purpose": "角色晉階材料",
   "rarity": 4,
   "rewardPath": "/material/29937571",
   "comeFrom": [
    "凝滯虛影【「龍骸古城」斯緹科西亞】",
    "「萬能合成機」- 材料置換"
   ]
  }
 },
 "levelData": [
  {
   "attackBase": 81.84,
   "attackAdd": 4.092,
   "hpBase": 163.68,
   "hpAdd": 8.184,
   "defenseBase": 66,
   "defenseAdd": 3.3,
   "crate": 0.05,
   "cdmg": 0.5,
   "aggro": 100,
   "speedBase": 102,
   "speedAdd": 0,
   "promotion": 0,
   "maxLevel": 20,
   "cost": [
    {
     "id": 29328,
     "count": 4000
    },
    {
     "id": 20445700,
     "count": 5
    }
   ]
  },
  {
   "attackBase": 114.576,
   "attackAdd": 4.092,
   "hpBase": 229.152,
   "hpAdd": 8.184,
   "defenseBase": 92.4,
   "defenseAdd": 3.3,
   "crate": 0.05,
   "cdmg": 0.5,
   "aggro": 100,
   "speedBase": 102,
   "speedAdd": 0,
   "promotion": 1,
   "maxLevel": 30,
   "cost": [
    {
     "id": 29328,
     "count": 8000
    },
    {
     "id": 20445700,
     "count": 10
    }
   ]
  },
  {
   "attackBase": 147.312,
   "attackAdd": 4.092,
   "hpBase": 294.624,
   "hpAdd": 8.184,
   "defenseBase": 118.8,
   "defenseAdd": 3.3,
   "crate": 0.05,
   "cdmg": 0.5,
   "aggro": 100,
   "speedBase": 102,
   "speedAdd": 0,
   "promotion": 2,
   "maxLevel": 40,
   "cost": [
    {
     "id": 29328,
     "count": 16000
    },
    {
     "id": 20170864,
     "count": 6
    },
    {
     "id": 29937571,
     "count": 3
    }
   ]
  },
  {
   "attackBase": 180.048,
   "attackAdd": 4.092,
   "hpBase": 360.096,
   "hpAdd": 8.184,
   "defenseBase": 145.2,
   "defenseAdd": 3.3,
   "crate": 0.05,
   "cdmg": 0.5,
   "aggro": 100,
   "speedBase": 102,
   "speedAdd": 0,
   "promotion": 3,
   "maxLevel": 50,
   "cost": [
    {
     "id": 29328,
     "count": 40000
    },
    {
     "id": 20170864,
     "count": 9
    },
    {
     "id": 29937571,
     "count": 7
    }
   ]
  },
  {
   "attackBase": 212.784,
   "attackAdd": 4.092,
   "hpBase": 425.568,
   "hpAdd": 8.184,
   "defenseBase": 171.6,
   "defenseAdd": 3.3,
   "crate": 0.05,
   "cdmg": 0.5,
   "aggro": 100,
   "speedBase": 102,
   "speedAdd": 0,
   "promotion": 4,
   "maxLevel": 60,
   "cost": [
    {
     "id": 29328,
     "count": 80000
    },
    {
     "id": 20389475,
     "count": 6
    },
    {
     "id": 29937571,
     "count": 20
    }
   ]
  },
  {
   "attackBase": 245.52,
   "attackAdd": 4.092,
   "hpBase": 491.04,
   "hpAdd": 8.184,
   "defenseBase": 198,
   "defenseAdd": 3.3,
   "crate": 0.05,
   "cdmg": 0.5,
   "aggro": 100,
   "speedBase": 102,
   "speedAdd": 0,
   "promotion": 5,
   "maxLevel": 70,
   "cost": [
    {
     "id": 29328,
     "count": 160000
    },
    {
     "id": 20389475,
     "count": 9
    },
    {
     "id": 29937571,
     "count": 35
    }
   ]
  },
  {
   "attackBase": 278.256,
   "attackAdd": 4.092,
   "hpBase": 556.512,
   "hpAdd": 8.184,
   "defenseBase": 224.4,
   "defenseAdd": 3.3,
   "crate": 0.05,
   "cdmg": 0.5,
   "aggro": 100,
   "speedBase": 102,
   "speedAdd": 0,
   "promotion": 6,
   "maxLevel": 80,
   "cost": []
  }
 ],
 "ranks": [
  {
   "id": 1,
   "iconPath": "60bafad8c7ebf27fbc6eb8c9df1ab7c3248e5c56ee3b236b06180525b32e344a",
   "artPath": "e9a3a2913619b077eda8f6a1c644d8d58423dc824dae9d0e7ba18925800cd393",
   "name": "你問我心爲何悲傷",
   "descHash": "海瑟音在場時，我方目標造成的持續傷害爲原傷害的<nobr>#1[i]%</nobr>，當海瑟音通過天賦使敵人陷入風化/裂傷/灼燒/觸電狀態時，有<nobr>#2[i]%</nobr>的<u>基礎概率</u>額外使其陷入一次與原天賦效果相同，且可同時存在的風化/裂傷/灼燒/觸電狀態。",
   "params": [
    1.16,
    1
   ]
  },
  {
   "id": 2,
   "iconPath": "3789d0c5d7b41abf945ad1a581ab43f3d59a282af7bf6cad9ddf4b44686b555a",
   "artPath": "8968deb3b4c05dcdf0c46c0e1c71d41dcbe38b24041f02c7b72c69fe4bdbb96a",
   "name": "你說浪花爲何喧響",
   "descHash": "結界持續期間，行跡【珍珠的琴弦】的造成傷害提高效果對我方全體生效。",
   "params": []
  },
  {
   "id": 3,
   "iconPath": "37963709deea8752858fa827434088e59477852cb6baaec39b5251e6ec2bd185",
   "artPath": "51aa4a4ed4cf1a5a4c369b6131af464556564cfb6e1ddd1b974cb492883a5a24",
   "name": "可知燈火爲何遺忘",
   "descHash": "終結技等級+2，最多不超過<nobr>15</nobr>級；普攻等級+1，最多不超過<nobr>10</nobr>級。",
   "params": []
  },
  {
   "id": 4,
   "iconPath": "d0c64b48285bd0006489bc005ea7736f239d0625fb799ff86005ed49341ae0bc",
   "artPath": "f6157a60f3b31f1535348f05cec45ea625bb7e1f0d539b4b4bb884791e3a4179",
   "name": "看呀，時間爲何流淌",
   "descHash": "結界持續期間，使敵方全體全屬性抗性降低<nobr>#1[i]%</nobr>。",
   "params": [
    0.2
   ]
  },
  {
   "id": 5,
   "iconPath": "8d64d4e4f55b1d065dc79b114681260e1c723b2e20de14a901577d9550918435",
   "artPath": "670b5f30772b3d43ad267e2ae6fccde88b9b2138fc3749466e92d6db16ad184f",
   "name": "於梳洗中，我輕吟淺唱",
   "descHash": "戰技等級+2，最多不超過<nobr>15</nobr>級；天賦等級+2，最多不超過<nobr>15</nobr>級。",
   "params": []
  },
  {
   "id": 6,
   "iconPath": "64bbf71bf839ad49c600f998e67be5b042d271c3c8fa14be61a5781f899398ac",
   "artPath": "573d14f9d4a20d30030302e9a26fe3afca2507b415c674209b913f83302d295a",
   "name": "沉沒的你，何日返鄉",
   "descHash": "結界持續期間，每回合開始時或我方目標單次攻擊後，觸發海瑟音物理持續傷害效果的次數上限提高至<nobr>#1[i]</nobr>次，且造成的傷害倍率提高<nobr>#2[i]%</nobr>。",
   "params": [
    12,
    0.2
   ]
  }
 ],
 "skillGrouping": [
  [
   22370072
  ],
  [
   22086958
  ],
  [
   22475581
  ],
  [
   22192469
  ],
  [
   22427790
  ]
 ],
 "skills": [
  {
   "tagHash": "單攻",
   "descHash": "對指定敵方單體造成等同於海瑟音<span style=\"display: inline-block; color: #f29e38ff; font-weight:bold;\"><nobr>#1[i]%</nobr></span>攻擊力的<span style=\"color:#FFFFFF;\">物理</span>屬性傷害。",
   "ultimateCost": 0,
   "break": "30",
   "energy": "20",
   "id": 22370072,
   "name": "小調，止水中迴響",
   "iconPath": "1ba60e292e65a7134e7b3861e20e8ca1c833df31f7e85531a4b97cf86a914c3e",
   "typeDescHash": "普攻",
   "levelReq": 0,
   "promotionReq": 0,
   "levelData": [
    {
     "params": [
      0.5,
      1,
      3
     ],
     "level": 1,
     "levelReq": 0,
     "promotionReq": 0,
     "cost": []
    },
    {
     "params": [
      0.6,
      1,
      3
     ],
     "level": 2,
     "levelReq": 0,
     "promotionReq": 2,
     "cost": [
      {
       "id": 29328,
       "count": 5000
      },
      {
       "id": 874345,
       "count": 3
      },
      {
       "id": 20445700,
       "count": 6
      }
     ]
    },
    {
     "params": [
      0.7,
      1,
      3
     ],
     "level": 3,
     "levelReq": 0,
     "promotionReq": 3,
     "cost": [
      {
       "id": 29328,
       "count": 10000
      },
      {
       "id": 589818,
       "count": 3
      },
      {
       "id": 20170864,
       "count": 3
      }
     ]
    },
    {
     "params": [
      0.8,
      1,
      3
     ],
     "level": 4,
     "levelReq": 0,
     "promotionReq": 4,
     "cost": [
      {
       "id": 29328,
       "count": 20000
      },
      {
       "id": 589818,
       "count": 5
      },
      {
       "id": 20170864,
       "count": 4
      }
     ]
    },
    {
     "params": [
      0.9,
      1,
      3
     ],
     "level": 5,
     "levelReq": 0,
     "promotionReq": 5,
     "cost": [
      {
       "id": 29328,
       "count": 45000
      },
      {
       "id": 673759,
       "count": 3
      },
      {
       "id": 20389475,
       "count": 3
      }
     ]
    },
    {
     "params": [
      1,
      1,
      3
     ],
     "level": 6,
     "levelReq": 0,
     "promotionReq": 6,
     "cost": [
      {
       "id": 29328,
       "count": 160000
      },
      {
       "id": 673759,
       "count": 8
      },
      {
       "id": 20389475,
       "count": 4
      }
     ]
    },
    {
     "params": [
      1.1,
      1,
      3
     ],
     "level": 7,
     "levelReq": 0,
     "promotionReq": 0,
     "cost": []
    },
    {
     "params": [
      1.2,
      1,
      3
     ],
     "level": 8,
     "levelReq": 0,
     "promotionReq": 0,
     "cost": []
    },
    {
     "params": [
      1.3,
      1,
      3
     ],
     "level": 9,
     "levelReq": 0,
     "promotionReq": 0,
     "cost": []
    },
    {
     "params": [
      1.4,
      1,
      3
     ],
     "level": 10,
     "levelReq": 0,
     "promotionReq": 0,
     "cost": []
    }
   ]
  },
  {
   "tagHash": "羣攻",
   "descHash": "有<nobr>#2[i]%</nobr>的<u>基礎概率</u>使敵方全體受到的傷害提高<span style=\"display: inline-block; color: #f29e38ff; font-weight:bold;\"><nobr>#3[i]%</nobr></span>，持續<nobr>#4[i]</nobr>回合，同時對敵方全體造成等同於海瑟音<span style=\"display: inline-block; color: #f29e38ff; font-weight:bold;\"><nobr>#1[i]%</nobr></span>攻擊力的<span style=\"color:#FFFFFF;\">物理</span>屬性傷害。",
   "ultimateCost": 0,
   "break": "30/hit",
   "energy": "30",
   "id": 22086958,
   "name": "泛音，暗流後齊鳴",
   "iconPath": "8d64d4e4f55b1d065dc79b114681260e1c723b2e20de14a901577d9550918435",
   "typeDescHash": "戰技",
   "levelReq": 0,
   "promotionReq": 0,
   "levelData": [
    {
     "params": [
      0.7,
      1,
      0.1,
      3
     ],
     "level": 1,
     "levelReq": 0,
     "promotionReq": 0,
     "cost": []
    },
    {
     "params": [
      0.77,
      1,
      0.11,
      3
     ],
     "level": 2,
     "levelReq": 0,
     "promotionReq": 1,
     "cost": [
      {
       "id": 29328,
       "count": 2500
      },
      {
       "id": 20445700,
       "count": 3
      }
     ]
    },
    {
     "params": [
      0.84,
      1,
      0.12,
      3
     ],
     "level": 3,
     "levelReq": 0,
     "promotionReq": 2,
     "cost": [
      {
       "id": 29328,
       "count": 5000
      },
      {
       "id": 874345,
       "count": 3
      },
      {
       "id": 20445700,
       "count": 6
      }
     ]
    },
    {
     "params": [
      0.91,
      1,
      0.13,
      3
     ],
     "level": 4,
     "levelReq": 0,
     "promotionReq": 3,
     "cost": [
      {
       "id": 29328,
       "count": 10000
      },
      {
       "id": 589818,
       "count": 3
      },
      {
       "id": 20170864,
       "count": 3
      }
     ]
    },
    {
     "params": [
      0.98,
      1,
      0.14,
      3
     ],
     "level": 5,
     "levelReq": 0,
     "promotionReq": 4,
     "cost": [
      {
       "id": 29328,
       "count": 20000
      },
      {
       "id": 589818,
       "count": 5
      },
      {
       "id": 20170864,
       "count": 4
      }
     ]
    },
    {
     "params": [
      1.05,
      1,
      0.15,
      3
     ],
     "level": 6,
     "levelReq": 0,
     "promotionReq": 4,
     "cost": [
      {
       "id": 29328,
       "count": 30000
      },
      {
       "id": 589818,
       "count": 7
      },
      {
       "id": 20170864,
       "count": 6
      }
     ]
    },
    {
     "params": [
      1.1375,
      1,
      0.1625,
      3
     ],
     "level": 7,
     "levelReq": 0,
     "promotionReq": 5,
     "cost": [
      {
       "id": 29328,
       "count": 45000
      },
      {
       "id": 673759,
       "count": 3
      },
      {
       "id": 20389475,
       "count": 3
      }
     ]
    },
    {
     "params": [
      1.225,
      1,
      0.175,
      3
     ],
     "level": 8,
     "levelReq": 0,
     "promotionReq": 5,
     "cost": [
      {
       "id": 29328,
       "count": 80000
      },
      {
       "id": 673759,
       "count": 5
      },
      {
       "id": 554722,
       "count": 1
      },
      {
       "id": 20389475,
       "count": 4
      }
     ]
    },
    {
     "params": [
      1.3125,
      1,
      0.1875,
      3
     ],
     "level": 9,
     "levelReq": 0,
     "promotionReq": 6,
     "cost": [
      {
       "id": 29328,
       "count": 160000
      },
      {
       "id": 673759,
       "count": 8
      },
      {
       "id": 125435,
       "count": 1
      },
      {
       "id": 554722,
       "count": 1
      }
     ]
    },
    {
     "params": [
      1.4,
      1,
      0.2,
      3
     ],
     "level": 10,
     "levelReq": 0,
     "promotionReq": 6,
     "cost": [
      {
       "id": 29328,
       "count": 300000
      },
      {
       "id": 673759,
       "count": 14
      },
      {
       "id": 125435,
       "count": 1
      },
      {
       "id": 554722,
       "count": 1
      }
     ]
    },
    {
     "params": [
      1.47,
      1,
      0.21,
      3
     ],
     "level": 11,
     "levelReq": 0,
     "promotionReq": 0,
     "cost": []
    },
    {
     "params": [
      1.54,
      1,
      0.22,
      3
     ],
     "level": 12,
     "levelReq": 0,
     "promotionReq": 0,
     "cost": []
    },
    {
     "params": [
      1.61,
      1,
      0.23,
      3
     ],
     "level": 13,
     "levelReq": 0,
     "promotionReq": 0,
     "cost": []
    },
    {
     "params": [
      1.68,
      1,
      0.24,
      3
     ],
     "level": 14,
     "levelReq": 0,
     "promotionReq": 0,
     "cost": []
    },
    {
     "params": [
      1.75,
      1,
      0.25,
      3
     ],
     "level": 15,
     "levelReq": 0,
     "promotionReq": 0,
     "cost": []
    }
   ]
  },
  {
   "tagHash": "羣攻",
   "descHash": "海瑟音展開結界，使敵方目標攻擊力降低<nobr>#6[f1]%</nobr>，防禦力降低<span style=\"display: inline-block; color: #f29e38ff; font-weight:bold;\"><nobr>#3[f1]%</nobr></span>，對敵方全體造成等同於海瑟音<span style=\"display: inline-block; color: #f29e38ff; font-weight:bold;\"><nobr>#1[i]%</nobr></span>攻擊力的<span style=\"color:#FFFFFF;\">物理</span>屬性傷害。<br />處於結界中的敵方目標每受到1次持續傷害，海瑟音對其造成等同於自身<span style=\"display: inline-block; color: #f29e38ff; font-weight:bold;\"><nobr>#4[f1]%</nobr></span>攻擊力的<span style=\"color:#FFFFFF;\">物理</span>屬性持續傷害，該傷害在每回合開始時或我方目標單次攻擊後觸發，且最多觸發<nobr>#5[i]</nobr>次。該傷害不會重複觸發此效果。<br />結界持續<nobr>#2[i]</nobr>回合，自身每回合開始時結界持續回合數減1。當海瑟音陷入<u>無法戰鬥狀態</u>時，結界也會被解除。",
   "ultimateCost": 110,
   "break": "60/hit",
   "energy": "5",
   "id": 22475581,
   "name": "絕海回濤，噬魂舞曲",
   "iconPath": "2fe3d01998331b2ff0ce6646fd1e235b143ae03200c829895f5ef65d2d4341c9",
   "typeDescHash": "終結技",
   "levelReq": 0,
   "promotionReq": 0,
   "levelData": [
    {
     "params": [
      1.2,
      3,
      0.15,
      0.32,
      8,
      0.15
     ],
     "level": 1,
     "levelReq": 0,
     "promotionReq": 0,
     "cost": []
    },
    {
     "params": [
      1.28,
      3,
      0.16,
      0.3728,
      8,
      0.15
     ],
     "level": 2,
     "levelReq": 0,
     "promotionReq": 1,
     "cost": [
      {
       "id": 29328,
       "count": 2500
      },
      {
       "id": 20445700,
       "count": 3
      }
     ]
    },
    {
     "params": [
      1.36,
      3,
      0.17,
      0.4256,
      8,
      0.15
     ],
     "level": 3,
     "levelReq": 0,
     "promotionReq": 2,
     "cost": [
      {
       "id": 29328,
       "count": 5000
      },
      {
       "id": 874345,
       "count": 3
      },
      {
       "id": 20445700,
       "count": 6
      }
     ]
    },
    {
     "params": [
      1.44,
      3,
      0.18,
      0.4784,
      8,
      0.15
     ],
     "level": 4,
     "levelReq": 0,
     "promotionReq": 3,
     "cost": [
      {
       "id": 29328,
       "count": 10000
      },
      {
       "id": 589818,
       "count": 3
      },
      {
       "id": 20170864,
       "count": 3
      }
     ]
    },
    {
     "params": [
      1.52,
      3,
      0.19,
      0.5312,
      8,
      0.15
     ],
     "level": 5,
     "levelReq": 0,
     "promotionReq": 4,
     "cost": [
      {
       "id": 29328,
       "count": 20000
      },
      {
       "id": 589818,
       "count": 5
      },
      {
       "id": 20170864,
       "count": 4
      }
     ]
    },
    {
     "params": [
      1.6,
      3,
      0.2,
      0.584,
      8,
      0.15
     ],
     "level": 6,
     "levelReq": 0,
     "promotionReq": 4,
     "cost": [
      {
       "id": 29328,
       "count": 30000
      },
      {
       "id": 589818,
       "count": 7
      },
      {
       "id": 20170864,
       "count": 6
      }
     ]
    },
    {
     "params": [
      1.7,
      3,
      0.2125,
      0.632,
      8,
      0.15
     ],
     "level": 7,
     "levelReq": 0,
     "promotionReq": 5,
     "cost": [
      {
       "id": 29328,
       "count": 45000
      },
      {
       "id": 673759,
       "count": 3
      },
      {
       "id": 20389475,
       "count": 3
      }
     ]
    },
    {
     "params": [
      1.8,
      3,
      0.225,
      0.68,
      8,
      0.15
     ],
     "level": 8,
     "levelReq": 0,
     "promotionReq": 5,
     "cost": [
      {
       "id": 29328,
       "count": 80000
      },
      {
       "id": 673759,
       "count": 5
      },
      {
       "id": 554722,
       "count": 1
      },
      {
       "id": 20389475,
       "count": 4
      }
     ]
    },
    {
     "params": [
      1.9,
      3,
      0.2375,
      0.74,
      8,
      0.15
     ],
     "level": 9,
     "levelReq": 0,
     "promotionReq": 6,
     "cost": [
      {
       "id": 29328,
       "count": 160000
      },
      {
       "id": 673759,
       "count": 8
      },
      {
       "id": 125435,
       "count": 1
      },
      {
       "id": 554722,
       "count": 1
      }
     ]
    },
    {
     "params": [
      2,
      3,
      0.25,
      0.8,
      8,
      0.15
     ],
     "level": 10,
     "levelReq": 0,
     "promotionReq": 6,
     "cost": [
      {
       "id": 29328,
       "count": 300000
      },
      {
       "id": 673759,
       "count": 14
      },
      {
       "id": 125435,
       "count": 1
      },
      {
       "id": 554722,
       "count": 1
      }
     ]
    },
    {
     "params": [
      2.08,
      3,
      0.26,
      0.84,
      8,
      0.15
     ],
     "level": 11,
     "levelReq": 0,
     "promotionReq": 0,
     "cost": []
    },
    {
     "params": [
      2.16,
      3,
      0.27,
      0.88,
      8,
      0.15
     ],
     "level": 12,
     "levelReq": 0,
     "promotionReq": 0,
     "cost": []
    },
    {
     "params": [
      2.24,
      3,
      0.28,
      0.92,
      8,
      0.15
     ],
     "level": 13,
     "levelReq": 0,
     "promotionReq": 0,
     "cost": []
    },
    {
     "params": [
      2.32,
      3,
      0.29,
      0.96,
      8,
      0.15
     ],
     "level": 14,
     "levelReq": 0,
     "promotionReq": 0,
     "cost": []
    },
    {
     "params": [
      2.4,
      3,
      0.3,
      1,
      8,
      0.15
     ],
     "level": 15,
     "levelReq": 0,
     "promotionReq": 0,
     "cost": []
    }
   ]
  },
  {
   "tagHash": "妨害",
   "descHash": "我方目標攻擊時，海瑟音有<nobr>#1[i]%</nobr>的<u>基礎概率</u>使被擊中的敵方目標陷入<span style=\"color:#00FF9C;\">風</span>化/裂傷/灼燒/觸電其中1種狀態，且會優先陷入不同的狀態。<br /><span style=\"color:#00FF9C;\">風</span>化/灼燒/觸電狀態下，敵方目標每回合開始時受到等同於海瑟音<span style=\"display: inline-block; color: #f29e38ff; font-weight:bold;\"><nobr>#2[f1]%</nobr></span>攻擊力的<span style=\"color:#00FF9C;\">風</span>/<span style=\"color:#F84F36;\">火</span>/<span style=\"color:#c75de2;\">雷</span>屬性的持續傷害，持續<nobr>#5[i]</nobr>回合。<br />裂傷狀態下，敵方目標每回合開始時受到等同於自身<nobr>#3[f1]%</nobr>生命上限的<span style=\"color:#FFFFFF;\">物理</span>屬性持續傷害，最多不超過海瑟音攻擊力的<span style=\"display: inline-block; color: #f29e38ff; font-weight:bold;\"><nobr>#4[f1]%</nobr></span>，持續<nobr>#5[i]</nobr>回合。",
   "ultimateCost": 0,
   "break": "0",
   "energy": "0",
   "id": 22192469,
   "name": "海妖在歡唱",
   "iconPath": "91baff35b27a9b0413693eee3fb3c07e9c85b90e50c1e10aa035ce4e0fb414d4",
   "typeDescHash": "天賦",
   "levelReq": 0,
   "promotionReq": 0,
   "levelData": [
    {
     "params": [
      1,
      0.1,
      0.2,
      0.1,
      2
     ],
     "level": 1,
     "levelReq": 0,
     "promotionReq": 0,
     "cost": []
    },
    {
     "params": [
      1,
      0.1165,
      0.2,
      0.1165,
      2
     ],
     "level": 2,
     "levelReq": 0,
     "promotionReq": 1,
     "cost": [
      {
       "id": 29328,
       "count": 2500
      },
      {
       "id": 20445700,
       "count": 3
      }
     ]
    },
    {
     "params": [
      1,
      0.133,
      0.2,
      0.133,
      2
     ],
     "level": 3,
     "levelReq": 0,
     "promotionReq": 2,
     "cost": [
      {
       "id": 29328,
       "count": 5000
      },
      {
       "id": 874345,
       "count": 3
      },
      {
       "id": 20445700,
       "count": 6
      }
     ]
    },
    {
     "params": [
      1,
      0.1495,
      0.2,
      0.1495,
      2
     ],
     "level": 4,
     "levelReq": 0,
     "promotionReq": 3,
     "cost": [
      {
       "id": 29328,
       "count": 10000
      },
      {
       "id": 589818,
       "count": 3
      },
      {
       "id": 20170864,
       "count": 3
      }
     ]
    },
    {
     "params": [
      1,
      0.166,
      0.2,
      0.166,
      2
     ],
     "level": 5,
     "levelReq": 0,
     "promotionReq": 4,
     "cost": [
      {
       "id": 29328,
       "count": 20000
      },
      {
       "id": 589818,
       "count": 5
      },
      {
       "id": 20170864,
       "count": 4
      }
     ]
    },
    {
     "params": [
      1,
      0.1825,
      0.2,
      0.1825,
      2
     ],
     "level": 6,
     "levelReq": 0,
     "promotionReq": 4,
     "cost": [
      {
       "id": 29328,
       "count": 30000
      },
      {
       "id": 589818,
       "count": 7
      },
      {
       "id": 20170864,
       "count": 6
      }
     ]
    },
    {
     "params": [
      1,
      0.1975,
      0.2,
      0.1975,
      2
     ],
     "level": 7,
     "levelReq": 0,
     "promotionReq": 5,
     "cost": [
      {
       "id": 29328,
       "count": 45000
      },
      {
       "id": 673759,
       "count": 3
      },
      {
       "id": 20389475,
       "count": 3
      }
     ]
    },
    {
     "params": [
      1,
      0.2125,
      0.2,
      0.2125,
      2
     ],
     "level": 8,
     "levelReq": 0,
     "promotionReq": 5,
     "cost": [
      {
       "id": 29328,
       "count": 80000
      },
      {
       "id": 673759,
       "count": 5
      },
      {
       "id": 554722,
       "count": 1
      },
      {
       "id": 20389475,
       "count": 4
      }
     ]
    },
    {
     "params": [
      1,
      0.23125,
      0.2,
      0.23125,
      2
     ],
     "level": 9,
     "levelReq": 0,
     "promotionReq": 6,
     "cost": [
      {
       "id": 29328,
       "count": 160000
      },
      {
       "id": 673759,
       "count": 8
      },
      {
       "id": 125435,
       "count": 1
      },
      {
       "id": 554722,
       "count": 1
      }
     ]
    },
    {
     "params": [
      1,
      0.25,
      0.2,
      0.25,
      2
     ],
     "level": 10,
     "levelReq": 0,
     "promotionReq": 6,
     "cost": [
      {
       "id": 29328,
       "count": 300000
      },
      {
       "id": 673759,
       "count": 14
      },
      {
       "id": 125435,
       "count": 1
      },
      {
       "id": 554722,
       "count": 1
      }
     ]
    },
    {
     "params": [
      1,
      0.2625,
      0.2,
      0.2625,
      2
     ],
     "level": 11,
     "levelReq": 0,
     "promotionReq": 0,
     "cost": []
    },
    {
     "params": [
      1,
      0.275,
      0.2,
      0.275,
      2
     ],
     "level": 12,
     "levelReq": 0,
     "promotionReq": 0,
     "cost": []
    },
    {
     "params": [
      1,
      0.2875,
      0.2,
      0.2875,
      2
     ],
     "level": 13,
     "levelReq": 0,
     "promotionReq": 0,
     "cost": []
    },
    {
     "params": [
      1,
      0.3,
      0.2,
      0.3,
      2
     ],
     "level": 14,
     "levelReq": 0,
     "promotionReq": 0,
     "cost": []
    },
    {
     "params": [
      1,
      0.3125,
      0.2,
      0.3125,
      2
     ],
     "level": 15,
     "levelReq": 0,
     "promotionReq": 0,
     "cost": []
    }
   ]
  },
  {
   "tagHash": "",
   "descHash": "攻擊敵人，進入戰鬥後削弱敵方目標對應屬性韌性。",
   "ultimateCost": 0,
   "break": "30",
   "energy": "0",
   "id": 22170992,
   "name": "攻擊",
   "iconPath": "1ba60e292e65a7134e7b3861e20e8ca1c833df31f7e85531a4b97cf86a914c3e",
   "typeDescHash": "",
   "levelReq": 0,
   "promotionReq": 0,
   "levelData": [
    {
     "params": [],
     "level": 1,
     "levelReq": 0,
     "promotionReq": 0,
     "cost": []
    }
   ]
  },
  {
   "tagHash": "妨害",
   "descHash": "使用祕技後，製造一個持續<nobr>#1[i]</nobr>秒並自動向前移動的特殊領域，處於特殊領域內的敵人陷入【醉心】狀態。【醉心】狀態下的敵人不會對我方目標發動攻擊，且在領域持續期間跟隨領域。<br />與處於【醉心】狀態下的敵人進入戰鬥後，有<nobr>#2[i]%</nobr>的<u>基礎概率</u>使敵方每個單體目標陷入與海瑟音天賦效果相同的<span style=\"color:#00FF9C;\">風</span>化/裂傷/灼燒/觸電其中<nobr>#3[i]</nobr>種狀態。我方製造的領域效果最多存在1個。",
   "ultimateCost": 0,
   "break": "0",
   "energy": "0",
   "id": 22427790,
   "name": "於海的棲息地",
   "iconPath": "766ba9864e9845f142e534e4e3c0b0e3bb9ae8e961f021cd5ca1c90839df822d",
   "typeDescHash": "祕技",
   "levelReq": 0,
   "promotionReq": 0,
   "levelData": [
    {
     "params": [
      20,
      1,
      2
     ],
     "level": 1,
     "levelReq": 0,
     "promotionReq": 0,
     "cost": []
    }
   ]
  }
 ],
 "skillTreePoints": [
  {
   "id": 1410101,
   "anchor": 6,
   "type": 1,
   "children": [
    {
     "id": 1410202,
     "anchor": 10,
     "type": 2,
     "children": [
      {
       "id": 1410203,
       "anchor": 11,
       "type": 2,
       "children": [
        {
         "id": 1410204,
         "anchor": 12,
         "type": 2,
         "children": [],
         "enhanceId": 0,
         "embedBuff": {
          "id": 27788054,
          "name": "效果命中強化",
          "levelReq": 0,
          "promotionReq": 3,
          "iconPath": "16e46edec660d897581a1ee77b95e61bafbc7a669f7e88ab6d27b9f23fa4bd49",
          "statusList": [
           {
            "key": "效果命中",
            "value": 0.04
           }
          ],
          "cost": [
           {
            "id": 29328,
            "count": 10000
           },
           {
            "id": 589818,
            "count": 3
           },
           {
            "id": 20170864,
            "count": 3
           }
          ]
         }
        }
       ],
       "enhanceId": 0,
       "embedBuff": {
        "id": 28063100,
        "name": "速度強化",
        "levelReq": 0,
        "promotionReq": 3,
        "iconPath": "959ebc55a284ac83b29de4d97b3422772e372e53ff820bc9af972e0201aabe98",
        "statusList": [
         {
          "key": "速度",
          "value": 2,
          "int": true
         }
        ],
        "cost": [
         {
          "id": 29328,
          "count": 10000
         },
         {
          "id": 589818,
          "count": 3
         },
         {
          "id": 20170864,
          "count": 3
         }
        ]
       }
      }
     ],
     "enhanceId": 0,
     "embedBuff": {
      "id": 27813711,
      "name": "攻擊強化",
      "levelReq": 0,
      "promotionReq": 2,
      "iconPath": "2d1ce81848ae3af0e819f7f98badde6930dd127f20a6d2686eb806bc963989d5",
      "statusList": [
       {
        "key": "攻擊力",
        "value": 0.04
       }
      ],
      "cost": [
       {
        "id": 29328,
        "count": 5000
       },
       {
        "id": 874345,
        "count": 3
       },
       {
        "id": 20445700,
        "count": 6
       }
      ]
     }
    }
   ],
   "enhanceId": 0,
   "embedBonusSkill": {
    "descHash": "戰鬥開始時，海瑟音展開與終結技效果相同的結界，結界持續<nobr>#1[i]</nobr>回合。每當海瑟音展開結界時，恢復<nobr>#2[i]</nobr>個戰技點。",
    "ultimateCost": 0,
    "id": 27916308,
    "name": "徵服的劍旗",
    "iconPath": "0f46c1bec6964945ae5c210d6b91b6bb4cd1917bc4ee3f7a9bb0c20b0cfe08f1",
    "levelReq": 0,
    "promotionReq": 2,
    "levelData": [
     {
      "params": [
       3,
       1
      ],
      "level": 1,
      "levelReq": 0,
      "promotionReq": 2,
      "cost": [
       {
        "id": 29328,
        "count": 5000
       },
       {
        "id": 874345,
        "count": 3
       },
       {
        "id": 554722,
        "count": 1
       }
      ]
     }
    ]
   }
  },
  {
   "id": 1410102,
   "anchor": 7,
   "type": 1,
   "children": [
    {
     "id": 1410205,
     "anchor": 13,
     "type": 2,
     "children": [
      {
       "id": 1410206,
       "anchor": 14,
       "type": 2,
       "children": [
        {
         "id": 1410207,
         "anchor": 15,
         "type": 2,
         "children": [],
         "enhanceId": 0,
         "embedBuff": {
          "id": 28020013,
          "name": "速度強化",
          "levelReq": 0,
          "promotionReq": 5,
          "iconPath": "959ebc55a284ac83b29de4d97b3422772e372e53ff820bc9af972e0201aabe98",
          "statusList": [
           {
            "key": "速度",
            "value": 3,
            "int": true
           }
          ],
          "cost": [
           {
            "id": 29328,
            "count": 45000
           },
           {
            "id": 673759,
            "count": 3
           },
           {
            "id": 20389475,
            "count": 3
           }
          ]
         }
        }
       ],
       "enhanceId": 0,
       "embedBuff": {
        "id": 28294961,
        "name": "攻擊強化",
        "levelReq": 0,
        "promotionReq": 5,
        "iconPath": "2d1ce81848ae3af0e819f7f98badde6930dd127f20a6d2686eb806bc963989d5",
        "statusList": [
         {
          "key": "攻擊力",
          "value": 0.06
         }
        ],
        "cost": [
         {
          "id": 29328,
          "count": 45000
         },
         {
          "id": 673759,
          "count": 3
         },
         {
          "id": 20389475,
          "count": 3
         }
        ]
       }
      }
     ],
     "enhanceId": 0,
     "embedBuff": {
      "id": 28037376,
      "name": "速度強化",
      "levelReq": 0,
      "promotionReq": 4,
      "iconPath": "959ebc55a284ac83b29de4d97b3422772e372e53ff820bc9af972e0201aabe98",
      "statusList": [
       {
        "key": "速度",
        "value": 3,
        "int": true
       }
      ],
      "cost": [
       {
        "id": 29328,
        "count": 20000
       },
       {
        "id": 589818,
        "count": 5
       },
       {
        "id": 20170864,
        "count": 4
       }
      ]
     }
    }
   ],
   "enhanceId": 0,
   "embedBonusSkill": {
    "descHash": "海瑟音施放終結技時，若敵方目標處於持續傷害狀態，使其當前承受的所有持續傷害立即產生相當於原傷害<nobr>#1[i]%</nobr>的傷害。",
    "ultimateCost": 0,
    "id": 28124792,
    "name": "盛會的泡沫",
    "iconPath": "887d483764152340ba266e155f5a630d0b1de10e808a55db878fafd98e35fbe3",
    "levelReq": 0,
    "promotionReq": 4,
    "levelData": [
     {
      "params": [
       1.5
      ],
      "level": 1,
      "levelReq": 0,
      "promotionReq": 4,
      "cost": [
       {
        "id": 29328,
        "count": 20000
       },
       {
        "id": 589818,
        "count": 5
       },
       {
        "id": 125435,
        "count": 1
       },
       {
        "id": 554722,
        "count": 1
       }
      ]
     }
    ]
   }
  },
  {
   "id": 1410103,
   "anchor": 8,
   "type": 1,
   "children": [
    {
     "id": 1410208,
     "anchor": 16,
     "type": 2,
     "children": [],
     "enhanceId": 0,
     "embedBuff": {
      "id": 28269525,
      "name": "效果命中強化",
      "levelReq": 0,
      "promotionReq": 6,
      "iconPath": "16e46edec660d897581a1ee77b95e61bafbc7a669f7e88ab6d27b9f23fa4bd49",
      "statusList": [
       {
        "key": "效果命中",
        "value": 0.06
       }
      ],
      "cost": [
       {
        "id": 29328,
        "count": 160000
       },
       {
        "id": 673759,
        "count": 8
       },
       {
        "id": 20389475,
        "count": 8
       }
      ]
     }
    },
    {
     "id": 1410209,
     "anchor": 17,
     "type": 2,
     "children": [],
     "enhanceId": 0,
     "embedBuff": {
      "id": 27994566,
      "name": "攻擊強化",
      "levelReq": 75,
      "promotionReq": 0,
      "iconPath": "2d1ce81848ae3af0e819f7f98badde6930dd127f20a6d2686eb806bc963989d5",
      "statusList": [
       {
        "key": "攻擊力",
        "value": 0.08
       }
      ],
      "cost": [
       {
        "id": 29328,
        "count": 160000
       },
       {
        "id": 673759,
        "count": 8
       },
       {
        "id": 20389475,
        "count": 8
       }
      ]
     }
    }
   ],
   "enhanceId": 0,
   "embedBonusSkill": {
    "descHash": "若海瑟音的效果命中高於<nobr>#1[i]%</nobr>，每超過<nobr>#2[i]%</nobr>可使自身造成的傷害提高<nobr>#3[i]%</nobr>，最多提高<nobr>#4[i]%</nobr>。",
    "ultimateCost": 0,
    "id": 27874380,
    "name": "珍珠的琴弦",
    "iconPath": "d82291ae06c5205757f1d0cfed3b4cd70fc10766a5bda8d9177898d2883ede4d",
    "levelReq": 0,
    "promotionReq": 6,
    "levelData": [
     {
      "params": [
       0.6,
       0.1,
       0.15,
       0.9
      ],
      "level": 1,
      "levelReq": 0,
      "promotionReq": 6,
      "cost": [
       {
        "id": 29328,
        "count": 160000
       },
       {
        "id": 673759,
        "count": 8
       },
       {
        "id": 125435,
        "count": 1
       },
       {
        "id": 554722,
        "count": 1
       }
      ]
     }
    ]
   }
  },
  {
   "id": 1410201,
   "anchor": 9,
   "type": 2,
   "children": [
    {
     "id": 1410210,
     "anchor": 18,
     "type": 2,
     "children": [],
     "enhanceId": 0,
     "embedBuff": {
      "id": 11462769,
      "name": "速度強化",
      "levelReq": 80,
      "promotionReq": 0,
      "iconPath": "959ebc55a284ac83b29de4d97b3422772e372e53ff820bc9af972e0201aabe98",
      "statusList": [
       {
        "key": "速度",
        "value": 4,
        "int": true
       }
      ],
      "cost": [
       {
        "id": 29328,
        "count": 160000
       },
       {
        "id": 673759,
        "count": 8
       },
       {
        "id": 20389475,
        "count": 8
       }
      ]
     }
    }
   ],
   "enhanceId": 0,
   "embedBuff": {
    "id": 28088667,
    "name": "速度強化",
    "levelReq": 1,
    "promotionReq": 0,
    "iconPath": "959ebc55a284ac83b29de4d97b3422772e372e53ff820bc9af972e0201aabe98",
    "statusList": [
     {
      "key": "速度",
      "value": 2,
      "int": true
     }
    ],
    "cost": [
     {
      "id": 29328,
      "count": 2500
     },
     {
      "id": 20445700,
      "count": 2
     }
    ]
   }
  }
 ],
 "relicRecommend": {
  "twoPcSets": [],
  "fourPcSets": [],
  "props": []
 },
 "voiceItems": [
  {
   "id": 1,
   "title": "初次見面",
   "text": "海列屈拉？那個名字早已隨往日沉入了深海…原來是你，灰色的小魚苗…還是叫我海瑟音吧。作爲聖城的騎士統領，我會駐守於此，絕不允許命運的亂流擾亂你的視線。",
   "unlockRequirement": "",
   "cnUrl": "",
   "jpUrl": "",
   "enUrl": "",
   "krUrl": ""
  },
  {
   "id": 2,
   "title": "問候",
   "text": "盛宴在即，想來共演一曲麼？",
   "unlockRequirement": "",
   "cnUrl": "",
   "jpUrl": "",
   "enUrl": "",
   "krUrl": ""
  },
  {
   "id": 3,
   "title": "道別",
   "text": "人世如海，記得別被咬人的浪尾追上了，更別丟了方向。",
   "unlockRequirement": "",
   "cnUrl": "",
   "jpUrl": "",
   "enUrl": "",
   "krUrl": ""
  },
  {
   "id": 4,
   "title": "關於自己•過去",
   "text": "被黑潮吞噬的劇場中，一場獨奏持續了數百年之久…只是待到落幕，只剩下滿地的骸骨，與仍在哀嘆的浪潮。",
   "unlockRequirement": "",
   "cnUrl": "",
   "jpUrl": "",
   "enUrl": "",
   "krUrl": ""
  },
  {
   "id": 5,
   "title": "關於自己•現在",
   "text": "我循着一盞最明亮、最灼熱的燈火，一路遊到了聖城。逐火的王要我成爲劍旗，而我也在尋找揮劍的方向——無論是向那迷離的泡沫，還是攪擾我們歡宴的雜音。",
   "unlockRequirement": "",
   "cnUrl": "",
   "jpUrl": "",
   "enUrl": "",
   "krUrl": ""
  },
  {
   "id": 6,
   "title": "閒談•劍與琴",
   "text": "很久之前，我以海螺與珠貝精心打造了提琴。歷經數次浴血，它變成了這般鋒利的模樣。如今，即便沒有琴弦，灑血的悲鳴與潮汐的湧動已足以交織成悅耳的篇章。",
   "unlockRequirement": "",
   "cnUrl": "",
   "jpUrl": "",
   "enUrl": "",
   "krUrl": ""
  },
  {
   "id": 7,
   "title": "閒談•鯨歌",
   "text": "有些鯨魚的歌聲，終其一生無法被同類聽見…但它們的心跳，卻比尋常更爲熾熱。",
   "unlockRequirement": "",
   "cnUrl": "",
   "jpUrl": "",
   "enUrl": "",
   "krUrl": ""
  },
  {
   "id": 8,
   "title": "閒談•沉默",
   "text": "那些多嘴的蝦蟹們偶爾會對我的沉默表示不滿。但我更愛用琴「訴說」…不必害怕，除去生命臨終的悲鳴，我更願奏響凱旋的樂章。",
   "unlockRequirement": "",
   "cnUrl": "",
   "jpUrl": "",
   "enUrl": "",
   "krUrl": ""
  },
  {
   "id": 9,
   "title": "愛好•泡泡",
   "text": "當陽光照進海面，繞着光柱追逐那些五彩斑斕的水泡——那是海洋尚且清澈時，我們最喜歡的遊戲。",
   "unlockRequirement": "",
   "cnUrl": "",
   "jpUrl": "",
   "enUrl": "",
   "krUrl": ""
  },
  {
   "id": 10,
   "title": "愛好",
   "text": "深海裂谷的千年蜜釀，淺酌一口便會沉醉，仿佛融化于洋流之中…地上的汁水確實稍遜一籌，大抵千杯，方能捕捉到一絲相似的體驗。",
   "unlockRequirement": "",
   "cnUrl": "",
   "jpUrl": "",
   "enUrl": "",
   "krUrl": ""
  },
  {
   "id": 11,
   "title": "煩惱",
   "text": "生命本如泡沫，何不趁早在宴會上盡情舉杯呢？",
   "unlockRequirement": "",
   "cnUrl": "",
   "jpUrl": "",
   "enUrl": "",
   "krUrl": ""
  },
  {
   "id": 12,
   "title": "分享",
   "text": "法吉娜唯一懼怕之事，便是那空無一物的寂寞。所以它成爲一切江河的母親、一切蜜釀的製造者、一切歡宴的主人，就像一尾孤浪永遠無法拒絕與海水相伴…人類，也一樣吧？",
   "unlockRequirement": "",
   "cnUrl": "",
   "jpUrl": "",
   "enUrl": "",
   "krUrl": ""
  },
  {
   "id": 13,
   "title": "見聞",
   "text": "隱匿在水面之下的國度曾爲世界背負了最初的黑潮，但海妖們得到的許諾已和浪濤一同逝去。縱然明天虛假，卻依舊醉人。",
   "unlockRequirement": "",
   "cnUrl": "",
   "jpUrl": "",
   "enUrl": "",
   "krUrl": ""
  },
  {
   "id": 14,
   "title": "關於開拓者",
   "text": "灰色的小魚苗，想必有許多人願意圍繞在你身邊吧？你遊動時的尾流如此獨特，仿佛讓人回到港灣般溫暖，又如登上島嶼般輕鬆。",
   "unlockRequirement": "",
   "cnUrl": "",
   "jpUrl": "",
   "enUrl": "",
   "krUrl": ""
  },
  {
   "id": 15,
   "title": "關於刻律德菈",
   "text": "我曾見過的君主，大多擅在酒杯裏下蠱，但凱撒則選擇在王旗上澆油。那面燃燒的旗幟，即便在深海之中，也能感受到它的炙熱和光芒。",
   "unlockRequirement": "",
   "cnUrl": "",
   "jpUrl": "",
   "enUrl": "",
   "krUrl": ""
  },
  {
   "id": 16,
   "title": "關於阿格萊雅",
   "text": "自繼承神權以來，她便罹受人性流逝的痛苦。然而，她寧可清醒地忍受這一切，也不願沉醉麻痹自己…我怕是做不到呢……",
   "unlockRequirement": "",
   "cnUrl": "",
   "jpUrl": "",
   "enUrl": "",
   "krUrl": ""
  },
  {
   "id": 17,
   "title": "關於緹寶•緹安•緹寧",
   "text": "即便在我講述幽怖的深海見聞時，她們也會發出海豚一般可愛的聲音。只有這般純粹的心性，才能徹底滌蕩世間的污濁吧。",
   "unlockRequirement": "",
   "cnUrl": "",
   "jpUrl": "",
   "enUrl": "",
   "krUrl": ""
  },
  {
   "id": 18,
   "title": "關於賽飛兒",
   "text": "一尾身姿靈巧的小貓魚，還不會被鮮美的魚餌釣起…或許有一天，它會成長爲一條了不起的大魚呢。",
   "unlockRequirement": "",
   "cnUrl": "",
   "jpUrl": "",
   "enUrl": "",
   "krUrl": ""
  },
  {
   "id": 19,
   "title": "關於昔漣",
   "text": "她就像一首…美妙的暖洋協奏曲，融匯所有的冰川和泥濘。若有這隻小海兔的陪伴，想必連深海也不願增加一絲寒意吧。",
   "unlockRequirement": "完成開拓任務「囚人啊，踏過日影見滄溟」後解鎖",
   "cnUrl": "",
   "jpUrl": "",
   "enUrl": "",
   "krUrl": ""
  },
  {
   "id": 20,
   "title": "星魂激活",
   "text": "每一座孤島，都會被潮汐擁抱。",
   "unlockRequirement": "",
   "cnUrl": "",
   "jpUrl": "",
   "enUrl": "",
   "krUrl": ""
  },
  {
   "id": 21,
   "title": "角色晉階",
   "text": "該遊向下一片海洋了。",
   "unlockRequirement": "",
   "cnUrl": "",
   "jpUrl": "",
   "enUrl": "",
   "krUrl": ""
  },
  {
   "id": 22,
   "title": "角色滿級",
   "text": "聽，那風暴的喧響在呼喚。",
   "unlockRequirement": "",
   "cnUrl": "",
   "jpUrl": "",
   "enUrl": "",
   "krUrl": ""
  },
  {
   "id": 23,
   "title": "行跡激活",
   "text": "水跡稍縱即逝，卻能匯成浪花。",
   "unlockRequirement": "",
   "cnUrl": "",
   "jpUrl": "",
   "enUrl": "",
   "krUrl": ""
  },
  {
   "id": 24,
   "title": "隊伍編成•開拓者",
   "text": "小灰魚，準備合奏一曲了麼？",
   "unlockRequirement": "",
   "cnUrl": "",
   "jpUrl": "",
   "enUrl": "",
   "krUrl": ""
  },
  {
   "id": 25,
   "title": "隊伍編成•阿格萊雅",
   "text": "請繼續吧。以金絲撥動的旋律，格外動人心弦。",
   "unlockRequirement": "",
   "cnUrl": "",
   "jpUrl": "",
   "enUrl": "",
   "krUrl": ""
  },
  {
   "id": 26,
   "title": "隊伍編成•緹寶",
   "text": "這次的神諭，是悅耳，還是嘈雜？",
   "unlockRequirement": "",
   "cnUrl": "",
   "jpUrl": "",
   "enUrl": "",
   "krUrl": ""
  },
  {
   "id": 27,
   "title": "隊伍編成•刻律德菈",
   "text": "凱撒，這一局會在第幾手結束？",
   "unlockRequirement": "",
   "cnUrl": "",
   "jpUrl": "",
   "enUrl": "",
   "krUrl": ""
  },
  {
   "id": 28,
   "title": "隊伍編成•賽飛兒",
   "text": "小貓魚，既然躍入了浪中，就別被嚇跑呀。",
   "unlockRequirement": "",
   "cnUrl": "",
   "jpUrl": "",
   "enUrl": "",
   "krUrl": ""
  },
  {
   "id": 51,
   "title": "戰鬥開始•弱點擊破",
   "text": "張牙舞爪的蝦蟹，還不足爲懼。",
   "unlockRequirement": "",
   "cnUrl": "",
   "jpUrl": "",
   "enUrl": "",
   "krUrl": ""
  },
  {
   "id": 52,
   "title": "戰鬥開始•危險預警",
   "text": "眼下，不失爲助興的好時機。",
   "unlockRequirement": "",
   "cnUrl": "",
   "jpUrl": "",
   "enUrl": "",
   "krUrl": ""
  },
  {
   "id": 53,
   "title": "回合開始•一",
   "text": "小心被那無聲的浪花劃開咽喉。",
   "unlockRequirement": "",
   "cnUrl": "",
   "jpUrl": "",
   "enUrl": "",
   "krUrl": ""
  },
  {
   "id": 54,
   "title": "回合開始•二",
   "text": "獻上一曲鋒利的輓歌。",
   "unlockRequirement": "",
   "cnUrl": "",
   "jpUrl": "",
   "enUrl": "",
   "krUrl": ""
  },
  {
   "id": 55,
   "title": "回合待機",
   "text": "休止的沉默，稍稍有些久了。",
   "unlockRequirement": "",
   "cnUrl": "",
   "jpUrl": "",
   "enUrl": "",
   "krUrl": ""
  },
  {
   "id": 56,
   "title": "普攻",
   "text": "迷醉吧。",
   "unlockRequirement": "",
   "cnUrl": "",
   "jpUrl": "",
   "enUrl": "",
   "krUrl": ""
  },
  {
   "id": 57,
   "title": "戰技•一",
   "text": "潮汐，與我沉淪。",
   "unlockRequirement": "",
   "cnUrl": "",
   "jpUrl": "",
   "enUrl": "",
   "krUrl": ""
  },
  {
   "id": 58,
   "title": "戰技•二",
   "text": "盛典，不醉不歸。",
   "unlockRequirement": "",
   "cnUrl": "",
   "jpUrl": "",
   "enUrl": "",
   "krUrl": ""
  },
  {
   "id": 59,
   "title": "輕受擊",
   "text": "有些喧鬧。",
   "unlockRequirement": "",
   "cnUrl": "",
   "jpUrl": "",
   "enUrl": "",
   "krUrl": ""
  },
  {
   "id": 60,
   "title": "重受擊",
   "text": "不堪入耳。",
   "unlockRequirement": "",
   "cnUrl": "",
   "jpUrl": "",
   "enUrl": "",
   "krUrl": ""
  },
  {
   "id": 61,
   "title": "終結技•激活",
   "text": "噓，請在此駐足靜聽。",
   "unlockRequirement": "",
   "cnUrl": "",
   "jpUrl": "",
   "enUrl": "",
   "krUrl": ""
  },
  {
   "id": 62,
   "title": "終結技•施放",
   "text": "這場永不饜足的深海歡宴中，來自各位的悲鳴。",
   "unlockRequirement": "",
   "cnUrl": "",
   "jpUrl": "",
   "enUrl": "",
   "krUrl": ""
  },
  {
   "id": 63,
   "title": "無法戰鬥",
   "text": "終究落幕了……",
   "unlockRequirement": "",
   "cnUrl": "",
   "jpUrl": "",
   "enUrl": "",
   "krUrl": ""
  },
  {
   "id": 64,
   "title": "重回戰鬥",
   "text": "洋流將我送回了此處。",
   "unlockRequirement": "",
   "cnUrl": "",
   "jpUrl": "",
   "enUrl": "",
   "krUrl": ""
  },
  {
   "id": 65,
   "title": "回復生命",
   "text": "像暖流一般，多謝。",
   "unlockRequirement": "",
   "cnUrl": "",
   "jpUrl": "",
   "enUrl": "",
   "krUrl": ""
  },
  {
   "id": 66,
   "title": "祕技",
   "text": "看看有魚兒上鉤麼？",
   "unlockRequirement": "",
   "cnUrl": "",
   "jpUrl": "",
   "enUrl": "",
   "krUrl": ""
  },
  {
   "id": 67,
   "title": "戰鬥勝利",
   "text": "愉快的捕食就此告一段落。",
   "unlockRequirement": "",
   "cnUrl": "",
   "jpUrl": "",
   "enUrl": "",
   "krUrl": ""
  },
  {
   "id": 68,
   "title": "開啓戰利品•一",
   "text": "拿它換些蜜釀如何？",
   "unlockRequirement": "",
   "cnUrl": "",
   "jpUrl": "",
   "enUrl": "",
   "krUrl": ""
  },
  {
   "id": 69,
   "title": "開啓戰利品•二",
   "text": "多年後，它會沾染上海底的氣味麼…",
   "unlockRequirement": "",
   "cnUrl": "",
   "jpUrl": "",
   "enUrl": "",
   "krUrl": ""
  },
  {
   "id": 70,
   "title": "開啓貴重戰利品",
   "text": "足以媲美珍珠的光澤。",
   "unlockRequirement": "",
   "cnUrl": "",
   "jpUrl": "",
   "enUrl": "",
   "krUrl": ""
  },
  {
   "id": 71,
   "title": "解謎成功•一",
   "text": "不算難…莫非是放水了嗎？",
   "unlockRequirement": "",
   "cnUrl": "",
   "jpUrl": "",
   "enUrl": "",
   "krUrl": ""
  },
  {
   "id": 72,
   "title": "解謎成功•二",
   "text": "是潮溼的空氣向我透露了謎底。",
   "unlockRequirement": "",
   "cnUrl": "",
   "jpUrl": "",
   "enUrl": "",
   "krUrl": ""
  },
  {
   "id": 73,
   "title": "發現敵方目標",
   "text": "別擔心，讓它再遊過來些吧。",
   "unlockRequirement": "",
   "cnUrl": "",
   "jpUrl": "",
   "enUrl": "",
   "krUrl": ""
  },
  {
   "id": 74,
   "title": "返回城鎮",
   "text": "偶爾在港灣停泊的時光…就像泡沫般令人懷念。",
   "unlockRequirement": "",
   "cnUrl": "",
   "jpUrl": "",
   "enUrl": "",
   "krUrl": ""
  }
 ],
 "storyItems": [
  {
   "title": "角色詳情",
   "text": "斯緹科西亞，醉與夢的海濱之城，舊日的歌聲仍在浮浪間迴蕩。<br />大海的女兒海列屈拉，清洗「海洋」火種的黃金裔，驅散污濁的暗流，爲天外的英雄奏響不醉不歸的盛宴<br />——散場之時未到，縱然希望如泡沫般易碎，浪花也將一往無前。",
   "unlockRequirement": ""
  },
  {
   "title": "角色故事·一",
   "text": "陽光穿透進來時，大海的呼吸會變得五彩斑斕，這是海妖們一天中最爲歡悅的時刻。<br />「♫啪嗒♫」「♫皮咔♫」「♫波砰♫」<br />海妖的公主雀躍地追逐着泡泡，她最喜歡它們在鼻尖短暫停留然後碎裂的片刻，此時水波會蕩漾出七彩的光。<br /><br />在那萬頃的珊瑚叢中，海妖們歌唱着，那裡的珠貝熠熠生光，正適合裝點於琴弓之上。<br />樂音從海列屈拉的指尖流淌，如同和緩的水流，拂過愜意暢飲蜜釀的夥伴。<br /><br />「♫瞧，那輝煌熱鬧的航船上，人類該有多麼歡暢♫」<br />「♫你思念救起的那人，他的聲音定然在你心中迴蕩♫」<br />「♫尊貴的公主，無憂無慮的海列屈拉，你會去向何方？是那北境寒冷的冰海，還是人世的蒼茫？♫」<br /><br />飲醉了的海妖們圍在她身旁，好奇心就像搖曳的海草纏住她。<br />「♫塵世嘈雜，極地冰涼……♫」<br />她輕輕拂過泡泡，微笑着搖頭回答：<br />「♫我願棲身，在那能歡唱的……♫」<br /><br />然而警戒的號角很快自深海傳出，終止了歡宴。<br />海妖們隨海列屈拉遊向深處，海洋的女王向子民宣告——<br /><br />「♫黑色的潮水將污染那清澈的洋流，我們要調動靈水的波濤，將污水湧引入巨杯，直至『紛爭』抵禦黑潮的光芒……♫<br />「♫海洋的寵兒，你可有心之所向？等到黑潮退盡，去往斯緹科西亞，自有陸上的人們爲爾等設宴歌唱！♫」<br /><br />日復一日，海列屈拉帶領海妖穿梭在那逐漸昏黑的海洋，清洗污濁的暗流。<br /><br />「♫夥伴們，別放棄，那不醉不歸的輝煌♫<br />「♫夥伴們，別忘記，我們將要遊向遠方♫<br />「♫夥伴們，向前啊，斑斕的希望正蕩漾♫」<br /><br />日復一日，海列屈拉歌唱着。身爲眷屬，她深知守護這片大海是自己生來的使命——<br /><br />海列屈拉向深淵遊去，那歌聲逐漸化作漆黑深海中，唯一的一束光。",
   "unlockRequirement": "角色等級<nobr>20</nobr>解鎖"
  },
  {
   "title": "角色故事·二",
   "text": "廣袤的珊瑚礁已成一片死地。<br /><br />第一次將劍刺入黑潮造物的身體時，她的雙手仍會輕輕地顫抖。<br />第一百次與腐朽的昔日夥伴相向，那暗啞的弦已能毫不費力地割開喉嚨。<br />第一千次，第一萬次…提琴的珠光零落在海面，而深海已成血色——<br /><br />在那寂然無聲的宮殿廢墟，只剩海列屈拉與她一個人的歡宴。<br /><br />「♫陸地上的人們吶，會舉辦永不散場的歡宴，將我們的犧牲獎賞……♫」<br />哀婉的歌聲迴蕩，當「紛爭」的泰坦接過抵禦黑潮的使命，欣喜的海列屈拉第一次踏出昏黑的海水。<br /><br />她用珠貝妝點面容，她的尾鰭變爲雙腿，身上的泡沫化作盛裝。波瀾不再在她的頭頂怒吼，而是在腳下呻吟。<br />海鳥圍繞着大海盤旋，聲聲悽厲。波濤息止了一瞬，又再次滾滾而逝去。<br />就像是泡影破裂之後，什麼都不曾存在過一樣。<br />她忍受着每一步錐心刺骨的疼痛，前往應許的斯緹科西亞——<br /><br />這片大地有刺鼻的空氣，堆積如山的屍骨，紛爭與戰火…卻唯獨沒有那場神明許諾的歡宴之地。<br /><br />「我……海……瑟……」<br />在那污濁的空氣中，她的聲音喑啞。<br />她學習人類的話語，但那些喧囂的字眼讓她無法再如歌般吟唱。她逐漸學會以沉默代替言語。<br />「一柄不會鏽蝕的刀劍」，「一曲冷酷的琴音」…終日與她相伴的，是刺穿肌體的彈響，是生命灑血的悲鳴——<br /><br />他們說，那來自海洋的劍士明明極善演奏，卻緘默疏離，從不言明心跡。<br />她看見向自己伸來的許多雙手，有些意圖將她抹殺，有些則聲稱會爲她提供援助，它們曾點燃一盞盞燈火，然後一盞盞熄滅。<br /><br />「海瑟音，你在往何處去？」<br /><br />她無法回答。<br />舊日的琴已化爲兩把利劍，唯有鋒利的輓歌流淌弦上。<br />即便渴望有一日會有人聽懂其中嚮往，但她逐漸意識到人世也與寂寞的深海無異。<br />每個人都像是迷失的魚兒，每個人都在盲目地朝着光芒遊去。",
   "unlockRequirement": "角色等級<nobr>40</nobr>解鎖"
  },
  {
   "title": "角色故事·三",
   "text": "「海瑟音，追隨我，我會賜予你所求的一切。」<br />她對那從嬌小身軀裏發出的響亮聲音印象深刻，卻仍心有懷疑：<br />「她…又會在什麼時候熄滅呢？」<br /><br />然而這簇燈火像射入深海的天光，愈燃愈烈，持久不熄。<br />人們見藍色的烈焰徵戰無數，次次凱旋，見巨浪如火燎原，見那捲起風浪的劍旗，也化作鯨鯊將腥風血雨盡數吞咽。<br />她聽到熾烈的心跳，激昂的戰鼓，雨點般的腳步，潮湧般的悲傷…純粹如歌的心聲自黃金裔的血中流淌，也同樣撥動她塵封已久的心弦。<br /><br />凱撒應許的盛宴在即，年輕的織者與孩童附耳私語，不知那淡漠的劍旗是否願撥冗出席。<br />在衆人的驚呼聲中，織者踮起腳尖，屏住呼吸，想要將這一刻盡收眼底。<br />她鎏金的裙擺掠過地磚的光色，竟如陽光下的浪花般晶瑩剔透。<br />火燭銀花下，人們再次看見了大海的光暈。<br /><br />「她應下我的心願，爲我們歌唱世界早已遺失的海灣。」<br />君王的話語落下，樂池亮起，燈光與人影在她眼前蕩成海的漣漪。<br />樂聲乘着杯盞中搖曳的泡影，人海中，她發現自己的聲音不再空有迴響。<br /><br />拉比努斯和塞涅卡的比鬥是清脆的鼓點，維吉妮婭暗藏心意的詩句是律動的詞。<br />緹裏西庇俄絲笑了，於是樂曲有了輕靈的復調，阿格萊雅的舞步揚起，那是最優美動人的和音……<br /><br />「此戰勝利之後，劍旗爵，你可有想要之物？」<br />那冷靜的君主竟也有些微醺。<br />她飲下蜜釀，向君主私語，笑聲飛翔在宴會的角落。<br />這裡多麼悅耳，多麼光亮。<br />世界旋轉着，酒杯相撞的聲音，冰塊滑動的聲音。<br />久未開口的海妖，她的歌聲仍如蜜釀潑灑——<br /><br />「♫宴席的燭火如此耀眼<br />一片新的大海<br />它搖蕩在我們舉杯碰撞間……♫」",
   "unlockRequirement": "角色等級<nobr>60</nobr>解鎖"
  },
  {
   "title": "角色故事·四",
   "text": "她曾以爲，「逐火」便是她尋找的、永不散席的盛宴。<br />可在那不斷失卻的旅途中，光芒也終如泡沫般碎裂。<br /><br />她是凱撒的鋒刃，她的劍尖總是蜿蜒流淌鮮血。<br />可當凱撒滾燙的金血滴落在她的指尖，恍惚之間，她又墜落回那孤獨的深海。<br />「呵，爲什麼…我爲之遊動的火，由我親手熄滅……」<br />在那痛苦的千年迷醉中，她逃避着那迷離光彩的泡沫，但那些已然片片碎裂的過往如今卻像海草纏繞不休。<br /><br />「啪嗒……」<br />棋子落下。執棋的君王神意自若，可王冠上時而平靜時而濃烈的光焰卻透露出她真實的情緒。<br />「我不懂如何下棋。」<br />「來，我教你。」<br />她不太熟練地拿起棋子。不過是又一場廝殺而已，她想。<br /><br />「啪嗒……」 <br />那陡然亢奮的藍色火焰使她的身邊如熱泉般溫暖。她隨意移動着棋子，問道：<br />「既然終要從棋局上消失，爲何它們要不停前進？」<br /><br />「啪嗒……」<br />君主啜飲杯中蜜釀，滿足地伸展着雙臂，又暢然地喟嘆着：<br />「前進本身，不已經足夠快意？」<br />……<br /><br />千年的等待，她爲逐火開闢新的天地，可也知曉那也並非最終的歸宿。<br />「魚兒需要的，終究只是一片棲身的海……」<br />在君主留下的一頁記憶中，她走向清澈的海水。<br /><br />♫啪嗒♫，♫皮咔♫，♫波砰♫…五顏六色的泡沫倒影過往歲月，凝結碎裂，碎裂凝結。<br />「海洋的寵兒，你可有什麼心願想要實現？」<br />「海瑟音，你在往何處去？」<br />「劍旗爵，你可有想要之物？」<br />……<br />故鄉，歡宴，逐火…它們都曾在她的生命中閃耀，然後迅速化爲泡影…只剩下一聲嘆息迴蕩天際。<br />從始至終，這便是她擁有的全部——在人世與大海中，都是泡沫破碎的痕跡。<br /><br />「可它們…多麼美麗……」<br /><br />「♫……♫」<br />「♫……♫」<br />「♫……♫」<br /><br />翁法羅斯的黎明將要升起。<br />在最後的泡沫破碎前，她微笑着，仿佛已唱盡…那已無需言語表達的心聲。",
   "unlockRequirement": "角色等級<nobr>80</nobr>解鎖"
  }
 ],
 "archive": {
  "cvCn": "浮夢若薇",
  "cvJp": "石見舞菜香",
  "cvKr": "오은수",
  "cvEn": "Rosie Day",
  "camp": "翁法羅斯"
 },
 "calculator": {
  "expCost": {
   "1": 200,
   "2": 300,
   "3": 500,
   "4": 600,
   "5": 1050,
   "6": 1670,
   "7": 2320,
   "8": 3060,
   "9": 3860,
   "10": 4740,
   "11": 5710,
   "12": 6730,
   "13": 7830,
   "14": 9000,
   "15": 10240,
   "16": 11550,
   "17": 12920,
   "18": 14360,
   "19": 15870,
   "20": 16580,
   "21": 16840,
   "22": 17100,
   "23": 17370,
   "24": 17640,
   "25": 17910,
   "26": 18190,
   "27": 18480,
   "28": 18760,
   "29": 19040,
   "30": 19340,
   "31": 19630,
   "32": 19930,
   "33": 20220,
   "34": 20530,
   "35": 20840,
   "36": 21140,
   "37": 21450,
   "38": 21760,
   "39": 22080,
   "40": 22390,
   "41": 25550,
   "42": 29140,
   "43": 32830,
   "44": 36600,
   "45": 40470,
   "46": 44430,
   "47": 48480,
   "48": 52630,
   "49": 56870,
   "50": 61190,
   "51": 65620,
   "52": 70130,
   "53": 74740,
   "54": 79450,
   "55": 84240,
   "56": 89120,
   "57": 94110,
   "58": 99190,
   "59": 104350,
   "60": 106240,
   "61": 111830,
   "62": 117530,
   "63": 123320,
   "64": 129210,
   "65": 135200,
   "66": 141290,
   "67": 147480,
   "68": 153780,
   "69": 160170,
   "70": 179260,
   "71": 199920,
   "72": 220920,
   "73": 242260,
   "74": 263930,
   "75": 285950,
   "76": 308300,
   "77": 331000,
   "78": 354040,
   "79": 377420,
   "80": 414350
  },
  "expItemConfig": {
   "1000": {
    "itemId": 409962,
    "cost": 0
   },
   "5000": {
    "itemId": 409961,
    "cost": 0
   },
   "20000": {
    "itemId": 409960,
    "cost": 0
   }
  },
  "sCoinId": 29328,
  "rankConfig": {
   "3": {
    "22370072": 1,
    "22475581": 2
   },
   "5": {
    "22086958": 2,
    "22192469": 2
   }
  }
 },
 "hasServant": false,
 "skins": [],
 "hasEnhanced": false,
 "name": "海瑟音",
 "rarity": 5,
 "descHash": "斯緹科西亞，醉與夢的海濱之城，舊日的歌聲仍在浮浪間迴蕩。 大海的女兒海列屈拉，清洗「海洋」火種的黃金裔，驅散污濁的暗流，爲天外的英雄奏響不醉不歸的盛宴 ——散場之時未到，縱然希望如泡沫般易碎，浪花也將一往無前。",
 "artPath": "7b32e2922c94484f5c920dfe164938dad570be51982c67f4c9ac67d5e2384f60",
 "miniIconPath": "4e8065b7522f8cda1716509f92379689ea387e50917a88acd9e20ec4e545b5e4",
 "damageType": {
  "id": 1,
  "iconPath": "fc6c9fc2a7b462613ce59b29974d45a4b4fae29eaf89c36e4370b6d48e640a03",
  "color": "#FFFFFF",
  "name": "物理",
  "rarity": 0
 },
 "baseType": {
  "id": 0,
  "iconPath": "9925f4d7d8ac1ad84319601be2e2127dbb697923a7add4d70bf795c7e9045d29",
  "altIconPath": "5821b3e8829f16ad30af2613e5330feea1cd8ead70cf58d18c7bc927f50b5943",
  "color": "#FFFFFF",
  "name": "虛無",
  "rarity": 0
 },
 "pageId": "hysilens"
}