{
 "name": "血火啊，燃烧前路",
 "rarity": 5,
 "descHash": "冰冷的露水凝结在锋刃，滑落血色的痕迹。<br />铁锈味的荒野，鏖战燃起的火焰仍在灰烬上跳跃。<br /><br />「迈德漠斯，刚才真是神一样的战斗啊！」<br />赤裸上身的战士擦拭武器，兴奋地喊道。<br /><br />「万敌，以后我也要像你一样百战百胜！」<br />孩子崇敬地看着他，手中捏着一把断剑。<br /><br />「王储，我们回到悬锋指日可待啊。」<br />沧桑的老人笑着，举起酒杯向他致意。<br /><br />他点点头，兀自走到了营地边。<br />重生的疼痛仍在皮肤上滚动，明日，他将带领悬锋孤军再次出发，迁往异乡。<br />流离将停于何处，他不知道，他唯一能确定的是——他将背负王的职责，直至血火燃尽。<br /><br />夜色渐深，他独自痛饮血酿，过路的吟游诗人拉动琴弦，不着调的歌声在空中晃荡——<br />「家乡是梦想之地呐，不是可以抵达的地方。」",
 "iconPath": "5bffdcf33abc58f6c3259ae14eb621b2e0980c451fad8dd86267865b2ef1a553",
 "artPath": "2a9003a0e07f0d2bd07abb72c7d403d86e7099c272bfd45c595856f3932dd9f7",
 "artPlaceholder": {
  "w": 0,
  "h": 0
 },
 "mediumIconPath": "1fe95a71029a6e12cbc8f7dbe83acd1234a20b885a693cd81da087e4c67cc6e9",
 "baseType": {
  "id": 0,
  "iconPath": "8f21eb57a307c75c1d2367bd3a5d01cdea7db6178a1c5570a6143e3229ca54ee",
  "color": "#FFFFFF",
  "name": "毁灭",
  "rarity": 0
 },
 "baseTypeId": 0,
 "itemReferences": {
  "29328": {
   "id": 29328,
   "type": 101,
   "purposeId": 11,
   "iconPath": "662fc7ab4bcd2e14d5f4185738f92c3d4e5051f6a6af0fbcafcb08310c579372",
   "name": "信用点",
   "desc": "星际和平公司与客户结算时使用的货币，如今已成为太空旅行的硬通货。",
   "lore": "「人们奔波、争斗、贸易，为的不过是个终端里显示的数字。但真正珍贵之物，公司的数字是买不到的。」",
   "purpose": "通用货币",
   "rarity": 3,
   "rewardPath": "/material/29328",
   "comeFrom": [
    "拟造花萼【大矿区】",
    "拟造花萼【工造司】",
    "拟造花萼【「白日梦」酒店-梦境】",
    "拟造花萼【「吃语密林」神悟树庭】",
    "任务奖励",
    "委托奖励",
    "余烬兑换"
   ]
  },
  "635680": {
   "id": 635680,
   "type": 601,
   "purposeId": 3,
   "iconPath": "830c4cbe2f90103ae590fcb4c72c62d3fc6f645ef3483335f0b033d813fd83ca",
   "name": "步离犬牙",
   "desc": "步离人征战时遗留的零星碎牙。可小幅提升<span style=\"display: inline-block; color: #f29e38ff; font-weight:bold;\">毁灭</span>角色的命途行迹。",
   "lore": "步离人将锐牙视作征战者的砥锋白刃。<br />步离人崇敬拥有至高力量的战士，在弱肉强食的「猎群部落」里，任何龋齿之流只会被族群遗弃。<br /><br />「巢父大人，赐予我等尖牙锐爪。」",
   "purpose": "行迹材料 <br />光锥晋阶材料",
   "rarity": 2,
   "rewardPath": "/material/635680",
   "comeFrom": [
    "拟造花萼【鳞渊境】",
    "余烬兑换",
    "「万能合成机」- 材料置换"
   ]
  },
  "694487": {
   "id": 694487,
   "type": 601,
   "purposeId": 5,
   "iconPath": "a1cd1a65d901ad489a28a318391503fe2e70453747f877afe7afda933a39622b",
   "name": "提纯以太",
   "desc": "光锥的强化材料，可以获得<nobr>6000</nobr>点光锥经验。",
   "lore": "一罐经由特殊技术精炼而成的以太。<br /><br />「忆庭盼望重现往日的辉煌，但那是由他们所选择的『往日辉煌』，明白吗？」",
   "purpose": "光锥经验材料",
   "rarity": 4,
   "rewardPath": "/material/694487",
   "comeFrom": [
    "拟造花萼【边缘通路】",
    "拟造花萼【太卜司】",
    "拟造花萼【稚子的梦】",
    "拟造花萼【「纷争荒墟」悬锋城】",
    "「忘却之庭」"
   ]
  },
  "694488": {
   "id": 694488,
   "type": 601,
   "purposeId": 5,
   "iconPath": "e63056837d7b387f59cbaafc907b941309bc98548ff00c6b483d9d053f0c93cc",
   "name": "凝缩以太",
   "desc": "光锥的强化材料，可以获得<nobr>2000</nobr>点光锥经验。",
   "lore": "一罐经由特殊技术精炼而成的以太。<br /><br />「小心轻放，勿压勿摔。破损泄漏后请参照《流溢灾难应对手册》第二章内容进行灾后处置。」",
   "purpose": "光锥经验材料",
   "rarity": 3,
   "rewardPath": "/material/694488",
   "comeFrom": [
    "拟造花萼【边缘通路】",
    "拟造花萼【太卜司】",
    "拟造花萼【稚子的梦】",
    "拟造花萼【「纷争荒墟」悬锋城】",
    "余烬兑换"
   ]
  },
  "694489": {
   "id": 694489,
   "type": 601,
   "purposeId": 5,
   "iconPath": "2f6dff811f4597c4f0b13baf74fa022a38c5c2f938e540b2a6b05a31c2973fa7",
   "name": "稀薄以太",
   "desc": "光锥的强化材料，可以获得<nobr>500</nobr>点光锥经验。",
   "lore": "本不应存在于现实的假想介质，创造光锥的基本原料。<br />将之注入光锥，能令封装其中的事象更为清晰。<br /><br />「原来如此，流光忆庭的『忆质』就是这东西，怪不得忆者能携带记忆进行星际旅行。」",
   "purpose": "光锥经验材料",
   "rarity": 2,
   "rewardPath": "/material/694489",
   "comeFrom": [
    "拟造花萼【边缘通路】",
    "拟造花萼【太卜司】",
    "拟造花萼【稚子的梦】",
    "拟造花萼【「纷争荒墟」悬锋城】",
    "委托奖励"
   ]
  },
  "836266": {
   "id": 836266,
   "type": 601,
   "purposeId": 3,
   "iconPath": "7798a1ea6caf6bf8ba0bca6935ec1a2a1a99d2ae3cf352b9704dd0570ea8bf91",
   "name": "月狂獠牙",
   "desc": "步离人征战时遗留的骇人长牙。可大幅提升<span style=\"display: inline-block; color: #f29e38ff; font-weight:bold;\">毁灭</span>角色的命途行迹。",
   "lore": "步离人通过与生俱来的「月狂」进一步强化身躯。<br />战狂们自拥惊人的愈合能力，伴随着骨质与肌肉增生，在血雾中摧枯拉朽。<br /><br />「巢父大人，赐予我等通天神力。」",
   "purpose": "行迹材料 <br />光锥晋阶材料",
   "rarity": 4,
   "rewardPath": "/material/836266",
   "comeFrom": [
    "拟造花萼【鳞渊境】",
    "「万能合成机」- 材料合成",
    "「万能合成机」- 材料置换"
   ]
  },
  "920207": {
   "id": 920207,
   "type": 601,
   "purposeId": 3,
   "iconPath": "134fcb78ee639f1136abf8502044713adfad97efb3c06e1358c24fe3439481a9",
   "name": "狼毒锯牙",
   "desc": "步离人征战时遗留的吮血尖牙。可中幅提升<span style=\"display: inline-block; color: #f29e38ff; font-weight:bold;\">毁灭</span>角色的命途行迹。",
   "lore": "步离人将锐牙视作征战者的砥锋白刃。<br />步离人血脉中流淌着疯狂的冲动，在狼毒催化下，他们啮噬吮血，无往不利。<br /><br />「巢父大人，赐予我等铜筋铁骨。」",
   "purpose": "行迹材料 <br />光锥晋阶材料",
   "rarity": 3,
   "rewardPath": "/material/920207",
   "comeFrom": [
    "拟造花萼【鳞渊境】",
    "「万能合成机」- 材料合成",
    "余烬兑换",
    "「万能合成机」- 材料置换"
   ]
  },
  "20170864": {
   "id": 20170864,
   "type": 601,
   "purposeId": 7,
   "iconPath": "d0c7c7f9f997cb0ede806d12e51f7bbfca2f8efb9ecbd2546aff0ab24a8a90dd",
   "name": "勇气撕裂胸膛",
   "desc": "纷争眷属阵亡后的碎块，强化所需的普通材料。",
   "lore": "懒惰的将领开始操练，避世的贤者开始思谋。直至人发现能将神的造物击碎，屠杀便成了战争。<br /><br />「恐惧是勇气的刻刀。」",
   "purpose": "行迹材料 <br />角色晋阶材料",
   "rarity": 3,
   "rewardPath": "/material/20170864",
   "comeFrom": [
    "突破至均衡等级2后，泰坦眷属掉落",
    "突破至均衡等级2后，晨昏奇兽掉落",
    "「万能合成机」- 材料合成",
    "「差分宇宙」中敌方掉落",
    "「模拟宇宙」中敌方掉落",
    "「万能合成机」- 材料置换"
   ]
  },
  "20389475": {
   "id": 20389475,
   "type": 601,
   "purposeId": 7,
   "iconPath": "4248c4deac64679a25e9190920297cee99e492be38480008c348d5faa425a466",
   "name": "荣耀洗礼身躯",
   "desc": "纷争眷属富含神力的心脏，强化所需的高级材料。",
   "lore": "最初，人们为生而战。如今，有人为死而战，与那些纷争的眷属一样无畏。悬锋人说，或许肉与石的勇士都有着同一颗心脏——<br /><br />「勇气在里面流淌，此心名为荣耀。」",
   "purpose": "行迹材料 <br />角色晋阶材料",
   "rarity": 4,
   "rewardPath": "/material/20389475",
   "comeFrom": [
    "突破至均衡等级4后，泰坦眷属掉落",
    "突破至均衡等级4后，晨昏奇兽掉落",
    "「万能合成机」- 材料合成",
    "「差分宇宙」中敌方掉落",
    "「模拟宇宙」中敌方掉落",
    "「万能合成机」- 材料置换"
   ]
  },
  "20445700": {
   "id": 20445700,
   "type": 601,
   "purposeId": 7,
   "iconPath": "57fb73d5a5481d898d7901a6639f9061749101e2b47ded8580cb2ad476407aed",
   "name": "恐惧踏碎血肉",
   "desc": "组成纷争眷属的尘屑，强化所需的简单材料。",
   "lore": "死亡的潮席卷天地，恨与怨的巨人踏出冥河。在那坚石雕刻的军团面前，无人不畏惧，无人不俯首。<br /><br />「杀戮是恐惧的石料。」",
   "purpose": "行迹材料 <br />角色晋阶材料",
   "rarity": 2,
   "rewardPath": "/material/20445700",
   "comeFrom": [
    "泰坦眷属掉落",
    "晨昏奇兽掉落",
    "「差分宇宙」中敌方掉落",
    "「模拟宇宙」中敌方掉落",
    "委托奖励",
    "余烬兑换",
    "「万能合成机」- 材料置换",
    "拟造花萼（金）"
   ]
  }
 },
 "levelData": [
  {
   "promotion": 0,
   "maxLevel": 20,
   "cost": [
    {
     "id": 29328,
     "count": 5000
    },
    {
     "id": 20445700,
     "count": 8
    }
   ],
   "attackBase": 21.6,
   "attackAdd": 3.24,
   "hpBase": 62.4,
   "hpAdd": 9.36,
   "defenseBase": 18,
   "defenseAdd": 2.7
  },
  {
   "promotion": 1,
   "maxLevel": 30,
   "cost": [
    {
     "id": 29328,
     "count": 10000
    },
    {
     "id": 635680,
     "count": 4
    },
    {
     "id": 20445700,
     "count": 12
    }
   ],
   "attackBase": 47.52,
   "attackAdd": 3.24,
   "hpBase": 137.28,
   "hpAdd": 9.36,
   "defenseBase": 39.6,
   "defenseAdd": 2.7
  },
  {
   "promotion": 2,
   "maxLevel": 40,
   "cost": [
    {
     "id": 29328,
     "count": 20000
    },
    {
     "id": 920207,
     "count": 4
    },
    {
     "id": 20170864,
     "count": 8
    }
   ],
   "attackBase": 82.08,
   "attackAdd": 3.24,
   "hpBase": 237.12,
   "hpAdd": 9.36,
   "defenseBase": 68.4,
   "defenseAdd": 2.7
  },
  {
   "promotion": 3,
   "maxLevel": 50,
   "cost": [
    {
     "id": 29328,
     "count": 50000
    },
    {
     "id": 920207,
     "count": 8
    },
    {
     "id": 20170864,
     "count": 12
    }
   ],
   "attackBase": 116.64,
   "attackAdd": 3.24,
   "hpBase": 336.96,
   "hpAdd": 9.36,
   "defenseBase": 97.2,
   "defenseAdd": 2.7
  },
  {
   "promotion": 4,
   "maxLevel": 60,
   "cost": [
    {
     "id": 29328,
     "count": 100000
    },
    {
     "id": 836266,
     "count": 5
    },
    {
     "id": 20389475,
     "count": 6
    }
   ],
   "attackBase": 151.2,
   "attackAdd": 3.24,
   "hpBase": 436.8,
   "hpAdd": 9.36,
   "defenseBase": 126,
   "defenseAdd": 2.7
  },
  {
   "promotion": 5,
   "maxLevel": 70,
   "cost": [
    {
     "id": 29328,
     "count": 200000
    },
    {
     "id": 836266,
     "count": 10
    },
    {
     "id": 20389475,
     "count": 8
    }
   ],
   "attackBase": 185.76,
   "attackAdd": 3.24,
   "hpBase": 536.64,
   "hpAdd": 9.36,
   "defenseBase": 154.8,
   "defenseAdd": 2.7
  },
  {
   "promotion": 6,
   "maxLevel": 80,
   "cost": [],
   "attackBase": 220.32,
   "attackAdd": 3.24,
   "hpBase": 636.48,
   "hpAdd": 9.36,
   "defenseBase": 183.6,
   "defenseAdd": 2.7
  }
 ],
 "skill": {
  "id": 23039,
  "name": "远望",
  "descHash": "使装备者的生命上限提高<span style=\"display: inline-block; color: #f29e38ff; font-weight:bold;\"><nobr>#1[i]%</nobr></span>，受到的治疗量提高<span style=\"display: inline-block; color: #f29e38ff; font-weight:bold;\"><nobr>#6[i]%</nobr></span>，施放战技或终结技时消耗等同于自身<span style=\"display: inline-block; color: #f29e38ff; font-weight:bold;\"><nobr>#2[f1]%</nobr></span>生命上限的生命值，并使本次攻击造成的伤害提高<span style=\"display: inline-block; color: #f29e38ff; font-weight:bold;\"><nobr>#3[i]%</nobr></span>，若该效果消耗的生命值高于<nobr>#4[i]</nobr>点，可使伤害额外提高<span style=\"display: inline-block; color: #f29e38ff; font-weight:bold;\"><nobr>#5[i]%</nobr></span>。<br />若当前生命值不足，该效果最多使装备者的当前生命值降低至1点。",
  "levelData": [
   {
    "params": [
     0.18,
     0.06,
     0.3,
     500,
     0.3,
     0.2
    ],
    "level": 1,
    "levelReq": 0,
    "promotionReq": 0,
    "cost": []
   },
   {
    "params": [
     0.21,
     0.065,
     0.35,
     500,
     0.35,
     0.25
    ],
    "level": 2,
    "levelReq": 0,
    "promotionReq": 0,
    "cost": []
   },
   {
    "params": [
     0.24,
     0.07,
     0.4,
     500,
     0.4,
     0.3
    ],
    "level": 3,
    "levelReq": 0,
    "promotionReq": 0,
    "cost": []
   },
   {
    "params": [
     0.27,
     0.075,
     0.45,
     500,
     0.45,
     0.35
    ],
    "level": 4,
    "levelReq": 0,
    "promotionReq": 0,
    "cost": []
   },
   {
    "params": [
     0.3,
     0.08,
     0.5,
     500,
     0.5,
     0.4
    ],
    "level": 5,
    "levelReq": 0,
    "promotionReq": 0,
    "cost": []
   }
  ]
 },
 "calculator": {
  "expCost": {
   "1": 60,
   "2": 100,
   "3": 170,
   "4": 260,
   "5": 370,
   "6": 500,
   "7": 640,
   "8": 800,
   "9": 970,
   "10": 1160,
   "11": 1360,
   "12": 1580,
   "13": 1820,
   "14": 2060,
   "15": 2320,
   "16": 2600,
   "17": 2880,
   "18": 3180,
   "19": 3490,
   "20": 3620,
   "21": 3760,
   "22": 3910,
   "23": 4050,
   "24": 4200,
   "25": 4360,
   "26": 4510,
   "27": 4670,
   "28": 4830,
   "29": 4990,
   "30": 5160,
   "31": 5330,
   "32": 5500,
   "33": 5670,
   "34": 5850,
   "35": 6030,
   "36": 6210,
   "37": 6390,
   "38": 6580,
   "39": 6760,
   "40": 6950,
   "41": 7630,
   "42": 8060,
   "43": 8510,
   "44": 8970,
   "45": 9440,
   "46": 9910,
   "47": 10390,
   "48": 10890,
   "49": 11390,
   "50": 11900,
   "51": 12420,
   "52": 12940,
   "53": 13480,
   "54": 14020,
   "55": 14580,
   "56": 15140,
   "57": 15710,
   "58": 16290,
   "59": 16880,
   "60": 17470,
   "61": 18290,
   "62": 19270,
   "63": 20260,
   "64": 21260,
   "65": 22290,
   "66": 23320,
   "67": 24370,
   "68": 25440,
   "69": 26520,
   "70": 27620,
   "71": 30810,
   "72": 33710,
   "73": 36660,
   "74": 39650,
   "75": 42680,
   "76": 45750,
   "77": 48870,
   "78": 52030,
   "79": 55230,
   "80": 0
  },
  "expItemConfig": {
   "500": {
    "itemId": 694489,
    "cost": 250
   },
   "2000": {
    "itemId": 694488,
    "cost": 1000
   },
   "6000": {
    "itemId": 694487,
    "cost": 3000
   }
  },
  "sCoinId": 29328
 },
 "pageId": "23039"
}