{"29328":{"fileName":"credit","rarity":3},"125435":{"fileName":"tracks_of_destiny","rarity":5},"409960":{"fileName":"travelers_guide","rarity":4},"409961":{"fileName":"adventure_log","rarity":3},"409962":{"fileName":"travel_encounters","rarity":2},"635680":{"fileName":"borisin_teeth","rarity":2},"671367":{"fileName":"auspice_sliver","rarity":4},"836266":{"fileName":"moon_rage_fang","rarity":4},"920207":{"fileName":"lupitoxin_sawteeth","rarity":3},"5837183":{"fileName":"harbinger_of_strife","rarity":4},"20170864":{"fileName":"courage-torn_chest","rarity":3},"20389475":{"fileName":"glory-aspersed_torso","rarity":4},"20445700":{"fileName":"fear-stomped_flesh","rarity":2},"386840":{"fileName":"lost_echo_of_the_shared_wish","rarity":4},"589819":{"fileName":"celestial_section","rarity":3},"673760":{"fileName":"heavenly_melody","rarity":4},"874346":{"fileName":"firmament_note","rarity":2},"6103825":{"fileName":"darkveil_moonlight","rarity":4},"151162":{"fileName":"nail_of_the_beast_coffin","rarity":4},"6471577":{"fileName":"seedling_of_manas","rarity":3},"6720910":{"fileName":"flower_of_ālaya","rarity":4},"6744567":{"fileName":"bīja_of_consciousness","rarity":2},"67221":{"fileName":"dream_fridge","rarity":4},"549438":{"fileName":"extinguished_core","rarity":2},"589816":{"fileName":"dynamic_outlining","rarity":3},"633379":{"fileName":"glimmering_core","rarity":3},"673757":{"fileName":"exquisite_colored_draft","rarity":4},"717320":{"fileName":"squirming_core","rarity":4},"874343":{"fileName":"rough_sketch","rarity":2},"549437":{"fileName":"thiefs_instinct","rarity":2},"633378":{"fileName":"usurpers_scheme","rarity":3},"717319":{"fileName":"conquerors_will","rarity":4},"782692":{"fileName":"enigmatic_ectostella","rarity":4},"186254":{"fileName":"regret_of_infinite_ochema","rarity":4},"549504":{"fileName":"immortal_scionette","rarity":2},"589818":{"fileName":"starfire_essence","rarity":3},"633445":{"fileName":"immortal_aeroblossom","rarity":3},"673759":{"fileName":"heaven_incinerator","rarity":4},"717386":{"fileName":"immortal_lumintwig","rarity":4},"874345":{"fileName":"fiery_spirit","rarity":2},"983279":{"fileName":"searing_steel_blade","rarity":4},"468393":{"fileName":"chordal_mirage","rarity":4},"549210":{"fileName":"tatters_of_thought","rarity":2},"633151":{"fileName":"fragments_of_impression","rarity":3},"717092":{"fileName":"shards_of_desires","rarity":4},"549209":{"fileName":"dream_collection_component","rarity":2},"633150":{"fileName":"dream_flow_valve","rarity":3},"717091":{"fileName":"dream_making_engine","rarity":4},"589812":{"fileName":"nourishing_honey","rarity":3},"673753":{"fileName":"myriad_fruit","rarity":4},"874339":{"fileName":"alien_tree_seed","rarity":2},"983280":{"fileName":"raging_heart","rarity":4},"267807":{"fileName":"a_glass_of_the_besotted_era","rarity":4},"549503":{"fileName":"artifexs_module","rarity":2},"633444":{"fileName":"artifexs_cogwheel","rarity":3},"635681":{"fileName":"meteoric_bullet","rarity":2},"717385":{"fileName":"artifexs_gyreheart","rarity":4},"836267":{"fileName":"countertemporal_shot","rarity":4},"920208":{"fileName":"destined_expiration","rarity":3},"866635":{"fileName":"ipc_work_permit","rarity":4},"67219":{"fileName":"horn_of_snow","rarity":4},"985668":{"fileName":"destroyers_final_road","rarity":4},"351748":{"fileName":"dream_flamer","rarity":4},"470781":{"fileName":"past_evils_of_the_borehole_planet_disaster","rarity":4},"468392":{"fileName":"suppressing_edict","rarity":4},"589817":{"fileName":"crystal_meteorites","rarity":3},"673758":{"fileName":"divine_amber","rarity":4},"874344":{"fileName":"scattered_stardust","rarity":2},"151161":{"fileName":"shape_shifters_lightning_staff","rarity":4},"267806":{"fileName":"ascendant_debris","rarity":4},"635674":{"fileName":"arrow_of_the_beast_hunter","rarity":2},"836260":{"fileName":"arrow_of_the_starchaser","rarity":4},"920201":{"fileName":"arrow_of_the_demon_slayer","rarity":3},"67220":{"fileName":"gelid_chitin","rarity":4},"635670":{"fileName":"harmonic_tune","rarity":2},"836256":{"fileName":"stellaris_symphony","rarity":4},"920197":{"fileName":"ancestral_hymn","rarity":3},"351747":{"fileName":"nail_of_the_ape","rarity":4},"635673":{"fileName":"shattered_blade","rarity":2},"836259":{"fileName":"worldbreaker_blade","rarity":4},"920200":{"fileName":"lifeless_blade","rarity":3},"635675":{"fileName":"key_of_inspiration","rarity":2},"836261":{"fileName":"key_of_wisdom","rarity":4},"866634":{"fileName":"netherworld_token","rarity":4},"920202":{"fileName":"key_of_knowledge","rarity":3},"635671":{"fileName":"seed_of_abundance","rarity":2},"836257":{"fileName":"flower_of_eternity","rarity":4},"920198":{"fileName":"sprout_of_life","rarity":3},"635669":{"fileName":"obsidian_of_dread","rarity":2},"836255":{"fileName":"obsidian_of_obsession","rarity":4},"920196":{"fileName":"obsidian_of_desolation","rarity":3},"549407":{"fileName":"silvermane_badge","rarity":2},"633348":{"fileName":"silvermane_insignia","rarity":3},"717289":{"fileName":"silvermane_medal","rarity":4},"635668":{"fileName":"endurance_of_bronze","rarity":2},"836254":{"fileName":"safeguard_of_amber","rarity":4},"920195":{"fileName":"oath_of_steel","rarity":3},"549408":{"fileName":"ancient_part","rarity":2},"633349":{"fileName":"ancient_spindle","rarity":3},"717290":{"fileName":"ancient_engine","rarity":4},"866633":{"fileName":"broken_teeth_of_iron_wolf","rarity":4},"270195":{"fileName":"guardians_lament","rarity":4},"468391":{"fileName":"golden_crown_of_the_past_shadow","rarity":4},"351746":{"fileName":"void_cast_iron","rarity":4},"151160":{"fileName":"lightning_crown_of_the_past_shadow","rarity":4},"983278":{"fileName":"endotherm_chitin","rarity":4},"267805":{"fileName":"storm_eye","rarity":4}}