{
 "name": "Discípula Longeva",
 "iconPath": "464ebde376f99b43e825bf68497794dbff531e112dcf545e87e96032e43dad12",
 "artPath": "e987a8f9c9516022f15a881566518f30835aadc1202b744af25f2173e5aba6e2",
 "rarity": 5,
 "relicType": 0,
 "embeddedBaseTypes": {
  "0": {
   "id": 0,
   "iconPath": "41072ca3899477a962f134868e1fa9e70dccfb48858da4ba0f0240284789aaef",
   "color": "#FFFFFF",
   "name": "",
   "rarity": 0
  },
  "1": {
   "id": 1,
   "iconPath": "adc5e9134f1305bc6fce9540aa715f3a126bf8c692f884f179c30f4a77c23517",
   "color": "#FFFFFF",
   "name": "Cabeça",
   "rarity": 0
  },
  "2": {
   "id": 2,
   "iconPath": "881cc71c4ba36330e78afd8048fcb12d871fed11643cf88ed0ec35baa2dc4448",
   "color": "#FFFFFF",
   "name": "Mãos",
   "rarity": 0
  },
  "3": {
   "id": 3,
   "iconPath": "69a915b7e71818ce9045d15909d068e17b0eb55b521de61e2b6beae81aaad69d",
   "color": "#FFFFFF",
   "name": "Corpo",
   "rarity": 0
  },
  "4": {
   "id": 4,
   "iconPath": "4e3a373adf26de8bf6a014d20c60673e492edb4e0c42eb41c4fdd0e1ee76be18",
   "color": "#FFFFFF",
   "name": "Pés",
   "rarity": 0
  },
  "5": {
   "id": 5,
   "iconPath": "4d5bdc016d963c74451bbfd89499fb09b38187b832b78f9e370059491a889144",
   "color": "#FFFFFF",
   "name": "Esfera Plana",
   "rarity": 0
  },
  "6": {
   "id": 6,
   "iconPath": "6480632e5e286318196c11d1b3a878c0ca0491dbda41d1e795a50570f18426eb",
   "color": "#FFFFFF",
   "name": "Corda de Ligação",
   "rarity": 0
  }
 },
 "skills": [
  {
   "useNum": 2,
   "desc": "Aumenta os PV máximos em <nobr>#1[i]%</nobr>.",
   "params": [
    0.12
   ]
  },
  {
   "useNum": 4,
   "desc": "Quando o usuário recebe um golpe ou tem seus PV consumidos por um aliado ou por si próprio, a Chance de CRIT dele aumenta em <nobr>#1[i]%</nobr> por <nobr>#2[i]</nobr> rodada(s) e até <nobr>#3[i]</nobr> acúmulos.",
   "params": [
    0.08,
    2,
    2
   ]
  }
 ],
 "pieces": {
  "1": {
   "name": "Olho Protético da Discípula",
   "type": 0,
   "maxRarity": 5,
   "iconPath": "a79af56736a31903e64c34f5b82d4ce8dfd6a2a19b1deb5ff48c490eb7d77e44",
   "baseTypeText": "Cabeça",
   "loreTitle": "Olho Protético da Discípula",
   "miniLore": "Um olho de Engenho que já pertenceu a alguém. Depois de ser expelido do corpo de seu dono, se tornou completamente inútil.",
   "lore": "No cenário sombrio e caótico que parecia um sonho, ela sempre sonhava com a luz que havia encontrado naqueles poucos dias. Milhares de hectares de árvores de eucalipto balançavam suavemente ao vento, as pétalas voando livremente. As ondas azul-índigo batiam nas pedras e se espumavam em tons de jade e branco. Pássaros abriam suas asas prateadas e desapareciam na floresta de bambus-verdes.<br /><br />Ela estava sempre procurando por alguém em seus sonhos, alguém com quem pudesse dividir a beleza do cenário.<br /><br />Mas tudo o que ela conseguia ver era um vulto borrado. Ela se lembrava claramente dos seus cabelos curtos e macios e dos olhos escuros que pareciam pedras de jade preto, mas as suas memórias desapareciam no labirinto do seu cérebro, e ela sempre acordava com um sobressalto logo antes de ver o rosto claramente. Assustada, ela tocou seu olho protético que lhe causava tanta dor. Com a ajuda da prótese, ela já não precisava montar quebra-cabeças de sons, cheiros e toque para formar imagens difusas na sua mente.<br /><br />\"Isso já não é mais necessário\", disse a Emanadora da Origem da Ruína. \"Logo, você será capaz de ver tudo o que quiser, com seus próprios olhos.\"<br /><br />\"Esse é o meu olho\", ela riu, \"e além disso, eu nunca vou ter a chance de ver o cenário que eu pude ver com ele de novo.\"",
   "rarityData": {
    "2": {
     "rarity": 2,
     "maxLevel": 6,
     "mainAffixes": [
      {
       "propertyName": "PV",
       "propertyIconPath": "9560c98da124f605af2e45c09f26a0b8ee24c3aa357b9701464d7c04adcd0da7",
       "isPercent": false,
       "baseValue": 45.1584,
       "levelAdd": 15.80544,
       "stepValue": 0,
       "maxStep": 0
      }
     ],
     "subAffixes": [
      {
       "propertyName": "PV",
       "propertyIconPath": "9560c98da124f605af2e45c09f26a0b8ee24c3aa357b9701464d7c04adcd0da7",
       "isPercent": false,
       "baseValue": 13.548016,
       "levelAdd": 13.548016,
       "stepValue": 1.693502,
       "maxStep": 2
      },
      {
       "propertyName": "ATQ",
       "propertyIconPath": "2d1ce81848ae3af0e819f7f98badde6930dd127f20a6d2686eb806bc963989d5",
       "isPercent": false,
       "baseValue": 6.774008,
       "levelAdd": 6.774008,
       "stepValue": 0.846751,
       "maxStep": 2
      },
      {
       "propertyName": "DEF",
       "propertyIconPath": "2077c52919d0f523755a4d92ce338874b71561611a436572d8eb315a34f4a4c2",
       "isPercent": false,
       "baseValue": 6.774008,
       "levelAdd": 6.774008,
       "stepValue": 0.846751,
       "maxStep": 2
      },
      {
       "propertyName": "PV",
       "propertyIconPath": "9560c98da124f605af2e45c09f26a0b8ee24c3aa357b9701464d7c04adcd0da7",
       "isPercent": true,
       "baseValue": 0.013824001,
       "levelAdd": 0.013824001,
       "stepValue": 0.0017280006,
       "maxStep": 2
      },
      {
       "propertyName": "ATQ",
       "propertyIconPath": "2d1ce81848ae3af0e819f7f98badde6930dd127f20a6d2686eb806bc963989d5",
       "isPercent": true,
       "baseValue": 0.013824001,
       "levelAdd": 0.013824001,
       "stepValue": 0.0017280006,
       "maxStep": 2
      },
      {
       "propertyName": "DEF",
       "propertyIconPath": "2077c52919d0f523755a4d92ce338874b71561611a436572d8eb315a34f4a4c2",
       "isPercent": true,
       "baseValue": 0.017280001,
       "levelAdd": 0.017280001,
       "stepValue": 0.0021600004,
       "maxStep": 2
      },
      {
       "propertyName": "VEL",
       "propertyIconPath": "959ebc55a284ac83b29de4d97b3422772e372e53ff820bc9af972e0201aabe98",
       "isPercent": false,
       "baseValue": 1,
       "levelAdd": 1,
       "stepValue": 0.1,
       "maxStep": 2
      },
      {
       "propertyName": "Chance de CRIT",
       "propertyIconPath": "649d04ce090ec9e142d024138f54bf2e416362f48f452776826e5a4e8e26c028",
       "isPercent": true,
       "baseValue": 0.010368001,
       "levelAdd": 0.010368001,
       "stepValue": 0.0012960008,
       "maxStep": 2
      },
      {
       "propertyName": "Dano CRIT",
       "propertyIconPath": "70505c64ff7cb3df4a9faf76eb488438570422a20d9dd2f42225da1dd1c97648",
       "isPercent": true,
       "baseValue": 0.020736001,
       "levelAdd": 0.020736001,
       "stepValue": 0.0025920009,
       "maxStep": 2
      },
      {
       "propertyName": "Taxa de Acerto de Efeito",
       "propertyIconPath": "16e46edec660d897581a1ee77b95e61bafbc7a669f7e88ab6d27b9f23fa4bd49",
       "isPercent": true,
       "baseValue": 0.013824001,
       "levelAdd": 0.013824001,
       "stepValue": 0.0017280006,
       "maxStep": 2
      },
      {
       "propertyName": "RES a Efeito",
       "propertyIconPath": "53050ffa2be01a99b930263f8c1b883e021e236827d23c7f2fafbd5d59f4a98d",
       "isPercent": true,
       "baseValue": 0.013824001,
       "levelAdd": 0.013824001,
       "stepValue": 0.0017280006,
       "maxStep": 2
      },
      {
       "propertyName": "Efeito de Quebra",
       "propertyIconPath": "2f652a2e091ec1a28dde16dfec5968a959804447eb99f746b6f2cba53dedfc2c",
       "isPercent": true,
       "baseValue": 0.020736001,
       "levelAdd": 0.020736001,
       "stepValue": 0.0025920009,
       "maxStep": 2
      }
     ]
    },
    "3": {
     "rarity": 3,
     "maxLevel": 9,
     "mainAffixes": [
      {
       "propertyName": "PV",
       "propertyIconPath": "9560c98da124f605af2e45c09f26a0b8ee24c3aa357b9701464d7c04adcd0da7",
       "isPercent": false,
       "baseValue": 67.7376,
       "levelAdd": 23.70816,
       "stepValue": 0,
       "maxStep": 0
      }
     ],
     "subAffixes": [
      {
       "propertyName": "PV",
       "propertyIconPath": "9560c98da124f605af2e45c09f26a0b8ee24c3aa357b9701464d7c04adcd0da7",
       "isPercent": false,
       "baseValue": 20.322023,
       "levelAdd": 20.322023,
       "stepValue": 2.540253,
       "maxStep": 2
      },
      {
       "propertyName": "ATQ",
       "propertyIconPath": "2d1ce81848ae3af0e819f7f98badde6930dd127f20a6d2686eb806bc963989d5",
       "isPercent": false,
       "baseValue": 10.161012,
       "levelAdd": 10.161012,
       "stepValue": 1.270126,
       "maxStep": 2
      },
      {
       "propertyName": "DEF",
       "propertyIconPath": "2077c52919d0f523755a4d92ce338874b71561611a436572d8eb315a34f4a4c2",
       "isPercent": false,
       "baseValue": 10.161012,
       "levelAdd": 10.161012,
       "stepValue": 1.270126,
       "maxStep": 2
      },
      {
       "propertyName": "PV",
       "propertyIconPath": "9560c98da124f605af2e45c09f26a0b8ee24c3aa357b9701464d7c04adcd0da7",
       "isPercent": true,
       "baseValue": 0.020736001,
       "levelAdd": 0.020736001,
       "stepValue": 0.0025920009,
       "maxStep": 2
      },
      {
       "propertyName": "ATQ",
       "propertyIconPath": "2d1ce81848ae3af0e819f7f98badde6930dd127f20a6d2686eb806bc963989d5",
       "isPercent": true,
       "baseValue": 0.020736001,
       "levelAdd": 0.020736001,
       "stepValue": 0.0025920009,
       "maxStep": 2
      },
      {
       "propertyName": "DEF",
       "propertyIconPath": "2077c52919d0f523755a4d92ce338874b71561611a436572d8eb315a34f4a4c2",
       "isPercent": true,
       "baseValue": 0.02592,
       "levelAdd": 0.02592,
       "stepValue": 0.0032400002,
       "maxStep": 2
      },
      {
       "propertyName": "VEL",
       "propertyIconPath": "959ebc55a284ac83b29de4d97b3422772e372e53ff820bc9af972e0201aabe98",
       "isPercent": false,
       "baseValue": 1.2,
       "levelAdd": 1.2,
       "stepValue": 0.1,
       "maxStep": 2
      },
      {
       "propertyName": "Chance de CRIT",
       "propertyIconPath": "649d04ce090ec9e142d024138f54bf2e416362f48f452776826e5a4e8e26c028",
       "isPercent": true,
       "baseValue": 0.015552,
       "levelAdd": 0.015552,
       "stepValue": 0.0019440008,
       "maxStep": 2
      },
      {
       "propertyName": "Dano CRIT",
       "propertyIconPath": "70505c64ff7cb3df4a9faf76eb488438570422a20d9dd2f42225da1dd1c97648",
       "isPercent": true,
       "baseValue": 0.031104,
       "levelAdd": 0.031104,
       "stepValue": 0.003888001,
       "maxStep": 2
      },
      {
       "propertyName": "Taxa de Acerto de Efeito",
       "propertyIconPath": "16e46edec660d897581a1ee77b95e61bafbc7a669f7e88ab6d27b9f23fa4bd49",
       "isPercent": true,
       "baseValue": 0.020736001,
       "levelAdd": 0.020736001,
       "stepValue": 0.0025920009,
       "maxStep": 2
      },
      {
       "propertyName": "RES a Efeito",
       "propertyIconPath": "53050ffa2be01a99b930263f8c1b883e021e236827d23c7f2fafbd5d59f4a98d",
       "isPercent": true,
       "baseValue": 0.020736001,
       "levelAdd": 0.020736001,
       "stepValue": 0.0025920009,
       "maxStep": 2
      },
      {
       "propertyName": "Efeito de Quebra",
       "propertyIconPath": "2f652a2e091ec1a28dde16dfec5968a959804447eb99f746b6f2cba53dedfc2c",
       "isPercent": true,
       "baseValue": 0.031104,
       "levelAdd": 0.031104,
       "stepValue": 0.003888001,
       "maxStep": 2
      }
     ]
    },
    "4": {
     "rarity": 4,
     "maxLevel": 12,
     "mainAffixes": [
      {
       "propertyName": "PV",
       "propertyIconPath": "9560c98da124f605af2e45c09f26a0b8ee24c3aa357b9701464d7c04adcd0da7",
       "isPercent": false,
       "baseValue": 90.3168,
       "levelAdd": 31.61088,
       "stepValue": 0,
       "maxStep": 0
      }
     ],
     "subAffixes": [
      {
       "propertyName": "PV",
       "propertyIconPath": "9560c98da124f605af2e45c09f26a0b8ee24c3aa357b9701464d7c04adcd0da7",
       "isPercent": false,
       "baseValue": 27.096031,
       "levelAdd": 27.096031,
       "stepValue": 3.387004,
       "maxStep": 2
      },
      {
       "propertyName": "ATQ",
       "propertyIconPath": "2d1ce81848ae3af0e819f7f98badde6930dd127f20a6d2686eb806bc963989d5",
       "isPercent": false,
       "baseValue": 13.548016,
       "levelAdd": 13.548016,
       "stepValue": 1.693502,
       "maxStep": 2
      },
      {
       "propertyName": "DEF",
       "propertyIconPath": "2077c52919d0f523755a4d92ce338874b71561611a436572d8eb315a34f4a4c2",
       "isPercent": false,
       "baseValue": 13.548016,
       "levelAdd": 13.548016,
       "stepValue": 1.693502,
       "maxStep": 2
      },
      {
       "propertyName": "PV",
       "propertyIconPath": "9560c98da124f605af2e45c09f26a0b8ee24c3aa357b9701464d7c04adcd0da7",
       "isPercent": true,
       "baseValue": 0.027648,
       "levelAdd": 0.027648,
       "stepValue": 0.0034560005,
       "maxStep": 2
      },
      {
       "propertyName": "ATQ",
       "propertyIconPath": "2d1ce81848ae3af0e819f7f98badde6930dd127f20a6d2686eb806bc963989d5",
       "isPercent": true,
       "baseValue": 0.027648,
       "levelAdd": 0.027648,
       "stepValue": 0.0034560005,
       "maxStep": 2
      },
      {
       "propertyName": "DEF",
       "propertyIconPath": "2077c52919d0f523755a4d92ce338874b71561611a436572d8eb315a34f4a4c2",
       "isPercent": true,
       "baseValue": 0.034560002,
       "levelAdd": 0.034560002,
       "stepValue": 0.0043200003,
       "maxStep": 2
      },
      {
       "propertyName": "VEL",
       "propertyIconPath": "959ebc55a284ac83b29de4d97b3422772e372e53ff820bc9af972e0201aabe98",
       "isPercent": false,
       "baseValue": 1.6,
       "levelAdd": 1.6,
       "stepValue": 0.2,
       "maxStep": 2
      },
      {
       "propertyName": "Chance de CRIT",
       "propertyIconPath": "649d04ce090ec9e142d024138f54bf2e416362f48f452776826e5a4e8e26c028",
       "isPercent": true,
       "baseValue": 0.020736001,
       "levelAdd": 0.020736001,
       "stepValue": 0.0025920009,
       "maxStep": 2
      },
      {
       "propertyName": "Dano CRIT",
       "propertyIconPath": "70505c64ff7cb3df4a9faf76eb488438570422a20d9dd2f42225da1dd1c97648",
       "isPercent": true,
       "baseValue": 0.041472,
       "levelAdd": 0.041472,
       "stepValue": 0.0051840004,
       "maxStep": 2
      },
      {
       "propertyName": "Taxa de Acerto de Efeito",
       "propertyIconPath": "16e46edec660d897581a1ee77b95e61bafbc7a669f7e88ab6d27b9f23fa4bd49",
       "isPercent": true,
       "baseValue": 0.027648,
       "levelAdd": 0.027648,
       "stepValue": 0.0034560005,
       "maxStep": 2
      },
      {
       "propertyName": "RES a Efeito",
       "propertyIconPath": "53050ffa2be01a99b930263f8c1b883e021e236827d23c7f2fafbd5d59f4a98d",
       "isPercent": true,
       "baseValue": 0.027648,
       "levelAdd": 0.027648,
       "stepValue": 0.0034560005,
       "maxStep": 2
      },
      {
       "propertyName": "Efeito de Quebra",
       "propertyIconPath": "2f652a2e091ec1a28dde16dfec5968a959804447eb99f746b6f2cba53dedfc2c",
       "isPercent": true,
       "baseValue": 0.041472,
       "levelAdd": 0.041472,
       "stepValue": 0.0051840004,
       "maxStep": 2
      }
     ]
    },
    "5": {
     "rarity": 5,
     "maxLevel": 15,
     "mainAffixes": [
      {
       "propertyName": "PV",
       "propertyIconPath": "9560c98da124f605af2e45c09f26a0b8ee24c3aa357b9701464d7c04adcd0da7",
       "isPercent": false,
       "baseValue": 112.896,
       "levelAdd": 39.5136,
       "stepValue": 0,
       "maxStep": 0
      }
     ],
     "subAffixes": [
      {
       "propertyName": "PV",
       "propertyIconPath": "9560c98da124f605af2e45c09f26a0b8ee24c3aa357b9701464d7c04adcd0da7",
       "isPercent": false,
       "baseValue": 33.87004,
       "levelAdd": 33.87004,
       "stepValue": 4.233755,
       "maxStep": 2
      },
      {
       "propertyName": "ATQ",
       "propertyIconPath": "2d1ce81848ae3af0e819f7f98badde6930dd127f20a6d2686eb806bc963989d5",
       "isPercent": false,
       "baseValue": 16.935019,
       "levelAdd": 16.935019,
       "stepValue": 2.116877,
       "maxStep": 2
      },
      {
       "propertyName": "DEF",
       "propertyIconPath": "2077c52919d0f523755a4d92ce338874b71561611a436572d8eb315a34f4a4c2",
       "isPercent": false,
       "baseValue": 16.935019,
       "levelAdd": 16.935019,
       "stepValue": 2.116877,
       "maxStep": 2
      },
      {
       "propertyName": "PV",
       "propertyIconPath": "9560c98da124f605af2e45c09f26a0b8ee24c3aa357b9701464d7c04adcd0da7",
       "isPercent": true,
       "baseValue": 0.034560002,
       "levelAdd": 0.034560002,
       "stepValue": 0.0043200003,
       "maxStep": 2
      },
      {
       "propertyName": "ATQ",
       "propertyIconPath": "2d1ce81848ae3af0e819f7f98badde6930dd127f20a6d2686eb806bc963989d5",
       "isPercent": true,
       "baseValue": 0.034560002,
       "levelAdd": 0.034560002,
       "stepValue": 0.0043200003,
       "maxStep": 2
      },
      {
       "propertyName": "DEF",
       "propertyIconPath": "2077c52919d0f523755a4d92ce338874b71561611a436572d8eb315a34f4a4c2",
       "isPercent": true,
       "baseValue": 0.0432,
       "levelAdd": 0.0432,
       "stepValue": 0.0054,
       "maxStep": 2
      },
      {
       "propertyName": "VEL",
       "propertyIconPath": "959ebc55a284ac83b29de4d97b3422772e372e53ff820bc9af972e0201aabe98",
       "isPercent": false,
       "baseValue": 2,
       "levelAdd": 2,
       "stepValue": 0.3,
       "maxStep": 2
      },
      {
       "propertyName": "Chance de CRIT",
       "propertyIconPath": "649d04ce090ec9e142d024138f54bf2e416362f48f452776826e5a4e8e26c028",
       "isPercent": true,
       "baseValue": 0.02592,
       "levelAdd": 0.02592,
       "stepValue": 0.0032400002,
       "maxStep": 2
      },
      {
       "propertyName": "Dano CRIT",
       "propertyIconPath": "70505c64ff7cb3df4a9faf76eb488438570422a20d9dd2f42225da1dd1c97648",
       "isPercent": true,
       "baseValue": 0.05184,
       "levelAdd": 0.05184,
       "stepValue": 0.0064800004,
       "maxStep": 2
      },
      {
       "propertyName": "Taxa de Acerto de Efeito",
       "propertyIconPath": "16e46edec660d897581a1ee77b95e61bafbc7a669f7e88ab6d27b9f23fa4bd49",
       "isPercent": true,
       "baseValue": 0.034560002,
       "levelAdd": 0.034560002,
       "stepValue": 0.0043200003,
       "maxStep": 2
      },
      {
       "propertyName": "RES a Efeito",
       "propertyIconPath": "53050ffa2be01a99b930263f8c1b883e021e236827d23c7f2fafbd5d59f4a98d",
       "isPercent": true,
       "baseValue": 0.034560002,
       "levelAdd": 0.034560002,
       "stepValue": 0.0043200003,
       "maxStep": 2
      },
      {
       "propertyName": "Efeito de Quebra",
       "propertyIconPath": "2f652a2e091ec1a28dde16dfec5968a959804447eb99f746b6f2cba53dedfc2c",
       "isPercent": true,
       "baseValue": 0.05184,
       "levelAdd": 0.05184,
       "stepValue": 0.0064800004,
       "maxStep": 2
      }
     ]
    }
   }
  },
  "2": {
   "name": "Mão de Engenho da Discípula",
   "type": 0,
   "maxRarity": 5,
   "iconPath": "5998ae1812ce2a711bf068aaa81b9b28aa99521e95c8b548c66b23ad2b81c1fd",
   "baseTypeText": "Mãos",
   "loreTitle": "Mão de Engenho da Discípula",
   "miniLore": "Um membro protético especificamente feito para macróbios. Ele não requer procedimentos invasivos para ser usado.",
   "lore": "Aplicar o gel protetor à parte mal desenvolvida do seu braço, conectar os receptores neurais de sinais firmemente à pele dela e ajustar a tensão para fixar a mão de Engenho de madeira com firmeza ao corpo dela, essas foram as tarefas matinais dela todas as manhãs por centenas de anos.<br /><br />A mão de madeira trouxe uma atenção indesejada a ela, mas ela não queria passar por problemas nem despertar piedade.<br /><br />Apesar de ter um talento inigualável e ter a Comissão na palma de suas mãos, as atitudes alienantes que as outras pessoas tinham em relação a ela nunca mudaram. Os valentões covardes eventualmente desapareciam, apenas para serem substituídos por hipócritas bajuladores com uma pretensa piedade que se aglomeravam ao redor dela e faziam elogios falsos à \"incrível Pessoa Incompleta sem um braço e cega\".<br /><br />Ela já ouviu variações dessa frase milhares e milhares de vezes no passado, e todas as vezes ela sentiu vontade de vomitar. Agora, ao encarar esses rostos bajuladores implorando por misericórdia, ela só consegue sentir nojo.<br /><br />Ela inconscientemente coloca sua mão esquerda no caldeirão fervente. Uma dor aguda instantaneamente passa pelo seu corpo. Ela retira a mão rapidamente, e vê a queimadura em sua palma sarando em um piscar de olhos.<br /><br />\"Às vezes, acho que a velha mão de madeira é mais útil.\"",
   "rarityData": {
    "2": {
     "rarity": 2,
     "maxLevel": 6,
     "mainAffixes": [
      {
       "propertyName": "ATQ",
       "propertyIconPath": "2d1ce81848ae3af0e819f7f98badde6930dd127f20a6d2686eb806bc963989d5",
       "isPercent": false,
       "baseValue": 22.5792,
       "levelAdd": 7.90272,
       "stepValue": 0,
       "maxStep": 0
      }
     ],
     "subAffixes": [
      {
       "propertyName": "PV",
       "propertyIconPath": "9560c98da124f605af2e45c09f26a0b8ee24c3aa357b9701464d7c04adcd0da7",
       "isPercent": false,
       "baseValue": 13.548016,
       "levelAdd": 13.548016,
       "stepValue": 1.693502,
       "maxStep": 2
      },
      {
       "propertyName": "ATQ",
       "propertyIconPath": "2d1ce81848ae3af0e819f7f98badde6930dd127f20a6d2686eb806bc963989d5",
       "isPercent": false,
       "baseValue": 6.774008,
       "levelAdd": 6.774008,
       "stepValue": 0.846751,
       "maxStep": 2
      },
      {
       "propertyName": "DEF",
       "propertyIconPath": "2077c52919d0f523755a4d92ce338874b71561611a436572d8eb315a34f4a4c2",
       "isPercent": false,
       "baseValue": 6.774008,
       "levelAdd": 6.774008,
       "stepValue": 0.846751,
       "maxStep": 2
      },
      {
       "propertyName": "PV",
       "propertyIconPath": "9560c98da124f605af2e45c09f26a0b8ee24c3aa357b9701464d7c04adcd0da7",
       "isPercent": true,
       "baseValue": 0.013824001,
       "levelAdd": 0.013824001,
       "stepValue": 0.0017280006,
       "maxStep": 2
      },
      {
       "propertyName": "ATQ",
       "propertyIconPath": "2d1ce81848ae3af0e819f7f98badde6930dd127f20a6d2686eb806bc963989d5",
       "isPercent": true,
       "baseValue": 0.013824001,
       "levelAdd": 0.013824001,
       "stepValue": 0.0017280006,
       "maxStep": 2
      },
      {
       "propertyName": "DEF",
       "propertyIconPath": "2077c52919d0f523755a4d92ce338874b71561611a436572d8eb315a34f4a4c2",
       "isPercent": true,
       "baseValue": 0.017280001,
       "levelAdd": 0.017280001,
       "stepValue": 0.0021600004,
       "maxStep": 2
      },
      {
       "propertyName": "VEL",
       "propertyIconPath": "959ebc55a284ac83b29de4d97b3422772e372e53ff820bc9af972e0201aabe98",
       "isPercent": false,
       "baseValue": 1,
       "levelAdd": 1,
       "stepValue": 0.1,
       "maxStep": 2
      },
      {
       "propertyName": "Chance de CRIT",
       "propertyIconPath": "649d04ce090ec9e142d024138f54bf2e416362f48f452776826e5a4e8e26c028",
       "isPercent": true,
       "baseValue": 0.010368001,
       "levelAdd": 0.010368001,
       "stepValue": 0.0012960008,
       "maxStep": 2
      },
      {
       "propertyName": "Dano CRIT",
       "propertyIconPath": "70505c64ff7cb3df4a9faf76eb488438570422a20d9dd2f42225da1dd1c97648",
       "isPercent": true,
       "baseValue": 0.020736001,
       "levelAdd": 0.020736001,
       "stepValue": 0.0025920009,
       "maxStep": 2
      },
      {
       "propertyName": "Taxa de Acerto de Efeito",
       "propertyIconPath": "16e46edec660d897581a1ee77b95e61bafbc7a669f7e88ab6d27b9f23fa4bd49",
       "isPercent": true,
       "baseValue": 0.013824001,
       "levelAdd": 0.013824001,
       "stepValue": 0.0017280006,
       "maxStep": 2
      },
      {
       "propertyName": "RES a Efeito",
       "propertyIconPath": "53050ffa2be01a99b930263f8c1b883e021e236827d23c7f2fafbd5d59f4a98d",
       "isPercent": true,
       "baseValue": 0.013824001,
       "levelAdd": 0.013824001,
       "stepValue": 0.0017280006,
       "maxStep": 2
      },
      {
       "propertyName": "Efeito de Quebra",
       "propertyIconPath": "2f652a2e091ec1a28dde16dfec5968a959804447eb99f746b6f2cba53dedfc2c",
       "isPercent": true,
       "baseValue": 0.020736001,
       "levelAdd": 0.020736001,
       "stepValue": 0.0025920009,
       "maxStep": 2
      }
     ]
    },
    "3": {
     "rarity": 3,
     "maxLevel": 9,
     "mainAffixes": [
      {
       "propertyName": "ATQ",
       "propertyIconPath": "2d1ce81848ae3af0e819f7f98badde6930dd127f20a6d2686eb806bc963989d5",
       "isPercent": false,
       "baseValue": 33.8688,
       "levelAdd": 11.85408,
       "stepValue": 0,
       "maxStep": 0
      }
     ],
     "subAffixes": [
      {
       "propertyName": "PV",
       "propertyIconPath": "9560c98da124f605af2e45c09f26a0b8ee24c3aa357b9701464d7c04adcd0da7",
       "isPercent": false,
       "baseValue": 20.322023,
       "levelAdd": 20.322023,
       "stepValue": 2.540253,
       "maxStep": 2
      },
      {
       "propertyName": "ATQ",
       "propertyIconPath": "2d1ce81848ae3af0e819f7f98badde6930dd127f20a6d2686eb806bc963989d5",
       "isPercent": false,
       "baseValue": 10.161012,
       "levelAdd": 10.161012,
       "stepValue": 1.270126,
       "maxStep": 2
      },
      {
       "propertyName": "DEF",
       "propertyIconPath": "2077c52919d0f523755a4d92ce338874b71561611a436572d8eb315a34f4a4c2",
       "isPercent": false,
       "baseValue": 10.161012,
       "levelAdd": 10.161012,
       "stepValue": 1.270126,
       "maxStep": 2
      },
      {
       "propertyName": "PV",
       "propertyIconPath": "9560c98da124f605af2e45c09f26a0b8ee24c3aa357b9701464d7c04adcd0da7",
       "isPercent": true,
       "baseValue": 0.020736001,
       "levelAdd": 0.020736001,
       "stepValue": 0.0025920009,
       "maxStep": 2
      },
      {
       "propertyName": "ATQ",
       "propertyIconPath": "2d1ce81848ae3af0e819f7f98badde6930dd127f20a6d2686eb806bc963989d5",
       "isPercent": true,
       "baseValue": 0.020736001,
       "levelAdd": 0.020736001,
       "stepValue": 0.0025920009,
       "maxStep": 2
      },
      {
       "propertyName": "DEF",
       "propertyIconPath": "2077c52919d0f523755a4d92ce338874b71561611a436572d8eb315a34f4a4c2",
       "isPercent": true,
       "baseValue": 0.02592,
       "levelAdd": 0.02592,
       "stepValue": 0.0032400002,
       "maxStep": 2
      },
      {
       "propertyName": "VEL",
       "propertyIconPath": "959ebc55a284ac83b29de4d97b3422772e372e53ff820bc9af972e0201aabe98",
       "isPercent": false,
       "baseValue": 1.2,
       "levelAdd": 1.2,
       "stepValue": 0.1,
       "maxStep": 2
      },
      {
       "propertyName": "Chance de CRIT",
       "propertyIconPath": "649d04ce090ec9e142d024138f54bf2e416362f48f452776826e5a4e8e26c028",
       "isPercent": true,
       "baseValue": 0.015552,
       "levelAdd": 0.015552,
       "stepValue": 0.0019440008,
       "maxStep": 2
      },
      {
       "propertyName": "Dano CRIT",
       "propertyIconPath": "70505c64ff7cb3df4a9faf76eb488438570422a20d9dd2f42225da1dd1c97648",
       "isPercent": true,
       "baseValue": 0.031104,
       "levelAdd": 0.031104,
       "stepValue": 0.003888001,
       "maxStep": 2
      },
      {
       "propertyName": "Taxa de Acerto de Efeito",
       "propertyIconPath": "16e46edec660d897581a1ee77b95e61bafbc7a669f7e88ab6d27b9f23fa4bd49",
       "isPercent": true,
       "baseValue": 0.020736001,
       "levelAdd": 0.020736001,
       "stepValue": 0.0025920009,
       "maxStep": 2
      },
      {
       "propertyName": "RES a Efeito",
       "propertyIconPath": "53050ffa2be01a99b930263f8c1b883e021e236827d23c7f2fafbd5d59f4a98d",
       "isPercent": true,
       "baseValue": 0.020736001,
       "levelAdd": 0.020736001,
       "stepValue": 0.0025920009,
       "maxStep": 2
      },
      {
       "propertyName": "Efeito de Quebra",
       "propertyIconPath": "2f652a2e091ec1a28dde16dfec5968a959804447eb99f746b6f2cba53dedfc2c",
       "isPercent": true,
       "baseValue": 0.031104,
       "levelAdd": 0.031104,
       "stepValue": 0.003888001,
       "maxStep": 2
      }
     ]
    },
    "4": {
     "rarity": 4,
     "maxLevel": 12,
     "mainAffixes": [
      {
       "propertyName": "ATQ",
       "propertyIconPath": "2d1ce81848ae3af0e819f7f98badde6930dd127f20a6d2686eb806bc963989d5",
       "isPercent": false,
       "baseValue": 45.1584,
       "levelAdd": 15.80544,
       "stepValue": 0,
       "maxStep": 0
      }
     ],
     "subAffixes": [
      {
       "propertyName": "PV",
       "propertyIconPath": "9560c98da124f605af2e45c09f26a0b8ee24c3aa357b9701464d7c04adcd0da7",
       "isPercent": false,
       "baseValue": 27.096031,
       "levelAdd": 27.096031,
       "stepValue": 3.387004,
       "maxStep": 2
      },
      {
       "propertyName": "ATQ",
       "propertyIconPath": "2d1ce81848ae3af0e819f7f98badde6930dd127f20a6d2686eb806bc963989d5",
       "isPercent": false,
       "baseValue": 13.548016,
       "levelAdd": 13.548016,
       "stepValue": 1.693502,
       "maxStep": 2
      },
      {
       "propertyName": "DEF",
       "propertyIconPath": "2077c52919d0f523755a4d92ce338874b71561611a436572d8eb315a34f4a4c2",
       "isPercent": false,
       "baseValue": 13.548016,
       "levelAdd": 13.548016,
       "stepValue": 1.693502,
       "maxStep": 2
      },
      {
       "propertyName": "PV",
       "propertyIconPath": "9560c98da124f605af2e45c09f26a0b8ee24c3aa357b9701464d7c04adcd0da7",
       "isPercent": true,
       "baseValue": 0.027648,
       "levelAdd": 0.027648,
       "stepValue": 0.0034560005,
       "maxStep": 2
      },
      {
       "propertyName": "ATQ",
       "propertyIconPath": "2d1ce81848ae3af0e819f7f98badde6930dd127f20a6d2686eb806bc963989d5",
       "isPercent": true,
       "baseValue": 0.027648,
       "levelAdd": 0.027648,
       "stepValue": 0.0034560005,
       "maxStep": 2
      },
      {
       "propertyName": "DEF",
       "propertyIconPath": "2077c52919d0f523755a4d92ce338874b71561611a436572d8eb315a34f4a4c2",
       "isPercent": true,
       "baseValue": 0.034560002,
       "levelAdd": 0.034560002,
       "stepValue": 0.0043200003,
       "maxStep": 2
      },
      {
       "propertyName": "VEL",
       "propertyIconPath": "959ebc55a284ac83b29de4d97b3422772e372e53ff820bc9af972e0201aabe98",
       "isPercent": false,
       "baseValue": 1.6,
       "levelAdd": 1.6,
       "stepValue": 0.2,
       "maxStep": 2
      },
      {
       "propertyName": "Chance de CRIT",
       "propertyIconPath": "649d04ce090ec9e142d024138f54bf2e416362f48f452776826e5a4e8e26c028",
       "isPercent": true,
       "baseValue": 0.020736001,
       "levelAdd": 0.020736001,
       "stepValue": 0.0025920009,
       "maxStep": 2
      },
      {
       "propertyName": "Dano CRIT",
       "propertyIconPath": "70505c64ff7cb3df4a9faf76eb488438570422a20d9dd2f42225da1dd1c97648",
       "isPercent": true,
       "baseValue": 0.041472,
       "levelAdd": 0.041472,
       "stepValue": 0.0051840004,
       "maxStep": 2
      },
      {
       "propertyName": "Taxa de Acerto de Efeito",
       "propertyIconPath": "16e46edec660d897581a1ee77b95e61bafbc7a669f7e88ab6d27b9f23fa4bd49",
       "isPercent": true,
       "baseValue": 0.027648,
       "levelAdd": 0.027648,
       "stepValue": 0.0034560005,
       "maxStep": 2
      },
      {
       "propertyName": "RES a Efeito",
       "propertyIconPath": "53050ffa2be01a99b930263f8c1b883e021e236827d23c7f2fafbd5d59f4a98d",
       "isPercent": true,
       "baseValue": 0.027648,
       "levelAdd": 0.027648,
       "stepValue": 0.0034560005,
       "maxStep": 2
      },
      {
       "propertyName": "Efeito de Quebra",
       "propertyIconPath": "2f652a2e091ec1a28dde16dfec5968a959804447eb99f746b6f2cba53dedfc2c",
       "isPercent": true,
       "baseValue": 0.041472,
       "levelAdd": 0.041472,
       "stepValue": 0.0051840004,
       "maxStep": 2
      }
     ]
    },
    "5": {
     "rarity": 5,
     "maxLevel": 15,
     "mainAffixes": [
      {
       "propertyName": "ATQ",
       "propertyIconPath": "2d1ce81848ae3af0e819f7f98badde6930dd127f20a6d2686eb806bc963989d5",
       "isPercent": false,
       "baseValue": 56.448,
       "levelAdd": 19.7568,
       "stepValue": 0,
       "maxStep": 0
      }
     ],
     "subAffixes": [
      {
       "propertyName": "PV",
       "propertyIconPath": "9560c98da124f605af2e45c09f26a0b8ee24c3aa357b9701464d7c04adcd0da7",
       "isPercent": false,
       "baseValue": 33.87004,
       "levelAdd": 33.87004,
       "stepValue": 4.233755,
       "maxStep": 2
      },
      {
       "propertyName": "ATQ",
       "propertyIconPath": "2d1ce81848ae3af0e819f7f98badde6930dd127f20a6d2686eb806bc963989d5",
       "isPercent": false,
       "baseValue": 16.935019,
       "levelAdd": 16.935019,
       "stepValue": 2.116877,
       "maxStep": 2
      },
      {
       "propertyName": "DEF",
       "propertyIconPath": "2077c52919d0f523755a4d92ce338874b71561611a436572d8eb315a34f4a4c2",
       "isPercent": false,
       "baseValue": 16.935019,
       "levelAdd": 16.935019,
       "stepValue": 2.116877,
       "maxStep": 2
      },
      {
       "propertyName": "PV",
       "propertyIconPath": "9560c98da124f605af2e45c09f26a0b8ee24c3aa357b9701464d7c04adcd0da7",
       "isPercent": true,
       "baseValue": 0.034560002,
       "levelAdd": 0.034560002,
       "stepValue": 0.0043200003,
       "maxStep": 2
      },
      {
       "propertyName": "ATQ",
       "propertyIconPath": "2d1ce81848ae3af0e819f7f98badde6930dd127f20a6d2686eb806bc963989d5",
       "isPercent": true,
       "baseValue": 0.034560002,
       "levelAdd": 0.034560002,
       "stepValue": 0.0043200003,
       "maxStep": 2
      },
      {
       "propertyName": "DEF",
       "propertyIconPath": "2077c52919d0f523755a4d92ce338874b71561611a436572d8eb315a34f4a4c2",
       "isPercent": true,
       "baseValue": 0.0432,
       "levelAdd": 0.0432,
       "stepValue": 0.0054,
       "maxStep": 2
      },
      {
       "propertyName": "VEL",
       "propertyIconPath": "959ebc55a284ac83b29de4d97b3422772e372e53ff820bc9af972e0201aabe98",
       "isPercent": false,
       "baseValue": 2,
       "levelAdd": 2,
       "stepValue": 0.3,
       "maxStep": 2
      },
      {
       "propertyName": "Chance de CRIT",
       "propertyIconPath": "649d04ce090ec9e142d024138f54bf2e416362f48f452776826e5a4e8e26c028",
       "isPercent": true,
       "baseValue": 0.02592,
       "levelAdd": 0.02592,
       "stepValue": 0.0032400002,
       "maxStep": 2
      },
      {
       "propertyName": "Dano CRIT",
       "propertyIconPath": "70505c64ff7cb3df4a9faf76eb488438570422a20d9dd2f42225da1dd1c97648",
       "isPercent": true,
       "baseValue": 0.05184,
       "levelAdd": 0.05184,
       "stepValue": 0.0064800004,
       "maxStep": 2
      },
      {
       "propertyName": "Taxa de Acerto de Efeito",
       "propertyIconPath": "16e46edec660d897581a1ee77b95e61bafbc7a669f7e88ab6d27b9f23fa4bd49",
       "isPercent": true,
       "baseValue": 0.034560002,
       "levelAdd": 0.034560002,
       "stepValue": 0.0043200003,
       "maxStep": 2
      },
      {
       "propertyName": "RES a Efeito",
       "propertyIconPath": "53050ffa2be01a99b930263f8c1b883e021e236827d23c7f2fafbd5d59f4a98d",
       "isPercent": true,
       "baseValue": 0.034560002,
       "levelAdd": 0.034560002,
       "stepValue": 0.0043200003,
       "maxStep": 2
      },
      {
       "propertyName": "Efeito de Quebra",
       "propertyIconPath": "2f652a2e091ec1a28dde16dfec5968a959804447eb99f746b6f2cba53dedfc2c",
       "isPercent": true,
       "baseValue": 0.05184,
       "levelAdd": 0.05184,
       "stepValue": 0.0064800004,
       "maxStep": 2
      }
     ]
    }
   }
  },
  "3": {
   "name": "Traje de Penas Viçoso da Discípula",
   "type": 0,
   "maxRarity": 5,
   "iconPath": "6f827c45faa6d92bf7e08472eed58c3cb3dbe518d425c44382172442821b6ac1",
   "baseTypeText": "Corpo",
   "loreTitle": "Traje de Penas Viçoso da Discípula",
   "miniLore": "Uma vestimenta feita de penas de acordo com instruções antigas. Ou seu dono era um demônio execrado nas páginas da história, ou um salvador da humanidade.",
   "lore": "Procurar informações em fragmentos de textos históricos é ainda mais difícil para pessoas cegas. Os seus companheiros liam a grande quantidade de textos para ela indiscriminadamente, e ela compilava e selecionava partes que gostaria de explorar mais a fundo.<br /><br />Com sua inteligência extraordinária, ela consegue se lembrar de quase todas as passagens que ouve depois de ouvir apenas uma vez. Contudo, ela sempre ouvia a história de fantasma desenterrada de uma pilha de pergaminhos \"A Bruxa no Penhoar de Penas\", mas nunca enjoava dela.<br /><br />De acordo com as lendas, uma certa mestra do domínio salvou a sua parceira colocando sua alma em um pássaro, que se tornou imortal. Porém, eventualmente ela não pôde resistir ao chamado da ave, e também se transformou em um pássaro para voar ao seu lado. Com o passar do tempo, a mestra do domínio perdeu a sanidade e a sua verdadeira forma, se tornando um monstro meio humano e meio pássaro. Quando os seus súditos invadiram o palácio e a golpearam com lanças e flechas em brasa, os dois pássaros cantaram uma última canção fúnebre e se tornaram cinzas junto à sua criadora.<br /><br />Ela amava tanto essa história que ela levou a essência e a medula dos pássaros e transformou-as na fornalha de alquimia, e então pediu que alguém costurasse esses materiais em um luxuoso penhoar de penas. Ela não conseguia ver a beleza do penhoar, mas ela adorava andar pela casa usando-o. Ele deveria ser visto e apreciado por uma pessoa que não existia mais.<br /><br />Conforme as penas se mexiam com o bento, ela sempre sentia como se a alma de um pássaro estivesse voando através dela, por suas mãos e ombros, sempre se fazendo presente.",
   "rarityData": {
    "2": {
     "rarity": 2,
     "maxLevel": 6,
     "mainAffixes": [
      {
       "propertyName": "PV",
       "propertyIconPath": "9560c98da124f605af2e45c09f26a0b8ee24c3aa357b9701464d7c04adcd0da7",
       "isPercent": true,
       "baseValue": 0.027648,
       "levelAdd": 0.009677,
       "stepValue": 0,
       "maxStep": 0
      },
      {
       "propertyName": "ATQ",
       "propertyIconPath": "2d1ce81848ae3af0e819f7f98badde6930dd127f20a6d2686eb806bc963989d5",
       "isPercent": true,
       "baseValue": 0.027648,
       "levelAdd": 0.009677,
       "stepValue": 0,
       "maxStep": 0
      },
      {
       "propertyName": "DEF",
       "propertyIconPath": "2077c52919d0f523755a4d92ce338874b71561611a436572d8eb315a34f4a4c2",
       "isPercent": true,
       "baseValue": 0.034560002,
       "levelAdd": 0.012096001,
       "stepValue": 0,
       "maxStep": 0
      },
      {
       "propertyName": "Chance de CRIT",
       "propertyIconPath": "649d04ce090ec9e142d024138f54bf2e416362f48f452776826e5a4e8e26c028",
       "isPercent": true,
       "baseValue": 0.020736001,
       "levelAdd": 0.007258,
       "stepValue": 0,
       "maxStep": 0
      },
      {
       "propertyName": "Dano CRIT",
       "propertyIconPath": "70505c64ff7cb3df4a9faf76eb488438570422a20d9dd2f42225da1dd1c97648",
       "isPercent": true,
       "baseValue": 0.041472,
       "levelAdd": 0.014515,
       "stepValue": 0,
       "maxStep": 0
      },
      {
       "propertyName": "Bônus de Cura Realizada",
       "propertyIconPath": "1ecf9533d500dcf797874c47e9ee7dfd99de2e0f4e3a0f0ff87544cfb1d1b72a",
       "isPercent": true,
       "baseValue": 0.022118,
       "levelAdd": 0.0077410005,
       "stepValue": 0,
       "maxStep": 0
      },
      {
       "propertyName": "Taxa de Acerto de Efeito",
       "propertyIconPath": "16e46edec660d897581a1ee77b95e61bafbc7a669f7e88ab6d27b9f23fa4bd49",
       "isPercent": true,
       "baseValue": 0.027648,
       "levelAdd": 0.009677,
       "stepValue": 0,
       "maxStep": 0
      }
     ],
     "subAffixes": [
      {
       "propertyName": "PV",
       "propertyIconPath": "9560c98da124f605af2e45c09f26a0b8ee24c3aa357b9701464d7c04adcd0da7",
       "isPercent": false,
       "baseValue": 13.548016,
       "levelAdd": 13.548016,
       "stepValue": 1.693502,
       "maxStep": 2
      },
      {
       "propertyName": "ATQ",
       "propertyIconPath": "2d1ce81848ae3af0e819f7f98badde6930dd127f20a6d2686eb806bc963989d5",
       "isPercent": false,
       "baseValue": 6.774008,
       "levelAdd": 6.774008,
       "stepValue": 0.846751,
       "maxStep": 2
      },
      {
       "propertyName": "DEF",
       "propertyIconPath": "2077c52919d0f523755a4d92ce338874b71561611a436572d8eb315a34f4a4c2",
       "isPercent": false,
       "baseValue": 6.774008,
       "levelAdd": 6.774008,
       "stepValue": 0.846751,
       "maxStep": 2
      },
      {
       "propertyName": "PV",
       "propertyIconPath": "9560c98da124f605af2e45c09f26a0b8ee24c3aa357b9701464d7c04adcd0da7",
       "isPercent": true,
       "baseValue": 0.013824001,
       "levelAdd": 0.013824001,
       "stepValue": 0.0017280006,
       "maxStep": 2
      },
      {
       "propertyName": "ATQ",
       "propertyIconPath": "2d1ce81848ae3af0e819f7f98badde6930dd127f20a6d2686eb806bc963989d5",
       "isPercent": true,
       "baseValue": 0.013824001,
       "levelAdd": 0.013824001,
       "stepValue": 0.0017280006,
       "maxStep": 2
      },
      {
       "propertyName": "DEF",
       "propertyIconPath": "2077c52919d0f523755a4d92ce338874b71561611a436572d8eb315a34f4a4c2",
       "isPercent": true,
       "baseValue": 0.017280001,
       "levelAdd": 0.017280001,
       "stepValue": 0.0021600004,
       "maxStep": 2
      },
      {
       "propertyName": "VEL",
       "propertyIconPath": "959ebc55a284ac83b29de4d97b3422772e372e53ff820bc9af972e0201aabe98",
       "isPercent": false,
       "baseValue": 1,
       "levelAdd": 1,
       "stepValue": 0.1,
       "maxStep": 2
      },
      {
       "propertyName": "Chance de CRIT",
       "propertyIconPath": "649d04ce090ec9e142d024138f54bf2e416362f48f452776826e5a4e8e26c028",
       "isPercent": true,
       "baseValue": 0.010368001,
       "levelAdd": 0.010368001,
       "stepValue": 0.0012960008,
       "maxStep": 2
      },
      {
       "propertyName": "Dano CRIT",
       "propertyIconPath": "70505c64ff7cb3df4a9faf76eb488438570422a20d9dd2f42225da1dd1c97648",
       "isPercent": true,
       "baseValue": 0.020736001,
       "levelAdd": 0.020736001,
       "stepValue": 0.0025920009,
       "maxStep": 2
      },
      {
       "propertyName": "Taxa de Acerto de Efeito",
       "propertyIconPath": "16e46edec660d897581a1ee77b95e61bafbc7a669f7e88ab6d27b9f23fa4bd49",
       "isPercent": true,
       "baseValue": 0.013824001,
       "levelAdd": 0.013824001,
       "stepValue": 0.0017280006,
       "maxStep": 2
      },
      {
       "propertyName": "RES a Efeito",
       "propertyIconPath": "53050ffa2be01a99b930263f8c1b883e021e236827d23c7f2fafbd5d59f4a98d",
       "isPercent": true,
       "baseValue": 0.013824001,
       "levelAdd": 0.013824001,
       "stepValue": 0.0017280006,
       "maxStep": 2
      },
      {
       "propertyName": "Efeito de Quebra",
       "propertyIconPath": "2f652a2e091ec1a28dde16dfec5968a959804447eb99f746b6f2cba53dedfc2c",
       "isPercent": true,
       "baseValue": 0.020736001,
       "levelAdd": 0.020736001,
       "stepValue": 0.0025920009,
       "maxStep": 2
      }
     ]
    },
    "3": {
     "rarity": 3,
     "maxLevel": 9,
     "mainAffixes": [
      {
       "propertyName": "PV",
       "propertyIconPath": "9560c98da124f605af2e45c09f26a0b8ee24c3aa357b9701464d7c04adcd0da7",
       "isPercent": true,
       "baseValue": 0.041472,
       "levelAdd": 0.014515,
       "stepValue": 0,
       "maxStep": 0
      },
      {
       "propertyName": "ATQ",
       "propertyIconPath": "2d1ce81848ae3af0e819f7f98badde6930dd127f20a6d2686eb806bc963989d5",
       "isPercent": true,
       "baseValue": 0.041472,
       "levelAdd": 0.014515,
       "stepValue": 0,
       "maxStep": 0
      },
      {
       "propertyName": "DEF",
       "propertyIconPath": "2077c52919d0f523755a4d92ce338874b71561611a436572d8eb315a34f4a4c2",
       "isPercent": true,
       "baseValue": 0.05184,
       "levelAdd": 0.018144,
       "stepValue": 0,
       "maxStep": 0
      },
      {
       "propertyName": "Chance de CRIT",
       "propertyIconPath": "649d04ce090ec9e142d024138f54bf2e416362f48f452776826e5a4e8e26c028",
       "isPercent": true,
       "baseValue": 0.031104,
       "levelAdd": 0.010886001,
       "stepValue": 0,
       "maxStep": 0
      },
      {
       "propertyName": "Dano CRIT",
       "propertyIconPath": "70505c64ff7cb3df4a9faf76eb488438570422a20d9dd2f42225da1dd1c97648",
       "isPercent": true,
       "baseValue": 0.062208,
       "levelAdd": 0.021773001,
       "stepValue": 0,
       "maxStep": 0
      },
      {
       "propertyName": "Bônus de Cura Realizada",
       "propertyIconPath": "1ecf9533d500dcf797874c47e9ee7dfd99de2e0f4e3a0f0ff87544cfb1d1b72a",
       "isPercent": true,
       "baseValue": 0.033178,
       "levelAdd": 0.011612,
       "stepValue": 0,
       "maxStep": 0
      },
      {
       "propertyName": "Taxa de Acerto de Efeito",
       "propertyIconPath": "16e46edec660d897581a1ee77b95e61bafbc7a669f7e88ab6d27b9f23fa4bd49",
       "isPercent": true,
       "baseValue": 0.041472,
       "levelAdd": 0.014515,
       "stepValue": 0,
       "maxStep": 0
      }
     ],
     "subAffixes": [
      {
       "propertyName": "PV",
       "propertyIconPath": "9560c98da124f605af2e45c09f26a0b8ee24c3aa357b9701464d7c04adcd0da7",
       "isPercent": false,
       "baseValue": 20.322023,
       "levelAdd": 20.322023,
       "stepValue": 2.540253,
       "maxStep": 2
      },
      {
       "propertyName": "ATQ",
       "propertyIconPath": "2d1ce81848ae3af0e819f7f98badde6930dd127f20a6d2686eb806bc963989d5",
       "isPercent": false,
       "baseValue": 10.161012,
       "levelAdd": 10.161012,
       "stepValue": 1.270126,
       "maxStep": 2
      },
      {
       "propertyName": "DEF",
       "propertyIconPath": "2077c52919d0f523755a4d92ce338874b71561611a436572d8eb315a34f4a4c2",
       "isPercent": false,
       "baseValue": 10.161012,
       "levelAdd": 10.161012,
       "stepValue": 1.270126,
       "maxStep": 2
      },
      {
       "propertyName": "PV",
       "propertyIconPath": "9560c98da124f605af2e45c09f26a0b8ee24c3aa357b9701464d7c04adcd0da7",
       "isPercent": true,
       "baseValue": 0.020736001,
       "levelAdd": 0.020736001,
       "stepValue": 0.0025920009,
       "maxStep": 2
      },
      {
       "propertyName": "ATQ",
       "propertyIconPath": "2d1ce81848ae3af0e819f7f98badde6930dd127f20a6d2686eb806bc963989d5",
       "isPercent": true,
       "baseValue": 0.020736001,
       "levelAdd": 0.020736001,
       "stepValue": 0.0025920009,
       "maxStep": 2
      },
      {
       "propertyName": "DEF",
       "propertyIconPath": "2077c52919d0f523755a4d92ce338874b71561611a436572d8eb315a34f4a4c2",
       "isPercent": true,
       "baseValue": 0.02592,
       "levelAdd": 0.02592,
       "stepValue": 0.0032400002,
       "maxStep": 2
      },
      {
       "propertyName": "VEL",
       "propertyIconPath": "959ebc55a284ac83b29de4d97b3422772e372e53ff820bc9af972e0201aabe98",
       "isPercent": false,
       "baseValue": 1.2,
       "levelAdd": 1.2,
       "stepValue": 0.1,
       "maxStep": 2
      },
      {
       "propertyName": "Chance de CRIT",
       "propertyIconPath": "649d04ce090ec9e142d024138f54bf2e416362f48f452776826e5a4e8e26c028",
       "isPercent": true,
       "baseValue": 0.015552,
       "levelAdd": 0.015552,
       "stepValue": 0.0019440008,
       "maxStep": 2
      },
      {
       "propertyName": "Dano CRIT",
       "propertyIconPath": "70505c64ff7cb3df4a9faf76eb488438570422a20d9dd2f42225da1dd1c97648",
       "isPercent": true,
       "baseValue": 0.031104,
       "levelAdd": 0.031104,
       "stepValue": 0.003888001,
       "maxStep": 2
      },
      {
       "propertyName": "Taxa de Acerto de Efeito",
       "propertyIconPath": "16e46edec660d897581a1ee77b95e61bafbc7a669f7e88ab6d27b9f23fa4bd49",
       "isPercent": true,
       "baseValue": 0.020736001,
       "levelAdd": 0.020736001,
       "stepValue": 0.0025920009,
       "maxStep": 2
      },
      {
       "propertyName": "RES a Efeito",
       "propertyIconPath": "53050ffa2be01a99b930263f8c1b883e021e236827d23c7f2fafbd5d59f4a98d",
       "isPercent": true,
       "baseValue": 0.020736001,
       "levelAdd": 0.020736001,
       "stepValue": 0.0025920009,
       "maxStep": 2
      },
      {
       "propertyName": "Efeito de Quebra",
       "propertyIconPath": "2f652a2e091ec1a28dde16dfec5968a959804447eb99f746b6f2cba53dedfc2c",
       "isPercent": true,
       "baseValue": 0.031104,
       "levelAdd": 0.031104,
       "stepValue": 0.003888001,
       "maxStep": 2
      }
     ]
    },
    "4": {
     "rarity": 4,
     "maxLevel": 12,
     "mainAffixes": [
      {
       "propertyName": "PV",
       "propertyIconPath": "9560c98da124f605af2e45c09f26a0b8ee24c3aa357b9701464d7c04adcd0da7",
       "isPercent": true,
       "baseValue": 0.055296,
       "levelAdd": 0.019354,
       "stepValue": 0,
       "maxStep": 0
      },
      {
       "propertyName": "ATQ",
       "propertyIconPath": "2d1ce81848ae3af0e819f7f98badde6930dd127f20a6d2686eb806bc963989d5",
       "isPercent": true,
       "baseValue": 0.055296,
       "levelAdd": 0.019354,
       "stepValue": 0,
       "maxStep": 0
      },
      {
       "propertyName": "DEF",
       "propertyIconPath": "2077c52919d0f523755a4d92ce338874b71561611a436572d8eb315a34f4a4c2",
       "isPercent": true,
       "baseValue": 0.06912,
       "levelAdd": 0.024192,
       "stepValue": 0,
       "maxStep": 0
      },
      {
       "propertyName": "Chance de CRIT",
       "propertyIconPath": "649d04ce090ec9e142d024138f54bf2e416362f48f452776826e5a4e8e26c028",
       "isPercent": true,
       "baseValue": 0.041472,
       "levelAdd": 0.014515,
       "stepValue": 0,
       "maxStep": 0
      },
      {
       "propertyName": "Dano CRIT",
       "propertyIconPath": "70505c64ff7cb3df4a9faf76eb488438570422a20d9dd2f42225da1dd1c97648",
       "isPercent": true,
       "baseValue": 0.082944,
       "levelAdd": 0.029029999,
       "stepValue": 0,
       "maxStep": 0
      },
      {
       "propertyName": "Bônus de Cura Realizada",
       "propertyIconPath": "1ecf9533d500dcf797874c47e9ee7dfd99de2e0f4e3a0f0ff87544cfb1d1b72a",
       "isPercent": true,
       "baseValue": 0.044237,
       "levelAdd": 0.015483,
       "stepValue": 0,
       "maxStep": 0
      },
      {
       "propertyName": "Taxa de Acerto de Efeito",
       "propertyIconPath": "16e46edec660d897581a1ee77b95e61bafbc7a669f7e88ab6d27b9f23fa4bd49",
       "isPercent": true,
       "baseValue": 0.055296,
       "levelAdd": 0.019354,
       "stepValue": 0,
       "maxStep": 0
      }
     ],
     "subAffixes": [
      {
       "propertyName": "PV",
       "propertyIconPath": "9560c98da124f605af2e45c09f26a0b8ee24c3aa357b9701464d7c04adcd0da7",
       "isPercent": false,
       "baseValue": 27.096031,
       "levelAdd": 27.096031,
       "stepValue": 3.387004,
       "maxStep": 2
      },
      {
       "propertyName": "ATQ",
       "propertyIconPath": "2d1ce81848ae3af0e819f7f98badde6930dd127f20a6d2686eb806bc963989d5",
       "isPercent": false,
       "baseValue": 13.548016,
       "levelAdd": 13.548016,
       "stepValue": 1.693502,
       "maxStep": 2
      },
      {
       "propertyName": "DEF",
       "propertyIconPath": "2077c52919d0f523755a4d92ce338874b71561611a436572d8eb315a34f4a4c2",
       "isPercent": false,
       "baseValue": 13.548016,
       "levelAdd": 13.548016,
       "stepValue": 1.693502,
       "maxStep": 2
      },
      {
       "propertyName": "PV",
       "propertyIconPath": "9560c98da124f605af2e45c09f26a0b8ee24c3aa357b9701464d7c04adcd0da7",
       "isPercent": true,
       "baseValue": 0.027648,
       "levelAdd": 0.027648,
       "stepValue": 0.0034560005,
       "maxStep": 2
      },
      {
       "propertyName": "ATQ",
       "propertyIconPath": "2d1ce81848ae3af0e819f7f98badde6930dd127f20a6d2686eb806bc963989d5",
       "isPercent": true,
       "baseValue": 0.027648,
       "levelAdd": 0.027648,
       "stepValue": 0.0034560005,
       "maxStep": 2
      },
      {
       "propertyName": "DEF",
       "propertyIconPath": "2077c52919d0f523755a4d92ce338874b71561611a436572d8eb315a34f4a4c2",
       "isPercent": true,
       "baseValue": 0.034560002,
       "levelAdd": 0.034560002,
       "stepValue": 0.0043200003,
       "maxStep": 2
      },
      {
       "propertyName": "VEL",
       "propertyIconPath": "959ebc55a284ac83b29de4d97b3422772e372e53ff820bc9af972e0201aabe98",
       "isPercent": false,
       "baseValue": 1.6,
       "levelAdd": 1.6,
       "stepValue": 0.2,
       "maxStep": 2
      },
      {
       "propertyName": "Chance de CRIT",
       "propertyIconPath": "649d04ce090ec9e142d024138f54bf2e416362f48f452776826e5a4e8e26c028",
       "isPercent": true,
       "baseValue": 0.020736001,
       "levelAdd": 0.020736001,
       "stepValue": 0.0025920009,
       "maxStep": 2
      },
      {
       "propertyName": "Dano CRIT",
       "propertyIconPath": "70505c64ff7cb3df4a9faf76eb488438570422a20d9dd2f42225da1dd1c97648",
       "isPercent": true,
       "baseValue": 0.041472,
       "levelAdd": 0.041472,
       "stepValue": 0.0051840004,
       "maxStep": 2
      },
      {
       "propertyName": "Taxa de Acerto de Efeito",
       "propertyIconPath": "16e46edec660d897581a1ee77b95e61bafbc7a669f7e88ab6d27b9f23fa4bd49",
       "isPercent": true,
       "baseValue": 0.027648,
       "levelAdd": 0.027648,
       "stepValue": 0.0034560005,
       "maxStep": 2
      },
      {
       "propertyName": "RES a Efeito",
       "propertyIconPath": "53050ffa2be01a99b930263f8c1b883e021e236827d23c7f2fafbd5d59f4a98d",
       "isPercent": true,
       "baseValue": 0.027648,
       "levelAdd": 0.027648,
       "stepValue": 0.0034560005,
       "maxStep": 2
      },
      {
       "propertyName": "Efeito de Quebra",
       "propertyIconPath": "2f652a2e091ec1a28dde16dfec5968a959804447eb99f746b6f2cba53dedfc2c",
       "isPercent": true,
       "baseValue": 0.041472,
       "levelAdd": 0.041472,
       "stepValue": 0.0051840004,
       "maxStep": 2
      }
     ]
    },
    "5": {
     "rarity": 5,
     "maxLevel": 15,
     "mainAffixes": [
      {
       "propertyName": "PV",
       "propertyIconPath": "9560c98da124f605af2e45c09f26a0b8ee24c3aa357b9701464d7c04adcd0da7",
       "isPercent": true,
       "baseValue": 0.06912,
       "levelAdd": 0.024192,
       "stepValue": 0,
       "maxStep": 0
      },
      {
       "propertyName": "ATQ",
       "propertyIconPath": "2d1ce81848ae3af0e819f7f98badde6930dd127f20a6d2686eb806bc963989d5",
       "isPercent": true,
       "baseValue": 0.06912,
       "levelAdd": 0.024192,
       "stepValue": 0,
       "maxStep": 0
      },
      {
       "propertyName": "DEF",
       "propertyIconPath": "2077c52919d0f523755a4d92ce338874b71561611a436572d8eb315a34f4a4c2",
       "isPercent": true,
       "baseValue": 0.0864,
       "levelAdd": 0.030240001,
       "stepValue": 0,
       "maxStep": 0
      },
      {
       "propertyName": "Chance de CRIT",
       "propertyIconPath": "649d04ce090ec9e142d024138f54bf2e416362f48f452776826e5a4e8e26c028",
       "isPercent": true,
       "baseValue": 0.05184,
       "levelAdd": 0.018144,
       "stepValue": 0,
       "maxStep": 0
      },
      {
       "propertyName": "Dano CRIT",
       "propertyIconPath": "70505c64ff7cb3df4a9faf76eb488438570422a20d9dd2f42225da1dd1c97648",
       "isPercent": true,
       "baseValue": 0.10368,
       "levelAdd": 0.036288,
       "stepValue": 0,
       "maxStep": 0
      },
      {
       "propertyName": "Bônus de Cura Realizada",
       "propertyIconPath": "1ecf9533d500dcf797874c47e9ee7dfd99de2e0f4e3a0f0ff87544cfb1d1b72a",
       "isPercent": true,
       "baseValue": 0.055296,
       "levelAdd": 0.019354,
       "stepValue": 0,
       "maxStep": 0
      },
      {
       "propertyName": "Taxa de Acerto de Efeito",
       "propertyIconPath": "16e46edec660d897581a1ee77b95e61bafbc7a669f7e88ab6d27b9f23fa4bd49",
       "isPercent": true,
       "baseValue": 0.06912,
       "levelAdd": 0.024192,
       "stepValue": 0,
       "maxStep": 0
      }
     ],
     "subAffixes": [
      {
       "propertyName": "PV",
       "propertyIconPath": "9560c98da124f605af2e45c09f26a0b8ee24c3aa357b9701464d7c04adcd0da7",
       "isPercent": false,
       "baseValue": 33.87004,
       "levelAdd": 33.87004,
       "stepValue": 4.233755,
       "maxStep": 2
      },
      {
       "propertyName": "ATQ",
       "propertyIconPath": "2d1ce81848ae3af0e819f7f98badde6930dd127f20a6d2686eb806bc963989d5",
       "isPercent": false,
       "baseValue": 16.935019,
       "levelAdd": 16.935019,
       "stepValue": 2.116877,
       "maxStep": 2
      },
      {
       "propertyName": "DEF",
       "propertyIconPath": "2077c52919d0f523755a4d92ce338874b71561611a436572d8eb315a34f4a4c2",
       "isPercent": false,
       "baseValue": 16.935019,
       "levelAdd": 16.935019,
       "stepValue": 2.116877,
       "maxStep": 2
      },
      {
       "propertyName": "PV",
       "propertyIconPath": "9560c98da124f605af2e45c09f26a0b8ee24c3aa357b9701464d7c04adcd0da7",
       "isPercent": true,
       "baseValue": 0.034560002,
       "levelAdd": 0.034560002,
       "stepValue": 0.0043200003,
       "maxStep": 2
      },
      {
       "propertyName": "ATQ",
       "propertyIconPath": "2d1ce81848ae3af0e819f7f98badde6930dd127f20a6d2686eb806bc963989d5",
       "isPercent": true,
       "baseValue": 0.034560002,
       "levelAdd": 0.034560002,
       "stepValue": 0.0043200003,
       "maxStep": 2
      },
      {
       "propertyName": "DEF",
       "propertyIconPath": "2077c52919d0f523755a4d92ce338874b71561611a436572d8eb315a34f4a4c2",
       "isPercent": true,
       "baseValue": 0.0432,
       "levelAdd": 0.0432,
       "stepValue": 0.0054,
       "maxStep": 2
      },
      {
       "propertyName": "VEL",
       "propertyIconPath": "959ebc55a284ac83b29de4d97b3422772e372e53ff820bc9af972e0201aabe98",
       "isPercent": false,
       "baseValue": 2,
       "levelAdd": 2,
       "stepValue": 0.3,
       "maxStep": 2
      },
      {
       "propertyName": "Chance de CRIT",
       "propertyIconPath": "649d04ce090ec9e142d024138f54bf2e416362f48f452776826e5a4e8e26c028",
       "isPercent": true,
       "baseValue": 0.02592,
       "levelAdd": 0.02592,
       "stepValue": 0.0032400002,
       "maxStep": 2
      },
      {
       "propertyName": "Dano CRIT",
       "propertyIconPath": "70505c64ff7cb3df4a9faf76eb488438570422a20d9dd2f42225da1dd1c97648",
       "isPercent": true,
       "baseValue": 0.05184,
       "levelAdd": 0.05184,
       "stepValue": 0.0064800004,
       "maxStep": 2
      },
      {
       "propertyName": "Taxa de Acerto de Efeito",
       "propertyIconPath": "16e46edec660d897581a1ee77b95e61bafbc7a669f7e88ab6d27b9f23fa4bd49",
       "isPercent": true,
       "baseValue": 0.034560002,
       "levelAdd": 0.034560002,
       "stepValue": 0.0043200003,
       "maxStep": 2
      },
      {
       "propertyName": "RES a Efeito",
       "propertyIconPath": "53050ffa2be01a99b930263f8c1b883e021e236827d23c7f2fafbd5d59f4a98d",
       "isPercent": true,
       "baseValue": 0.034560002,
       "levelAdd": 0.034560002,
       "stepValue": 0.0043200003,
       "maxStep": 2
      },
      {
       "propertyName": "Efeito de Quebra",
       "propertyIconPath": "2f652a2e091ec1a28dde16dfec5968a959804447eb99f746b6f2cba53dedfc2c",
       "isPercent": true,
       "baseValue": 0.05184,
       "levelAdd": 0.05184,
       "stepValue": 0.0064800004,
       "maxStep": 2
      }
     ]
    }
   }
  },
  "4": {
   "name": "Sandálias de Seda Celestial da Discípula",
   "type": 0,
   "maxRarity": 5,
   "iconPath": "16fea092435ed91b6b7c94fe41cb676ff9cdaf46084dbcc2efa55ff8b1f94bc9",
   "baseTypeText": "Pés",
   "loreTitle": "Sandálias de Seda Celestial da Discípula",
   "miniLore": "Um par de botas de seda com solas finas como asas de cigarra. Seu antigo dono provavelmente não usava os próprios pés para caminhar por muito tempo.",
   "lore": "Sempre que ela se desprendia da força da gravidade e levitava para demonstrar seus traços celestiais aos fiéis, ela se lembrava de uma lenda do Primeval Imperium.<br /><br />\"Era uma vez, uma pessoa praticante das artes da imortalidade que teve algum sucesso na sua busca. Ela caminhava pela terra, utilizando a essência das suas linhas de ley para desenvolver diversas técnicas milagrosas. Essa pessoa então tentou ascender aos céus para ficar entre as estrelas, mas descobriu que tinha se afastado muito das linhas de ley da terra, e eventualmente caiu no abismo da morte.\"<br /><br />Porém, ela crê que a situação atual é diferente. O Xianzhou não tinha raízes. Foi a Árvore Ambrosiana que deu a sua conexão e coexistência junto ao Aeon da Abundância, amarrando-o firmemente com a terra pura e imaculada prometida por Yaoshi. Mas agora, os traidores romperam a conexão com o caminho da imortalidade, isolando o Xianzhou de novo em sua condição de ilha precária flutuando sem raízes pelo espaço.<br /><br />O solo falso do Xianzhou não pode dar a força necessária para ela. As raízes que ela busca não estão plantadas debaixo dos seus pés, mas sim no abismo sem fim entre as estrelas. Ela vai guiar os seus discípulos para que deem uma segunda vida à Árvore Ambrosiana e abracem a suprema graça da Abundância.<br /><br />Flutuando com suas botas leves como seda, ela declara em uma voz ressoante: \"Quando você olha para mim, o que você vê não sou eu, mas sim a posição celestial e elevada que deveria pertencer a vocês\".",
   "rarityData": {
    "2": {
     "rarity": 2,
     "maxLevel": 6,
     "mainAffixes": [
      {
       "propertyName": "PV",
       "propertyIconPath": "9560c98da124f605af2e45c09f26a0b8ee24c3aa357b9701464d7c04adcd0da7",
       "isPercent": true,
       "baseValue": 0.027648,
       "levelAdd": 0.009677,
       "stepValue": 0,
       "maxStep": 0
      },
      {
       "propertyName": "ATQ",
       "propertyIconPath": "2d1ce81848ae3af0e819f7f98badde6930dd127f20a6d2686eb806bc963989d5",
       "isPercent": true,
       "baseValue": 0.027648,
       "levelAdd": 0.009677,
       "stepValue": 0,
       "maxStep": 0
      },
      {
       "propertyName": "DEF",
       "propertyIconPath": "2077c52919d0f523755a4d92ce338874b71561611a436572d8eb315a34f4a4c2",
       "isPercent": true,
       "baseValue": 0.034560002,
       "levelAdd": 0.012096001,
       "stepValue": 0,
       "maxStep": 0
      },
      {
       "propertyName": "VEL",
       "propertyIconPath": "959ebc55a284ac83b29de4d97b3422772e372e53ff820bc9af972e0201aabe98",
       "isPercent": false,
       "baseValue": 1.6128,
       "levelAdd": 1,
       "stepValue": 0,
       "maxStep": 0
      }
     ],
     "subAffixes": [
      {
       "propertyName": "PV",
       "propertyIconPath": "9560c98da124f605af2e45c09f26a0b8ee24c3aa357b9701464d7c04adcd0da7",
       "isPercent": false,
       "baseValue": 13.548016,
       "levelAdd": 13.548016,
       "stepValue": 1.693502,
       "maxStep": 2
      },
      {
       "propertyName": "ATQ",
       "propertyIconPath": "2d1ce81848ae3af0e819f7f98badde6930dd127f20a6d2686eb806bc963989d5",
       "isPercent": false,
       "baseValue": 6.774008,
       "levelAdd": 6.774008,
       "stepValue": 0.846751,
       "maxStep": 2
      },
      {
       "propertyName": "DEF",
       "propertyIconPath": "2077c52919d0f523755a4d92ce338874b71561611a436572d8eb315a34f4a4c2",
       "isPercent": false,
       "baseValue": 6.774008,
       "levelAdd": 6.774008,
       "stepValue": 0.846751,
       "maxStep": 2
      },
      {
       "propertyName": "PV",
       "propertyIconPath": "9560c98da124f605af2e45c09f26a0b8ee24c3aa357b9701464d7c04adcd0da7",
       "isPercent": true,
       "baseValue": 0.013824001,
       "levelAdd": 0.013824001,
       "stepValue": 0.0017280006,
       "maxStep": 2
      },
      {
       "propertyName": "ATQ",
       "propertyIconPath": "2d1ce81848ae3af0e819f7f98badde6930dd127f20a6d2686eb806bc963989d5",
       "isPercent": true,
       "baseValue": 0.013824001,
       "levelAdd": 0.013824001,
       "stepValue": 0.0017280006,
       "maxStep": 2
      },
      {
       "propertyName": "DEF",
       "propertyIconPath": "2077c52919d0f523755a4d92ce338874b71561611a436572d8eb315a34f4a4c2",
       "isPercent": true,
       "baseValue": 0.017280001,
       "levelAdd": 0.017280001,
       "stepValue": 0.0021600004,
       "maxStep": 2
      },
      {
       "propertyName": "VEL",
       "propertyIconPath": "959ebc55a284ac83b29de4d97b3422772e372e53ff820bc9af972e0201aabe98",
       "isPercent": false,
       "baseValue": 1,
       "levelAdd": 1,
       "stepValue": 0.1,
       "maxStep": 2
      },
      {
       "propertyName": "Chance de CRIT",
       "propertyIconPath": "649d04ce090ec9e142d024138f54bf2e416362f48f452776826e5a4e8e26c028",
       "isPercent": true,
       "baseValue": 0.010368001,
       "levelAdd": 0.010368001,
       "stepValue": 0.0012960008,
       "maxStep": 2
      },
      {
       "propertyName": "Dano CRIT",
       "propertyIconPath": "70505c64ff7cb3df4a9faf76eb488438570422a20d9dd2f42225da1dd1c97648",
       "isPercent": true,
       "baseValue": 0.020736001,
       "levelAdd": 0.020736001,
       "stepValue": 0.0025920009,
       "maxStep": 2
      },
      {
       "propertyName": "Taxa de Acerto de Efeito",
       "propertyIconPath": "16e46edec660d897581a1ee77b95e61bafbc7a669f7e88ab6d27b9f23fa4bd49",
       "isPercent": true,
       "baseValue": 0.013824001,
       "levelAdd": 0.013824001,
       "stepValue": 0.0017280006,
       "maxStep": 2
      },
      {
       "propertyName": "RES a Efeito",
       "propertyIconPath": "53050ffa2be01a99b930263f8c1b883e021e236827d23c7f2fafbd5d59f4a98d",
       "isPercent": true,
       "baseValue": 0.013824001,
       "levelAdd": 0.013824001,
       "stepValue": 0.0017280006,
       "maxStep": 2
      },
      {
       "propertyName": "Efeito de Quebra",
       "propertyIconPath": "2f652a2e091ec1a28dde16dfec5968a959804447eb99f746b6f2cba53dedfc2c",
       "isPercent": true,
       "baseValue": 0.020736001,
       "levelAdd": 0.020736001,
       "stepValue": 0.0025920009,
       "maxStep": 2
      }
     ]
    },
    "3": {
     "rarity": 3,
     "maxLevel": 9,
     "mainAffixes": [
      {
       "propertyName": "PV",
       "propertyIconPath": "9560c98da124f605af2e45c09f26a0b8ee24c3aa357b9701464d7c04adcd0da7",
       "isPercent": true,
       "baseValue": 0.041472,
       "levelAdd": 0.014515,
       "stepValue": 0,
       "maxStep": 0
      },
      {
       "propertyName": "ATQ",
       "propertyIconPath": "2d1ce81848ae3af0e819f7f98badde6930dd127f20a6d2686eb806bc963989d5",
       "isPercent": true,
       "baseValue": 0.041472,
       "levelAdd": 0.014515,
       "stepValue": 0,
       "maxStep": 0
      },
      {
       "propertyName": "DEF",
       "propertyIconPath": "2077c52919d0f523755a4d92ce338874b71561611a436572d8eb315a34f4a4c2",
       "isPercent": true,
       "baseValue": 0.05184,
       "levelAdd": 0.018144,
       "stepValue": 0,
       "maxStep": 0
      },
      {
       "propertyName": "VEL",
       "propertyIconPath": "959ebc55a284ac83b29de4d97b3422772e372e53ff820bc9af972e0201aabe98",
       "isPercent": false,
       "baseValue": 2.4192,
       "levelAdd": 1,
       "stepValue": 0,
       "maxStep": 0
      }
     ],
     "subAffixes": [
      {
       "propertyName": "PV",
       "propertyIconPath": "9560c98da124f605af2e45c09f26a0b8ee24c3aa357b9701464d7c04adcd0da7",
       "isPercent": false,
       "baseValue": 20.322023,
       "levelAdd": 20.322023,
       "stepValue": 2.540253,
       "maxStep": 2
      },
      {
       "propertyName": "ATQ",
       "propertyIconPath": "2d1ce81848ae3af0e819f7f98badde6930dd127f20a6d2686eb806bc963989d5",
       "isPercent": false,
       "baseValue": 10.161012,
       "levelAdd": 10.161012,
       "stepValue": 1.270126,
       "maxStep": 2
      },
      {
       "propertyName": "DEF",
       "propertyIconPath": "2077c52919d0f523755a4d92ce338874b71561611a436572d8eb315a34f4a4c2",
       "isPercent": false,
       "baseValue": 10.161012,
       "levelAdd": 10.161012,
       "stepValue": 1.270126,
       "maxStep": 2
      },
      {
       "propertyName": "PV",
       "propertyIconPath": "9560c98da124f605af2e45c09f26a0b8ee24c3aa357b9701464d7c04adcd0da7",
       "isPercent": true,
       "baseValue": 0.020736001,
       "levelAdd": 0.020736001,
       "stepValue": 0.0025920009,
       "maxStep": 2
      },
      {
       "propertyName": "ATQ",
       "propertyIconPath": "2d1ce81848ae3af0e819f7f98badde6930dd127f20a6d2686eb806bc963989d5",
       "isPercent": true,
       "baseValue": 0.020736001,
       "levelAdd": 0.020736001,
       "stepValue": 0.0025920009,
       "maxStep": 2
      },
      {
       "propertyName": "DEF",
       "propertyIconPath": "2077c52919d0f523755a4d92ce338874b71561611a436572d8eb315a34f4a4c2",
       "isPercent": true,
       "baseValue": 0.02592,
       "levelAdd": 0.02592,
       "stepValue": 0.0032400002,
       "maxStep": 2
      },
      {
       "propertyName": "VEL",
       "propertyIconPath": "959ebc55a284ac83b29de4d97b3422772e372e53ff820bc9af972e0201aabe98",
       "isPercent": false,
       "baseValue": 1.2,
       "levelAdd": 1.2,
       "stepValue": 0.1,
       "maxStep": 2
      },
      {
       "propertyName": "Chance de CRIT",
       "propertyIconPath": "649d04ce090ec9e142d024138f54bf2e416362f48f452776826e5a4e8e26c028",
       "isPercent": true,
       "baseValue": 0.015552,
       "levelAdd": 0.015552,
       "stepValue": 0.0019440008,
       "maxStep": 2
      },
      {
       "propertyName": "Dano CRIT",
       "propertyIconPath": "70505c64ff7cb3df4a9faf76eb488438570422a20d9dd2f42225da1dd1c97648",
       "isPercent": true,
       "baseValue": 0.031104,
       "levelAdd": 0.031104,
       "stepValue": 0.003888001,
       "maxStep": 2
      },
      {
       "propertyName": "Taxa de Acerto de Efeito",
       "propertyIconPath": "16e46edec660d897581a1ee77b95e61bafbc7a669f7e88ab6d27b9f23fa4bd49",
       "isPercent": true,
       "baseValue": 0.020736001,
       "levelAdd": 0.020736001,
       "stepValue": 0.0025920009,
       "maxStep": 2
      },
      {
       "propertyName": "RES a Efeito",
       "propertyIconPath": "53050ffa2be01a99b930263f8c1b883e021e236827d23c7f2fafbd5d59f4a98d",
       "isPercent": true,
       "baseValue": 0.020736001,
       "levelAdd": 0.020736001,
       "stepValue": 0.0025920009,
       "maxStep": 2
      },
      {
       "propertyName": "Efeito de Quebra",
       "propertyIconPath": "2f652a2e091ec1a28dde16dfec5968a959804447eb99f746b6f2cba53dedfc2c",
       "isPercent": true,
       "baseValue": 0.031104,
       "levelAdd": 0.031104,
       "stepValue": 0.003888001,
       "maxStep": 2
      }
     ]
    },
    "4": {
     "rarity": 4,
     "maxLevel": 12,
     "mainAffixes": [
      {
       "propertyName": "PV",
       "propertyIconPath": "9560c98da124f605af2e45c09f26a0b8ee24c3aa357b9701464d7c04adcd0da7",
       "isPercent": true,
       "baseValue": 0.055296,
       "levelAdd": 0.019354,
       "stepValue": 0,
       "maxStep": 0
      },
      {
       "propertyName": "ATQ",
       "propertyIconPath": "2d1ce81848ae3af0e819f7f98badde6930dd127f20a6d2686eb806bc963989d5",
       "isPercent": true,
       "baseValue": 0.055296,
       "levelAdd": 0.019354,
       "stepValue": 0,
       "maxStep": 0
      },
      {
       "propertyName": "DEF",
       "propertyIconPath": "2077c52919d0f523755a4d92ce338874b71561611a436572d8eb315a34f4a4c2",
       "isPercent": true,
       "baseValue": 0.06912,
       "levelAdd": 0.024192,
       "stepValue": 0,
       "maxStep": 0
      },
      {
       "propertyName": "VEL",
       "propertyIconPath": "959ebc55a284ac83b29de4d97b3422772e372e53ff820bc9af972e0201aabe98",
       "isPercent": false,
       "baseValue": 3.2256,
       "levelAdd": 1.1,
       "stepValue": 0,
       "maxStep": 0
      }
     ],
     "subAffixes": [
      {
       "propertyName": "PV",
       "propertyIconPath": "9560c98da124f605af2e45c09f26a0b8ee24c3aa357b9701464d7c04adcd0da7",
       "isPercent": false,
       "baseValue": 27.096031,
       "levelAdd": 27.096031,
       "stepValue": 3.387004,
       "maxStep": 2
      },
      {
       "propertyName": "ATQ",
       "propertyIconPath": "2d1ce81848ae3af0e819f7f98badde6930dd127f20a6d2686eb806bc963989d5",
       "isPercent": false,
       "baseValue": 13.548016,
       "levelAdd": 13.548016,
       "stepValue": 1.693502,
       "maxStep": 2
      },
      {
       "propertyName": "DEF",
       "propertyIconPath": "2077c52919d0f523755a4d92ce338874b71561611a436572d8eb315a34f4a4c2",
       "isPercent": false,
       "baseValue": 13.548016,
       "levelAdd": 13.548016,
       "stepValue": 1.693502,
       "maxStep": 2
      },
      {
       "propertyName": "PV",
       "propertyIconPath": "9560c98da124f605af2e45c09f26a0b8ee24c3aa357b9701464d7c04adcd0da7",
       "isPercent": true,
       "baseValue": 0.027648,
       "levelAdd": 0.027648,
       "stepValue": 0.0034560005,
       "maxStep": 2
      },
      {
       "propertyName": "ATQ",
       "propertyIconPath": "2d1ce81848ae3af0e819f7f98badde6930dd127f20a6d2686eb806bc963989d5",
       "isPercent": true,
       "baseValue": 0.027648,
       "levelAdd": 0.027648,
       "stepValue": 0.0034560005,
       "maxStep": 2
      },
      {
       "propertyName": "DEF",
       "propertyIconPath": "2077c52919d0f523755a4d92ce338874b71561611a436572d8eb315a34f4a4c2",
       "isPercent": true,
       "baseValue": 0.034560002,
       "levelAdd": 0.034560002,
       "stepValue": 0.0043200003,
       "maxStep": 2
      },
      {
       "propertyName": "VEL",
       "propertyIconPath": "959ebc55a284ac83b29de4d97b3422772e372e53ff820bc9af972e0201aabe98",
       "isPercent": false,
       "baseValue": 1.6,
       "levelAdd": 1.6,
       "stepValue": 0.2,
       "maxStep": 2
      },
      {
       "propertyName": "Chance de CRIT",
       "propertyIconPath": "649d04ce090ec9e142d024138f54bf2e416362f48f452776826e5a4e8e26c028",
       "isPercent": true,
       "baseValue": 0.020736001,
       "levelAdd": 0.020736001,
       "stepValue": 0.0025920009,
       "maxStep": 2
      },
      {
       "propertyName": "Dano CRIT",
       "propertyIconPath": "70505c64ff7cb3df4a9faf76eb488438570422a20d9dd2f42225da1dd1c97648",
       "isPercent": true,
       "baseValue": 0.041472,
       "levelAdd": 0.041472,
       "stepValue": 0.0051840004,
       "maxStep": 2
      },
      {
       "propertyName": "Taxa de Acerto de Efeito",
       "propertyIconPath": "16e46edec660d897581a1ee77b95e61bafbc7a669f7e88ab6d27b9f23fa4bd49",
       "isPercent": true,
       "baseValue": 0.027648,
       "levelAdd": 0.027648,
       "stepValue": 0.0034560005,
       "maxStep": 2
      },
      {
       "propertyName": "RES a Efeito",
       "propertyIconPath": "53050ffa2be01a99b930263f8c1b883e021e236827d23c7f2fafbd5d59f4a98d",
       "isPercent": true,
       "baseValue": 0.027648,
       "levelAdd": 0.027648,
       "stepValue": 0.0034560005,
       "maxStep": 2
      },
      {
       "propertyName": "Efeito de Quebra",
       "propertyIconPath": "2f652a2e091ec1a28dde16dfec5968a959804447eb99f746b6f2cba53dedfc2c",
       "isPercent": true,
       "baseValue": 0.041472,
       "levelAdd": 0.041472,
       "stepValue": 0.0051840004,
       "maxStep": 2
      }
     ]
    },
    "5": {
     "rarity": 5,
     "maxLevel": 15,
     "mainAffixes": [
      {
       "propertyName": "PV",
       "propertyIconPath": "9560c98da124f605af2e45c09f26a0b8ee24c3aa357b9701464d7c04adcd0da7",
       "isPercent": true,
       "baseValue": 0.06912,
       "levelAdd": 0.024192,
       "stepValue": 0,
       "maxStep": 0
      },
      {
       "propertyName": "ATQ",
       "propertyIconPath": "2d1ce81848ae3af0e819f7f98badde6930dd127f20a6d2686eb806bc963989d5",
       "isPercent": true,
       "baseValue": 0.06912,
       "levelAdd": 0.024192,
       "stepValue": 0,
       "maxStep": 0
      },
      {
       "propertyName": "DEF",
       "propertyIconPath": "2077c52919d0f523755a4d92ce338874b71561611a436572d8eb315a34f4a4c2",
       "isPercent": true,
       "baseValue": 0.0864,
       "levelAdd": 0.030240001,
       "stepValue": 0,
       "maxStep": 0
      },
      {
       "propertyName": "VEL",
       "propertyIconPath": "959ebc55a284ac83b29de4d97b3422772e372e53ff820bc9af972e0201aabe98",
       "isPercent": false,
       "baseValue": 4.032,
       "levelAdd": 1.4,
       "stepValue": 0,
       "maxStep": 0
      }
     ],
     "subAffixes": [
      {
       "propertyName": "PV",
       "propertyIconPath": "9560c98da124f605af2e45c09f26a0b8ee24c3aa357b9701464d7c04adcd0da7",
       "isPercent": false,
       "baseValue": 33.87004,
       "levelAdd": 33.87004,
       "stepValue": 4.233755,
       "maxStep": 2
      },
      {
       "propertyName": "ATQ",
       "propertyIconPath": "2d1ce81848ae3af0e819f7f98badde6930dd127f20a6d2686eb806bc963989d5",
       "isPercent": false,
       "baseValue": 16.935019,
       "levelAdd": 16.935019,
       "stepValue": 2.116877,
       "maxStep": 2
      },
      {
       "propertyName": "DEF",
       "propertyIconPath": "2077c52919d0f523755a4d92ce338874b71561611a436572d8eb315a34f4a4c2",
       "isPercent": false,
       "baseValue": 16.935019,
       "levelAdd": 16.935019,
       "stepValue": 2.116877,
       "maxStep": 2
      },
      {
       "propertyName": "PV",
       "propertyIconPath": "9560c98da124f605af2e45c09f26a0b8ee24c3aa357b9701464d7c04adcd0da7",
       "isPercent": true,
       "baseValue": 0.034560002,
       "levelAdd": 0.034560002,
       "stepValue": 0.0043200003,
       "maxStep": 2
      },
      {
       "propertyName": "ATQ",
       "propertyIconPath": "2d1ce81848ae3af0e819f7f98badde6930dd127f20a6d2686eb806bc963989d5",
       "isPercent": true,
       "baseValue": 0.034560002,
       "levelAdd": 0.034560002,
       "stepValue": 0.0043200003,
       "maxStep": 2
      },
      {
       "propertyName": "DEF",
       "propertyIconPath": "2077c52919d0f523755a4d92ce338874b71561611a436572d8eb315a34f4a4c2",
       "isPercent": true,
       "baseValue": 0.0432,
       "levelAdd": 0.0432,
       "stepValue": 0.0054,
       "maxStep": 2
      },
      {
       "propertyName": "VEL",
       "propertyIconPath": "959ebc55a284ac83b29de4d97b3422772e372e53ff820bc9af972e0201aabe98",
       "isPercent": false,
       "baseValue": 2,
       "levelAdd": 2,
       "stepValue": 0.3,
       "maxStep": 2
      },
      {
       "propertyName": "Chance de CRIT",
       "propertyIconPath": "649d04ce090ec9e142d024138f54bf2e416362f48f452776826e5a4e8e26c028",
       "isPercent": true,
       "baseValue": 0.02592,
       "levelAdd": 0.02592,
       "stepValue": 0.0032400002,
       "maxStep": 2
      },
      {
       "propertyName": "Dano CRIT",
       "propertyIconPath": "70505c64ff7cb3df4a9faf76eb488438570422a20d9dd2f42225da1dd1c97648",
       "isPercent": true,
       "baseValue": 0.05184,
       "levelAdd": 0.05184,
       "stepValue": 0.0064800004,
       "maxStep": 2
      },
      {
       "propertyName": "Taxa de Acerto de Efeito",
       "propertyIconPath": "16e46edec660d897581a1ee77b95e61bafbc7a669f7e88ab6d27b9f23fa4bd49",
       "isPercent": true,
       "baseValue": 0.034560002,
       "levelAdd": 0.034560002,
       "stepValue": 0.0043200003,
       "maxStep": 2
      },
      {
       "propertyName": "RES a Efeito",
       "propertyIconPath": "53050ffa2be01a99b930263f8c1b883e021e236827d23c7f2fafbd5d59f4a98d",
       "isPercent": true,
       "baseValue": 0.034560002,
       "levelAdd": 0.034560002,
       "stepValue": 0.0043200003,
       "maxStep": 2
      },
      {
       "propertyName": "Efeito de Quebra",
       "propertyIconPath": "2f652a2e091ec1a28dde16dfec5968a959804447eb99f746b6f2cba53dedfc2c",
       "isPercent": true,
       "baseValue": 0.05184,
       "levelAdd": 0.05184,
       "stepValue": 0.0064800004,
       "maxStep": 2
      }
     ]
    }
   }
  }
 },
 "pageId": "113"
}