{"info":[{"name":{"zh_cn":"自证预言其一","zh_hk":"自證預言其一","de":"Selbsterfüllende Prophezeiung (I)","en":"Self-Fulfilling Prophecy (I)","es":"Profecía predestinada I","fr":"Prophétie autoréalisatrice (I)","id":"Membuktikan Ramalan Sendiri 1","jp":"自己証明の預言<unbreak>01</unbreak>","kr":"자기실현적 예언•1","pt":"Profecia Autorrealizável (I)","ru":"Самосбывающееся пророчество I","th":"คำทำนายพิสูจน์ตน 1","vi":"Tiên Tri Tự Chứng Minh 1"},"part1":{"weakness_suggest":["Fire","Ice"],"totalWaves":3,"wave1":[{"monster_name":"Fictional Ensemble","monster_code":3,"monster_weakness":[]},{"monster_name":"Furiae Philosopher","monster_code":2,"monster_weakness":["Fire","Ice","Imaginary"]},{"monster_name":"Mara-Struck Soldier","monster_code":2,"monster_weakness":["Fire","Ice","Quantum"]},{"monster_name":"Lordly Trashcan","monster_code":-1,"monster_weakness":[]}],"wave2":[{"monster_name":"Dreamjolt Troupe's Mr. Domescreen","monster_code":2,"monster_weakness":["Ice","Thunder","Imaginary"]},{"monster_name":"Voidranger: Eliminator","monster_code":2,"monster_weakness":["Fire","Ice","Quantum"]},{"monster_name":"Abundance Sprite: Malefic Ape","monster_code":0,"monster_weakness":["Fire","Ice","Wind"]}],"wave3":[{"monster_name":"Automaton Beetle","monster_code":2,"monster_weakness":["Thunder","Wind","Imaginary"]},{"monster_name":"Memory Zone Meme \"Heartbreaker\"","monster_code":2,"monster_weakness":["Fire","Ice","Thunder"]},{"monster_name":"Senior Staff: Team Leader","monster_code":-1,"monster_weakness":["Fire","Ice","Imaginary"]}]},"part2":{"weakness_suggest":["Physical","Quantum"],"totalWaves":3,"wave1":[{"monster_name":"Fictional Ensemble","monster_code":3,"monster_weakness":[]},{"monster_name":"Silvermane Soldier","monster_code":2,"monster_weakness":["Wind","Quantum"]},{"monster_name":"Wraith Warden","monster_code":2,"monster_weakness":["Physical","Ice","Wind"]},{"monster_name":"Lordly Trashcan","monster_code":-1,"monster_weakness":[]}],"wave2":[{"monster_name":"Imaginary Weaver","monster_code":2,"monster_weakness":["Physical","Thunder","Quantum"]},{"monster_name":"Everwinter Shadewalker","monster_code":2,"monster_weakness":["Physical","Fire","Quantum"]},{"monster_name":"Blaze Out of Space","monster_code":0,"monster_weakness":["Physical","Ice","Quantum"]}],"wave3":[{"monster_name":"Furiae Troupe","monster_code":2,"monster_weakness":["Physical","Ice","Imaginary"]},{"monster_name":"Meteoric Eagle","monster_code":2,"monster_weakness":["Wind","Quantum","Imaginary"]},{"monster_name":"Noontide Gryphon","monster_code":0,"monster_weakness":["Physical","Quantum","Imaginary"]}]}},{"name":{"zh_cn":"自证预言其二","zh_hk":"自證預言其二","de":"Selbsterfüllende Prophezeiung (II)","en":"Self-Fulfilling Prophecy (II)","es":"Profecía predestinada II","fr":"Prophétie autoréalisatrice (II)","id":"Membuktikan Ramalan Sendiri 2","jp":"自己証明の預言<unbreak>02</unbreak>","kr":"자기실현적 예언•2","pt":"Profecia Autorrealizável (II)","ru":"Самосбывающееся пророчество II","th":"คำทำนายพิสูจน์ตน 2","vi":"Tiên Tri Tự Chứng Minh 2"},"part1":{"weakness_suggest":["Wind","Quantum"],"totalWaves":3,"wave1":[{"monster_name":"Fictional Ensemble","monster_code":3,"monster_weakness":[]},{"monster_name":"Cloud Knights Patroller","monster_code":2,"monster_weakness":["Fire","Wind","Imaginary"]},{"monster_name":"Disciples of Sanctus Medicus: Ballistarius","monster_code":2,"monster_weakness":["Physical","Ice","Wind"]},{"monster_name":"Lordly Trashcan","monster_code":-1,"monster_weakness":[]}],"wave2":[{"monster_name":"Dreamjolt Troupe's Bubble Hound","monster_code":2,"monster_weakness":["Physical","Thunder","Wind"]},{"monster_name":"Meteoric Eagle","monster_code":2,"monster_weakness":["Wind","Quantum","Imaginary"]},{"monster_name":"Ice Out of Space","monster_code":0,"monster_weakness":["Fire","Wind","Quantum"]}],"wave3":[{"monster_name":"Silvermane Soldier","monster_code":2,"monster_weakness":["Wind","Quantum"]},{"monster_name":"Imaginary Weaver","monster_code":2,"monster_weakness":["Physical","Thunder","Quantum"]},{"monster_name":"Guardian Shadow","monster_code":0,"monster_weakness":["Physical","Wind","Quantum"]}]},"part2":{"weakness_suggest":["Ice","Thunder"],"totalWaves":3,"wave1":[{"monster_name":"Fictional Ensemble","monster_code":3,"monster_weakness":[]},{"monster_name":"Dreamjolt Troupe's Mr. Domescreen","monster_code":2,"monster_weakness":["Ice","Thunder","Imaginary"]},{"monster_name":"Incineration Shadewalker","monster_code":2,"monster_weakness":["Ice","Wind","Imaginary"]},{"monster_name":"Lordly Trashcan","monster_code":-1,"monster_weakness":[]}],"wave2":[{"monster_name":"Disciples of Sanctus Medicus: Ballistarius","monster_code":2,"monster_weakness":["Physical","Ice","Wind"]},{"monster_name":"Mara-Struck Warden","monster_code":2,"monster_weakness":["Ice","Thunder","Quantum"]},{"monster_name":"The Ascended","monster_code":0,"monster_weakness":["Physical","Ice","Thunder"]}],"wave3":[{"monster_name":"Furiae Archer","monster_code":2,"monster_weakness":["Ice","Thunder","Quantum"]},{"monster_name":"Furiae Warrior","monster_code":2,"monster_weakness":["Thunder","Quantum","Imaginary"]},{"monster_name":"Furiae Praetor","monster_code":0,"monster_weakness":["Ice","Thunder","Quantum"]}]}},{"name":{"zh_cn":"自证预言其三","zh_hk":"自證預言其三","de":"Selbsterfüllende Prophezeiung (III)","en":"Self-Fulfilling Prophecy (III)","es":"Profecía predestinada III","fr":"Prophétie autoréalisatrice (III)","id":"Membuktikan Ramalan Sendiri 3","jp":"自己証明の預言<unbreak>03</unbreak>","kr":"자기실현적 예언•3","pt":"Profecia Autorrealizável (III)","ru":"Самосбывающееся пророчество III","th":"คำทำนายพิสูจน์ตน 3","vi":"Tiên Tri Tự Chứng Minh 3"},"part1":{"weakness_suggest":["Fire","Ice"],"totalWaves":3,"wave1":[{"monster_name":"Fictional Ensemble","monster_code":3,"monster_weakness":[]},{"monster_name":"Furiae Philosopher","monster_code":2,"monster_weakness":["Fire","Ice","Imaginary"]},{"monster_name":"Mara-Struck Soldier","monster_code":2,"monster_weakness":["Fire","Ice","Quantum"]},{"monster_name":"Lordly Trashcan","monster_code":-1,"monster_weakness":[]}],"wave2":[{"monster_name":"Vagrant","monster_code":2,"monster_weakness":["Fire","Ice","Imaginary"]},{"monster_name":"Abundance Sprite: Wooden Lupus","monster_code":0,"monster_weakness":["Fire","Wind","Imaginary"]},{"monster_name":"Abundance Sprite: Malefic Ape","monster_code":0,"monster_weakness":["Fire","Ice","Wind"]}],"wave3":[{"monster_name":"Automaton Beetle","monster_code":2,"monster_weakness":["Thunder","Wind","Imaginary"]},{"monster_name":"Memory Zone Meme \"Heartbreaker\"","monster_code":2,"monster_weakness":["Fire","Ice","Thunder"]},{"monster_name":"Senior Staff: Team Leader","monster_code":-1,"monster_weakness":["Fire","Ice","Imaginary"]}]},"part2":{"weakness_suggest":["Physical","Quantum"],"totalWaves":3,"wave1":[{"monster_name":"Fictional Ensemble","monster_code":3,"monster_weakness":[]},{"monster_name":"Silvermane Soldier","monster_code":2,"monster_weakness":["Wind","Quantum"]},{"monster_name":"Wraith Warden","monster_code":2,"monster_weakness":["Physical","Ice","Wind"]},{"monster_name":"Lordly Trashcan","monster_code":-1,"monster_weakness":[]}],"wave2":[{"monster_name":"Imaginary Weaver","monster_code":2,"monster_weakness":["Physical","Thunder","Quantum"]},{"monster_name":"Everwinter Shadewalker","monster_code":2,"monster_weakness":["Physical","Fire","Quantum"]},{"monster_name":"Blaze Out of Space","monster_code":0,"monster_weakness":["Physical","Ice","Quantum"]}],"wave3":[{"monster_name":"Furiae Troupe","monster_code":2,"monster_weakness":["Physical","Ice","Imaginary"]},{"monster_name":"Meteoric Eagle","monster_code":2,"monster_weakness":["Wind","Quantum","Imaginary"]},{"monster_name":"Noontide Gryphon","monster_code":0,"monster_weakness":["Physical","Quantum","Imaginary"]}]}},{"name":{"zh_cn":"自证预言其四","zh_hk":"自證預言其四","de":"Selbsterfüllende Prophezeiung (IV)","en":"Self-Fulfilling Prophecy (IV)","es":"Profecía predestinada IV","fr":"Prophétie autoréalisatrice (IV)","id":"Membuktikan Ramalan Sendiri 4","jp":"自己証明の預言<unbreak>04</unbreak>","kr":"자기실현적 예언•4","pt":"Profecia Autorrealizável (IV)","ru":"Самосбывающееся пророчество IV","th":"คำทำนายพิสูจน์ตน 4","vi":"Tiên Tri Tự Chứng Minh 4"},"part1":{"weakness_suggest":["Ice","Imaginary"],"totalWaves":3,"wave1":[{"monster_name":"Fictional Ensemble","monster_code":3,"monster_weakness":[]},{"monster_name":"Furiae Philosopher","monster_code":2,"monster_weakness":["Fire","Ice","Imaginary"]},{"monster_name":"Furiae Troupe","monster_code":2,"monster_weakness":["Physical","Ice","Imaginary"]},{"monster_name":"Lordly Trashcan","monster_code":-1,"monster_weakness":[]}],"wave2":[{"monster_name":"Dreamjolt Troupe's Mr. Domescreen","monster_code":2,"monster_weakness":["Ice","Thunder","Imaginary"]},{"monster_name":"Meteoric Eagle","monster_code":2,"monster_weakness":["Wind","Quantum","Imaginary"]},{"monster_name":"Automaton Direwolf","monster_code":-1,"monster_weakness":["Ice","Thunder","Imaginary"]}],"wave3":[{"monster_name":"Swarm: True Sting","monster_code":4,"monster_weakness":["Ice","Quantum","Imaginary"]},{"monster_name":"Furiae Troupe","monster_code":2,"monster_weakness":["Physical","Ice","Imaginary"]},{"monster_name":"Juvenile Sting","monster_code":2,"monster_weakness":["Quantum","Imaginary"]}]},"part2":{"weakness_suggest":["Thunder","Quantum"],"totalWaves":3,"wave1":[{"monster_name":"Fictional Ensemble","monster_code":3,"monster_weakness":[]},{"monster_name":"Imaginary Weaver","monster_code":2,"monster_weakness":["Physical","Thunder","Quantum"]},{"monster_name":"Everwinter Shadewalker","monster_code":2,"monster_weakness":["Physical","Fire","Quantum"]},{"monster_name":"Lordly Trashcan","monster_code":-1,"monster_weakness":[]}],"wave2":[{"monster_name":"Mara-Struck Warden","monster_code":2,"monster_weakness":["Ice","Thunder","Quantum"]},{"monster_name":"Meteoric Eagle","monster_code":2,"monster_weakness":["Wind","Quantum","Imaginary"]},{"monster_name":"Furiae Praetor","monster_code":0,"monster_weakness":["Ice","Thunder","Quantum"]}],"wave3":[{"monster_name":"Furiae Warrior","monster_code":2,"monster_weakness":["Thunder","Quantum","Imaginary"]},{"monster_name":"Imaginary Weaver","monster_code":0,"monster_weakness":["Physical","Thunder","Quantum"]},{"monster_name":"Savage God, Mad King, Incarnation of Strife","monster_code":0,"monster_weakness":["Ice","Thunder","Quantum"]}]}}],"name":{"zh_cn":"自证预言","zh_hk":"自證預言","de":"Selbsterfüllende Prophezeiung","en":"Self-Fulfilling Prophecy","es":"Profecía predestinada","fr":"Prophétie autoréalisatrice","id":"Membuktikan Ramalan Sendiri","jp":"自己証明の預言","kr":"자기실현적 예언","pt":"Autoprofeciência Predestinada","ru":"Самосбывающееся пророчество","th":"คำทำนายพิสูจน์ตน","vi":"Tiên Tri Tự Chứng Minh"},"desc":{"zh_cn":"终结技/普攻攻击 : 我方施放普攻或终结技攻击敌方目标后，每击中1个敌方目标，使我方额外积累300点「战意值」。\n战熄潮平 : 我方施放普攻或终结技攻击敌方目标时，为目标附上【爆裂】，最多叠加300层。目标的回合开始或被任意单位消灭时，根据【爆裂】层数对该目标造成真实伤害。\n战意汹涌 : 进入「战意汹涌」时，立即为我方全体恢复30%能量，该效果恢复的能量可以超出目标的能量上限。期间敌方目标受到的伤害提高50%，且触发【爆裂】时会对该目标及其相邻目标造成真实伤害。\n\n\n[显化] : 「战意汹涌」期间，我方对处于【爆裂】的敌方目标施放战技或发动追加攻击后可以直接触发【爆裂】。\n[灵知] : 「战意汹涌」期间，敌方目标受到的击破伤害提高30%，且处于【爆裂】状态的目标被任意单位消灭时会对相邻敌方目标造成1,000点无视弱点属性的削韧。\n[神智] : 「战意汹涌」期间，我方全体施放战技时消耗等同于自身当前生命值20%的生命值，并在施放战技后回复等同于自身生命上限20%的生命值。\n","zh_hk":"終結技/普通攻擊 : 我方發動普通攻擊或終結技攻擊敵方目標後，每命中1個敵方目標，使我方額外累積300點「戰意值」。\n戰熄潮平 : 我方發動普通攻擊或終結技攻擊敵方目標時，為目標附上【爆裂】，最多疊加300層。目標的回合開始或被任意單位消滅時，根據【爆裂】層數對該目標造成真實傷害。\n戰意洶湧 : 進入「戰意洶湧」時，立即為我方全體恢復30%能量，該效果恢復的能量可以超出目標的能量上限。期間敵方目標受到的傷害提高50%，且觸發【爆裂】時會對該目標及其相鄰目標造成真實傷害。\n\n\n[顯化] : 「戰意洶湧」期間，我方對處於【爆裂】的敵方目標施放戰技或發動追加攻擊後可以直接觸發【爆裂】。\n[靈知] : 「戰意洶湧」期間，敵方目標受到的擊破傷害提高30%，且處於【爆裂】狀態的目標被任意單位消滅時會對相鄰敵方目標造成1,000點無視弱點屬性的削韌。\n[神智] : 「戰意洶湧」期間，我方全體施放戰技時消耗等同於自身現有生命值20%的生命值，並在施放戰技後回復等同於自身生命上限20%的生命值。\n","de":"Ultimate/Standardangriff : Nachdem Verbündete Gegner mit Standardangriff oder Ultimate angegriffen haben, erhalten sie für jedes getroffene Ziel zusätzlich 300 Pkt. Kampfgeist.\nEbbe des Kampfes : Wenn Verbündete Gegner mit Standardangriff oder Ultimate angreifen, werden diese mit bis zu 300 Stapelungen Sprengung belegt. Zu Beginn der Runde des Ziels oder wenn das Ziel von einem Verbündeten besiegt wird, erleidet es basierend auf der Stapelzahl von Sprengung Tatsächlichen SCH.\nFlut des Kampfes : Beim Eintritt in „Flut des Kampfes“ werden bei sämtlichen Verbündeten sofort 30% ihrer Energie wiederhergestellt. Die so wiederhergestellte Energie kann die max. Energie übersteigen. Erhöht während dieser Zeit den erlittenen SCH der Gegner um 50%. Bei der Auslösung von „Sprengung“ wird diesem Ziel und angrenzenden Einheiten Tatsächlicher SCH zugefügt.\n\n\n[Manifestation] : Während „Flut des Kampfes“ wird nach dem Einsatz von Fertigkeiten oder dem Auslösen von Folgeangriffen gegen Gegner mit „Sprengung“ sofort Sprengung ausgelöst.\n[Gnosis] : Erhöht während „Flut des Kampfes“ den von Gegnern erlittenen Bruch-SCH um 30%. Wenn ein Gegner im Status „Sprengung“ von einer beliebigen Einheit besiegt wird, wird der WDS jedes angrenzenden Gegners unabhängig vom Schwächetyp um 1,000 reduziert.\n[Vernunft] : Während „Flut des Kampfes“ verbrauchen alle Verbündeten beim Einsatz ihrer Fertigkeit LP in Höhe von 20% ihrer aktuellen LP und stellen nach dem Einsatz ihrer Fertigkeit LP in Höhe von 20% ihrer max. LP wieder her.\n","en":"Ultimate/Basic ATK : After an ally uses Basic ATK or Ultimate to attack enemy targets, every enemy target hit additionally accumulates 300 Grit Value for allies.\nConcordant Truce : When allies use their Basic ATK or Ultimate to attack any enemy targets, inflicts the target with \"Shatter,\" stacking up to 300 time(s). At the start of the target's turn or when the target is defeated by any unit, deals True DMG to the target based on the number of \"Shatter\" stacks.\nSurging Grit : Upon entering Surging Grit, immediately regenerates 30% Energy for all allies. The Energy regenerated by this effect can exceed the target's Max Energy. Increases DMG taken by enemy targets during this period by 50%. Additionally, triggering \"Shatter\" will deal True DMG to all attacked enemy targets and adjacent targets.\n\n\n[Evince] : During Surging Grit, after allies use their Skill or launch a Follow-up ATK against enemy targets with \"Shatter,\" \"Shatter\" can be immediately triggered.\n[Gnosis] : During Surging Grit, increases Break DMG taken by enemy targets by 30%. When targets in the \"Shatter\" state are defeated by any unit, deals 1,000 Toughness Reduction regardless of Weakness Type to adjacent enemy targets.\n[Sanity] : During Surging Grit, when any character uses their Skill, consumes HP equal to 20% of their current HP. Additionally, after using Skill, restores HP equal to 20% of their Max HP.\n","es":"Habilidad definitiva/ATQ básico : Después de que un aliado lance el ATQ básico o la habilidad definitiva para atacar a los enemigos, los aliados acumulan 300 pts. de valor de Coraje adicionales por cada enemigo golpeado.\nTregua momentánea : Cuando los aliados lanzan el ATQ básico o la habilidad definitiva para atacar al enemigo, aplican Quebradura a los objetivos. Se puede acumular hasta 300 veces. Cuando un objetivo comienza su turno o es eliminado por cualquier unidad, inflige Daño verdadero a dicho objetivo según las acumulaciones de Quebradura.\nCoraje tumultuoso : Al entrar en Coraje tumultuoso, todos los aliados recuperan inmediatamente un 30% de su energía. La energía recuperada con este efecto puede exceder la energía máxima del objetivo. Mientras dura este efecto, el daño que reciben los enemigos aumenta en un 50% y, al activarse Quebradura, inflige Daño verdadero al objetivo y a los objetivos adyacentes.\n\n\n[Manifestación] : Durante Coraje tumultuoso, Quebradura puede activarse inmediatamente después de que un aliado lance la habilidad básica o un ataque adicional contra un enemigo con Quebradura.\n[Gnosis] : Durante Coraje tumultuoso, el Daño de Ruptura que reciben los enemigos aumenta en un 30%. Cuando cualquier unidad elimina a un enemigo afectado con Quebradura, reduce 1,000 puntos de la Firmeza de los enemigos adyacentes ignorando sus tipos de Debilidad.\n[Cordura] : Durante Coraje tumultuoso, cuando un aliado lanza la habilidad básica, consume un 20% de sus PV actuales. Tras lanzar la habilidad básica, regenera un 20% de sus PV máx.\n","fr":"Ultime/ATQ normale : Après qu'un allié a utilisé son ATQ normale ou son ultime pour attaquer des cibles ennemies, chaque cible ennemie touchée permet aux alliés d'accumuler 300 points de valeur de combat supplémentaires.\nTrêve des combats : Lorsqu'un allié utilise son ATQ normale ou son ultime pour attaquer une cible ennemie, applique Cassure à la cible. Cumulable jusqu'à 300 fois. Inflige des DGT réels à la cible en fonction du nombre de cumuls de Cassure au début de son tour ou lorsqu'elle est éliminée par une unité.\nFerveur combative : Régénère immédiatement 30% de l'énergie de tous les alliés lorsque Ferveur combative est activée. L'énergie régénérée par cet effet peut excéder l'énergie max de la cible. Augmente les DGT subis par les cibles ennemies de 50% pendant cette période. De plus, déclencher Cassure inflige des DGT réels à la cible et aux cibles adjacentes.\n\n\n[Manifestation] : Pendant Ferveur combative, lorsque les alliés utilisent leur compétence ou lancent une ATQ de suivi contre une cible ennemie avec Cassure, Cassure peut être immédiatement déclenchée.\n[Gnosis] : Lorsque Ferveur combative est actif, augmente les DGT de rupture subis par les cibles ennemies de 30%. Lorsqu'une cible en état de Cassure est vaincue par une unité, inflige une réduction de robustesse de 1,000 à tous les ennemis adjacents, quel que soit leur type de faiblesse.\n[Santé mentale] : Lorsque Ferveur combative est active et qu'un personnage utilise sa compétence, il consomme des PV équivalents à 20% de ses PV max. D'autre part, il restaure 20% de ses PV max après avoir utilisé une compétence.\n","id":"Ultimate/Basic Attack : Setelah rekan tim melancarkan Basic Attack atau Ultimate untuk menyerang target musuh, setiap 1 target musuh yang terserang akan membuat rekan tim mengakumulasi ekstra 300 poin \"Nilai Ketangguhan\".\nOmbak Perdamaian : Saat rekan tim melancarkan Basic Attack atau Ultimate untuk menyerang target musuh, akan menambahkan \"Shatter\" pada target, dapat ditumpuk hingga 300 lapis. Saat giliran target dimulai atau saat target dikalahkan oleh unit mana pun, akan mengakibatkan True DMG berdasarkan jumlah lapisan \"Shatter\" pada target tersebut.\nKetangguhan Bergolak : Saat memasuki tahap \"Ketangguhan Bergolak\", akan segera memulihkan 30% Energy bagi seluruh rekan tim, Energy yang dipulihkan dari efek ini dapat melebihi batas Max Energy target. Selama dalam tahap ini, DMG yang diterima target musuh akan meningkat 50%, dan saat memicu \"Shatter\" akan mengakibatkan True DMG pada target tersebut dan target di sekitarnya.\n\n\n[Evince] : Selama tahap \"Ketangguhan Bergolak\", setelah rekan tim melancarkan Skill atau Serangan Lanjutan pada target musuh dengan \"Shatter\", \"Shatter\" dapat langsung terpicu.\n[Gnosis] : Selama tahap \"Ketangguhan Bergolak\", Break DMG yang diterima target musuh meningkat 30%, dan saat target berstatus \"Shatter\" dikalahkan oleh unit mana pun, akan mengakibatkan 1,000 Pengurangan Toughness tanpa memedulikan Tipe Weakness pada target musuh di sekitarnya.\n[Sanity] : Selama tahap \"Ketangguhan Bergolak\", saat rekan tim mana pun melancarkan Skill, akan mengonsumsi HP sebesar 20% HP dirinya saat ini. Setelah melancarkan Skill, akan memulihkan HP sebesar 20% Max HP dirinya.\n","jp":"必殺技/通常攻撃 : 味方が通常攻撃または必殺技で敵に攻撃を行った後、命中した敵1体につき、追加で味方の「戦意値」を300溜める。\n戦意の凪 : 味方が通常攻撃または必殺技で敵を攻撃する時、そのターゲットに「爆裂」を付与する、最大で300層累積できる。ターゲットのターンが回ってきた時、または任意のユニットに倒された時、「爆裂」の層数に応じてターゲットに確定ダメージを与える。\n戦意の洶湧 : 「戦意の洶湧」に入る時、味方全体のEPを30%回復する。この効果で回復できるEPはターゲットの最大EPを超えられる。「戦意の洶湧」の間、敵の受けるダメージ+50%。「爆裂」を触発した時、このターゲットと隣接するターゲットに確定ダメージを与える。\n\n\n[顕現] : 「戦意の洶湧」の間、味方が「爆裂」状態の敵に戦闘スキルまたは追加攻撃を行った後、「爆裂」を触発できる。\n[霊知] : 「戦意の洶湧」の間、敵の受ける弱点撃破ダメージ+30%。「爆裂」状態の敵が任意のユニットに倒された時、隣接する敵に弱点属性を無視して靭性を1,000削る。\n[精神力] : 「戦意の洶湧」フェーズの間、味方が戦闘スキルを発動する時、それぞれ自身の残りHP20%分のHPを消費する。戦闘スキルを発動した後、自身の最大HP20%分のHPを回復する。\n","kr":"필살기/일반 공격 : 아군이 일반 공격 또는 필살기를 발동해 적을 공격한 후, 적을 1기 명중할 때마다 아군이 추가로 「전의 수치」를 300pt 누적한다\n사그라든 전의 : 아군이 일반 공격 또는 필살기를 발동해 적 공격 시 목표에게 [폭발]을 부여한다, 최대 중첩수: 300스택. 목표의 턴이 시작되거나 임의 유닛에 의해 처치될 시 [폭발] 스택 수에 따라 해당 목표에게 확정 피해를 가한다\n용솟음치는 전의 : 「용솟음치는 전의」 진입 시 모든 아군의 에너지를 즉시 30% 회복한다. 해당 효과로 회복되는 에너지는 목표의 에너지 최대치를 초과할 수 있다. 해당 단계에서 적이 받는 피해가 50% 증가하며, [폭발] 발동 시 해당 목표 및 인접한 목표에게 확정 피해를 가한다\n\n\n[현화] : 「용솟음치는 전의」 단계 동안 아군이 [폭발] 상태의 적에게 전투 스킬 또는 추가 공격을 발동하면 즉시 [폭발]을 발동할 수 있다\n[영지] : 「용솟음치는 전의」 단계 동안 적이 받는 격파 피해가 30% 증가하고, [폭발] 상태의 목표가 임의 유닛에게 처치되면 인접한 적에게 약점 속성을 무시하는 강인성 감소를 1,000pt 가한다\n[신지] : 「용솟음치는 전의」 단계 동안 모든 아군이 전투 스킬 발동 시 자신의 현재 HP의 20%만큼 HP를 소모하고, 전투 스킬 발동 후 자신의 HP 최대치의 20%만큼 HP를 회복한다\n","pt":"Perícia Suprema/ATQ Básico : Após um aliado usar um ATQ Básico ou Perícia Suprema para atacar inimigos-alvo, cada inimigo-alvo atingido acumula adicionalmente 300 de Valor de Bravura para os aliados.\nTrégua Harmoniosa : Quando os aliados usam seu ATQ Básico ou sua Perícia Suprema para atacar quaisquer inimigos-alvo, inflige \"Estilhaço\" ao alvo, acumulando até 300 vez(es). No início da rodada do alvo ou quando o alvo é derrotado por qualquer unidade, causa Dano Verdadeiro a esse alvo com base no número de acúmulos de \"Estilhaço\".\nSurto de Bravura : Ao entrar em Surto de Bravura, regenera imediatamente 30% de Energia para todos os aliados. A Energia regenerada por este efeito pode exceder a Energia máxima do alvo. Aumenta o Dano recebido pelos inimigos-alvo durante este período em 50%. Além disso, ativar \"Estilhaço\" causará <u>Dano Verdadeiro</u> a todos os alvos inimigos atacados e alvos adjacentes.\n\n\n[Bravura] : Durante o Surto de Bravura, depois que os aliados usarem suas Perícias ou utilizarem um <u>Ataque Extra</u> contra os inimigos-alvo com \"Estilhaço\", \"Estilhaço\" pode ser acionado imediatamente.\n[Gnose] : Durante o Surto de Bravura, aumenta o Dano de Quebra recebido pelos inimigos-alvo em 30%. Quando os alvos em estado de \"Estilhaço\" são derrotados por qualquer unidade, aplica 1,000 de Redução de Tenacidade, independentemente do tipo de fraqueza aos inimigos-alvo adjacentes.\n[Sanidade] : Durante Surto de Bravura, quando qualquer personagem usa sua Perícia, consome PV equivalentes a 20% de seus PV atuais. Além disso, após usar a Perícia, restaura PV equivalentes a 20% de seus PV máximos.\n","ru":"Сверхспособность / базовая атака : После того как союзник использует базовую атаку или сверхспособность для атаки противника, каждый поражённый ею противник дополнительно накапливает 300 ед. Боевого духа отряда.\nМощный прилив : Когда союзник использует базовую атаку или сверхспособность для атаки противника, на цель накладывается статус Раскол, который может складываться до 300 раз. В начале хода цели или когда цель побеждена каким-либо существом, статус Раскол наносит этой цели истинный урон, который зависит от количества уровней статуса Раскол.\nВсплеск боевого духа : Переход в состояние Всплеск боевого духа немедленно восстанавливает всем союзникам 30% энергии, при этом восстанавливаемая энергия может превышать макс. энергию персонажа. В то же время получаемый противниками урон повышается на 50%, а активация Раскола наносит этой цели и соседним целям истинный урон.\n\n\n[Появление] : Во время действия Всплеска боевого духа использование навыка или бонус-атаки на противнике со статусом Раскол немедленно активирует этот статус.\n[Сокровенное знание] : Во время действия Всплеска боевого духа получаемый противниками урон пробития повышается на 30%. Если противник со статусом Раскол побеждён каким-либо существом, соседние цели получают 1,000 ед. урона стойкости, игнорирующего тип уязвимости.\n[Психика] : Когда союзники используют навык во время действия Всплеска боевого духа, они расходуют 20% от своего текущего НР, и после использования навыка восстанавливают 20% от своего макс. НР.\n","th":"ท่าไม้ตาย/โจมตีปกติ : หลังจากฝ่ายเราปล่อยการโจมตีปกติ หรือท่าไม้ตายเพื่อโจมตีศัตรูเป้าหมาย ศัตรูเป้าหมายทุก 1 ตัวที่ถูกโจมตี จะทำให้ฝ่ายเราสะสม \"ค่าวิญญาณนักสู้\" เพิ่มอีก 300 หน่วย\nสงบศึกสงบสุข : เมื่อฝ่ายเราปล่อยการโจมตีปกติ หรือท่าไม้ตายเพื่อโจมตีศัตรูเป้าหมาย จะเพิ่ม \"ปะทุ\" ให้กับเป้าหมาย โดยสามารถซ้อนทับได้มากสุด 300 ชั้น ซึ่งเมื่อเริ่มต้นเทิร์นของเป้าหมาย หรือเมื่อถูกตัวใดก็ตามกำจัด จะสร้าง DMG จริงตามจำนวนชั้นของ \"ปะทุ\" แก่เป้าหมายดังกล่าว\nคลื่นนักสู้ถาโถม : เมื่อเข้าสู่ \"คลื่นนักสู้ถาโถม\" จะฟื้นฟูพลังงานให้ฝ่ายเราทั้งหมด 30% ทันที โดยพลังงานที่ฟื้นฟูจากเอฟเฟกต์นี้ สามารถเกินกว่าพลังงานสูงสุดของเป้าหมายได้ และในระหว่างนี้ ศัตรูเป้าหมายจะได้รับ DMG เพิ่มขึ้น 50% อีกทั้งเมื่อเกิด \"ปะทุ\" จะสร้าง DMG จริงแก่เป้าหมายดังกล่าว รวมถึงตัวที่อยู่ใกล้เคียงกับเป้าหมายด้วย\n\n\n[สำแดง] : ในช่วงเวลาของ \"คลื่นนักสู้ถาโถม\" หลังจากที่ฝ่ายเราปล่อยสกิลต่อสู้หรือการโจมตีต่อเนื่อง ใส่ศัตรูเป้าหมายที่อยู่ในสถานะ \"ปะทุ\" จะสามารถเกิด \"ปะทุ\" ได้โดยตรง\n[รู้แจ้ง] : ในช่วงเวลาของ \"คลื่นนักสู้ถาโถม\" ศัตรูเป้าหมายจะได้รับ DMG ทำลายล้างเพิ่มขึ้น 30% เมื่อเป้าหมายที่ติดสถานะ \"ปะทุ\" ถูกตัวใดก็ตามกำจัด จะลดความทนทาน 1,000 แก่ตัวที่อยู่ใกล้เคียงกับศัตรูเป้าหมาย โดยเพิกเฉยต่อประเภทของจุดอ่อน\n[สติปัญญา] : ในช่วงของ \"คลื่นนักสู้ถาโถม\" เมื่อฝ่ายเราทั้งหมดปล่อยสกิลต่อสู้ จะใช้ HP เท่ากับ 20% ของ HP ปัจจุบันของตัวเอง และหลังจากปล่อยสกิลต่อสู้ จะฟื้นฟู HP เท่ากับ 20% ของ HP สูงสุดของตัวเอง\n","vi":"Tuyệt Kỹ/Tấn Công Thường : Sau khi phe ta thi triển Tấn Công Thường hoặc Tuyệt Kỹ tấn công mục tiêu phe địch, cứ mỗi khi đánh trúng 1 mục tiêu phe địch sẽ khiến phe ta tích lũy thêm 300 điểm Chiến Ý.\nThỏa Thuận Ngừng Chiến : Khi phe ta thi triển Tấn Công Thường hoặc Tuyệt Kỹ tấn công mục tiêu phe địch, sẽ gắn \"Bùng Nổ\" lên mục tiêu, tối đa cộng dồn 300 tầng. Khi hiệp của mục tiêu bắt đầu hoặc bị đơn vị bất kỳ tiêu diệt, sẽ gây Sát Thương Chuẩn cho mục tiêu này dựa trên số tầng \"Bùng Nổ\".\nChiến Ý Dâng Cao : Khi vào \"Chiến Ý Dâng Cao\", lập tức hồi 30% Năng Lượng cho toàn bộ phe ta, Năng Lượng hồi phục của hiệu ứng này có thể vượt qua Giới Hạn Năng Lượng của mục tiêu. Sát thương mục tiêu phe địch phải chịu trong thời gian này tăng 50%, đồng thời khi kích hoạt \"Bùng Nổ\" sẽ gây Sát Thương Chuẩn cho mục tiêu này và mục tiêu lân cận.\n\n\n[Hiện Hình] : Trong thời gian \"Chiến Ý Dâng Cao\", sau khi phe ta thi triển Chiến Kỹ hoặc phát động Đòn Đánh Theo Sau lên mục tiêu phe địch trong trạng thái \"Bùng Nổ\" sẽ có thể trực tiếp kích hoạt \"Bùng Nổ\".\n[Linh Tri] : Trong thời gian \"Chiến Ý Dâng Cao\", Sát Thương Phá Vỡ mục tiêu phe địch phải chịu tăng 30%, đồng thời khi mục tiêu phe địch trong trạng thái \"Bùng Nổ\" bị đơn vị bất kỳ tiêu diệt, sẽ gây 1,000 điểm Giảm Sức Bền bỏ qua thuộc tính Điểm Yếu cho mục tiêu phe địch lân cận.\n[Thần Trí] : Trong thời gian Chiến Ý Dâng Cao, khi toàn thể phe ta thi triển Chiến Kỹ sẽ tiêu hao HP bằng 20% HP hiện tại của bản thân, đồng thời sau khi thi triển Chiến Kỹ sẽ hồi HP bằng 20% Giới Hạn HP của bản thân.\n"},"time":{"begin":1742155200000,"end":1745784000000}}