{
 "name": "Ao Brilho Estelar da Noite Eterna",
 "rarity": 5,
 "descHash": "Nas fendas do tempo, só o batimento do coração dela ecoa.<br />Como em muitas noites antes, observando na escuridão e repousando em letargia.<br /><br />Ela valoriza as memórias que lhe foram confiadas.<br />A garota parte de um ponto inicial em branco, pintando cada parada em que ficou com cores vibrantes. Um aconchegante Expresso, companheiros com personalidades únicas, planetas deslumbrantes e magníficos... como um sonho bonito demais para ser deixado para trás.<br /><br />\"A minha verdadeira jornada começa agora!\"<br />A declaração da garota parece sussurrar bem ao lado do seu ouvido.<br /><br />Ela olha para o céu estrelado distante, enquanto um feixe de luz se aproxima.<br />É o farol do Expresso, como uma estrela-cadente.<br /><br />\"Boa noite, Março... Quando acordar, continue sua jornada de Desbravamento. ♭\"<br /><br />Enquanto a maré da Memória surge, ela enterra seu desejo no fundo no coração, aqueles pequenos sussurros e aquela luz<br />...ela nunca esqueceu.",
 "iconPath": "f8cf76621fd24d122621898517f12f7a799359124f7334165a5356cf88b745bf",
 "artPath": "856805135c487b9ca4439f7fa9be5df21ea4bba5766f4e3f011517eca3a3067e",
 "artPlaceholder": {
  "w": 0,
  "h": 0
 },
 "mediumIconPath": "a12e10f045c89b43fdc64ac8c3cf3be18080b8078c10931cd60347f0ba4a997b",
 "baseType": {
  "id": 0,
  "iconPath": "e9618e3794a5f07ac79ad4423907c20ac4375fbe3117ff3a7795dce0d677c13d",
  "color": "#FFFFFF",
  "name": "A Recordação",
  "rarity": 0
 },
 "baseTypeId": 0,
 "itemReferences": {
  "29328": {
   "id": 29328,
   "type": 101,
   "purposeId": 11,
   "iconPath": "662fc7ab4bcd2e14d5f4185738f92c3d4e5051f6a6af0fbcafcb08310c579372",
   "name": "Crédito",
   "desc": "Esta moeda, usada pela Corporação da Paz Interastral para acertar contas com seus clientes, agora é amplamente aceita como moeda para viagens espaciais.",
   "lore": "\"As pessoas lutam e negociam tanto apenas por números em um terminal, mas o que é precioso de verdade não pode ser comprado.\"",
   "purpose": "Moeda Comum",
   "rarity": 3,
   "rewardPath": "/material/29328",
   "comeFrom": [
    "Cálice: Grande Mina",
    "Cálice: Comissão de Artesanato",
    "Cálice: Devaneio (Mundonírico)",
    "Cálice: \"Floresta dos Murmúrios\" do Bosque da Epifania",
    "Recompensas de Missão",
    "Recompensas de Atribuição",
    "Troca de Brasas"
   ]
  },
  "694487": {
   "id": 694487,
   "type": 655,
   "purposeId": 5,
   "iconPath": "a1cd1a65d901ad489a28a318391503fe2e70453747f877afe7afda933a39622b",
   "name": "Éter Refinado",
   "desc": "Material de aprimoramento para Cones de Luz. É possível obter <nobr>6000</nobr> de EXP de Cone de Luz.",
   "lore": "Uma lata de éter que foi extraída e destilada usando procedimentos especiais.<br /><br />\"O Jardim espera poder recriar uma glória do passado, mas é uma 'glória do passado' selecionada por eles. Você entende?\"",
   "purpose": "Material de EXP de Cone de Luz",
   "rarity": 4,
   "rewardPath": "/material/694487",
   "comeFrom": [
    "Cálice: Passagem do Remanso",
    "Cálice: Comissão de Divinação",
    "Cálice: Sonho de Uma Criança",
    "Cálice: \"Ruínas do Conflito\" de Castrum Kremnos",
    "Salão Esquecido"
   ]
  },
  "694488": {
   "id": 694488,
   "type": 655,
   "purposeId": 5,
   "iconPath": "e63056837d7b387f59cbaafc907b941309bc98548ff00c6b483d9d053f0c93cc",
   "name": "Éter Condensado",
   "desc": "Material de aprimoramento para Cones de Luz. É possível obter <nobr>2.000</nobr> de EXP de Cone de Luz.",
   "lore": "Lata de éter refinado com técnicas especiais.<br /><br />\"Manuseie com cuidado, não deixe cair nem faça pressão sobre ela. Caso ocorra algum vazamento, consulte o capítulo II do \"Manual de Respostas a Desastres de Vazamentos\" para respostas de emergência.\"",
   "purpose": "Material de EXP de Cone de Luz",
   "rarity": 3,
   "rewardPath": "/material/694488",
   "comeFrom": [
    "Cálice: Passagem do Remanso",
    "Cálice: Comissão de Divinação",
    "Cálice: Sonho de Uma Criança",
    "Cálice: \"Ruínas do Conflito\" de Castrum Kremnos",
    "Troca de Brasas"
   ]
  },
  "694489": {
   "id": 694489,
   "type": 655,
   "purposeId": 5,
   "iconPath": "2f6dff811f4597c4f0b13baf74fa022a38c5c2f938e540b2a6b05a31c2973fa7",
   "name": "Éter Espalhado",
   "desc": "Material de aprimoramento para Cones de Luz. É possível obter <nobr>500</nobr> de EXP de Cone de Luz.",
   "lore": "Substância imaginária que não deveria existir. O material básico usado para criar Cones de Luz.<br />As imagens dos Cones de Luz se tornam ainda mais claras quando imbuídas dessa substância.<br /><br />\"Entendi, então essa é a suposta 'memória' do Jardim da Recordação. É por isso que os Memoriadores conseguem fazer viagens galácticas com lembranças\".",
   "purpose": "Material de EXP de Cone de Luz",
   "rarity": 2,
   "rewardPath": "/material/694489",
   "comeFrom": [
    "Cálice: Passagem do Remanso",
    "Cálice: Comissão de Divinação",
    "Cálice: Sonho de Uma Criança",
    "Cálice: \"Ruínas do Conflito\" de Castrum Kremnos",
    "Recompensas de Atribuição"
   ]
  },
  "3276614": {
   "id": 3276614,
   "type": 657,
   "purposeId": 7,
   "iconPath": "8ce2ef59cb91393bfba8aaa3a79fb0cf179299005160b8ee415f10c9e8cdb330",
   "name": "Ecos Lamuriosos",
   "desc": "Uma carapaça partida de criaturas da maré negra. Material normal usado para Aprimoramento.",
   "lore": "Cabeças grotescas rugem, lâminas afiadas o suficiente para destruir tudo, enquanto a gênese do flagelo ainda se mantém à espreita, velada nas sombras e envolta pela névoa da morte.<br /><br />\"Por que você lamenta só no túmulo?\"",
   "purpose": "Material de Rastros<br />Material de Ascensão de Personagem",
   "rarity": 3,
   "rewardPath": "/material/3276614",
   "comeFrom": [
    "Criaturas da Maré Negra no Nível de Equilíbrio 2 ou maior",
    "Sintetizador Omni - Síntese de Material",
    "Inimigos do Universo Divergente",
    "Inimigos do Universo Simulado",
    "Sintetizador Omni — Troca de Material"
   ]
  },
  "3517880": {
   "id": 3517880,
   "type": 657,
   "purposeId": 7,
   "iconPath": "164749ad9f07207041ed0f8a02a2bf5548df47f34995e12895af58ca28dbf440",
   "name": "Presságio Etéreo",
   "desc": "Um fragmento concedido pelas criaturas da maré negra. Material bruto usado para aprimoramentos.",
   "lore": "O infortúnio costuma se aproximar silenciosamente, e quando você o percebe, ele já cresceu em uma calamidade que engole o mundo.<br /><br />\"O toque da morte soa na cessação do destino.\"",
   "purpose": "Material de Rastros<br />Material de Ascensão de Personagem",
   "rarity": 2,
   "rewardPath": "/material/3517880",
   "comeFrom": [
    "Criaturas da Maré Negra",
    "Inimigos do Universo Divergente",
    "Inimigos do Universo Simulado",
    "Recompensas de Atribuição",
    "Troca de Brasas",
    "Sintetizador Omni — Troca de Material",
    "Cálice (Dourado)"
   ]
  },
  "3526997": {
   "id": 3526997,
   "type": 657,
   "purposeId": 7,
   "iconPath": "278f5ba023a7f264653b08f9e224bda4b5437598f96bf3fa0554a65fe07bbf87",
   "name": "Lamento Eterno",
   "desc": "Um cristal nascido da perdição de uma criatura da maré negra. Material avançado usado para Aprimoramento.",
   "lore": "Nascida do vazio e destinada a retornar ao vazio. Uma existência retorcida forjada pela decadência, destinada a vagar pela terra desolada sem propósito.<br /><br />\"Sua vida é de ruína e tristeza.\"",
   "purpose": "Material de Rastros<br />Material de Ascensão de Personagem",
   "rarity": 4,
   "rewardPath": "/material/3526997",
   "comeFrom": [
    "Criatura da Maré Negra no Nível de Equilíbrio 4 ou maior",
    "Sintetizador Omni - Síntese de Material",
    "Inimigos do Universo Divergente",
    "Inimigos do Universo Simulado",
    "Sintetizador Omni — Troca de Material"
   ]
  },
  "6471577": {
   "id": 6471577,
   "type": 653,
   "purposeId": 3,
   "iconPath": "33aad7e181bb007b5e56beb56275d4c8e7c1821708236fba6fd9088d76a52610",
   "name": "Muda de Manas",
   "desc": "As células da memória extraem pensamentos, infundindo o coração do gravador. Use para aumentar moderadamente o nível dos Rastros para personagens da <span style=\"display: inline-block; color: #f29e38ff; font-weight:bold;\">Recordação</span>",
   "lore": "As sementes enraízam e brotam. Galhos e botões de flores balançam juntos, transmitindo sinais como uma rede viva de sinapses. Com a passagem dos anos, alguns secam e morrem, enquanto outros florescem, crescendo fortes o bastante para gerar vida e formar o receptáculo de uma alma. <br /><br />\"Nós não abandonamos a carne. Meramente a transformamos em algo... mais duradouro.\"",
   "purpose": "Material de Rastros<br />Material de Ascensão de Cone de Luz",
   "rarity": 3,
   "rewardPath": "/material/6471577",
   "comeFrom": [
    "Cálice (\"Ruínas do Conflito\" - Castrum Kremnos)",
    "Sintetizador Omni - Síntese de Material",
    "Troca de Brasas",
    "Sintetizador Omni — Troca de Material"
   ]
  },
  "6720910": {
   "id": 6720910,
   "type": 653,
   "purposeId": 3,
   "iconPath": "817a8530de59eda4145e7b96677d0871bca6ed033eeae018e65b1ecca6c43a77",
   "name": "Flor de Ālaya",
   "desc": "Esta é outra forma para a vida existir e uma substância que o universo não pode esquecer. Use para aumentar significativamente os Rastros para personagens da <span style=\"display: inline-block; color: #f29e38ff; font-weight:bold;\">Recordação</span>.",
   "lore": "Amadurece. Se tornou uma teia que restringe a história, um florescer do passado. A vida é seu canteiro de flores ou seu pistilo. Se você se tornar o pistilo, então você se lembra do universo e o universo se lembra de você. Você é memória.<br /><br />\"A memória é a verdadeira forma de todas as coisas, portanto não há nenhuma criação ou aniquilação na terra pura de Anásrava.\"",
   "purpose": "Material de Rastros<br />Material de Ascensão de Cone de Luz",
   "rarity": 4,
   "rewardPath": "/material/6720910",
   "comeFrom": [
    "Cálice (\"Ruínas do Conflito\" - Castrum Kremnos)",
    "Sintetizador Omni - Síntese de Material",
    "Sintetizador Omni — Troca de Material"
   ]
  },
  "6744567": {
   "id": 6744567,
   "type": 653,
   "purposeId": 3,
   "iconPath": "23cd2fc3a60fd252453515bc737da03bd0ba3d4086c50aa3b7c81d453d7fa54c",
   "name": "Semente do Pensamento",
   "desc": "A consciência se funde com a matéria, elevando o embrião da memória. Use para aumentar levemente o nível dos Rastros para personagens da <span style=\"display: inline-block; color: #f29e38ff; font-weight:bold;\">Recordação</span>.",
   "lore": "Essa coisa não existe verdadeiramente até que você veja, ouça ou sinta algo. Essa existência nascida de sensações logo fica em silêncio, enterrada no solo do pensamento. Pode brotar um dia, ou não.<br /><br />\"Essa é a substância que forma nossos corpos, existindo porque você se lembra.\"",
   "purpose": "Material de Rastros<br />Material de Ascensão de Cone de Luz",
   "rarity": 2,
   "rewardPath": "/material/6744567",
   "comeFrom": [
    "Cálice (\"Ruínas do Conflito\" - Castrum Kremnos)",
    "Troca de Brasas",
    "Sintetizador Omni — Troca de Material"
   ]
  }
 },
 "levelData": [
  {
   "promotion": 0,
   "maxLevel": 20,
   "cost": [
    {
     "id": 29328,
     "count": 5000
    },
    {
     "id": 3517880,
     "count": 8
    }
   ],
   "attackBase": 24,
   "attackAdd": 3.6,
   "hpBase": 52.8,
   "hpAdd": 7.92,
   "defenseBase": 21,
   "defenseAdd": 3.15
  },
  {
   "promotion": 1,
   "maxLevel": 30,
   "cost": [
    {
     "id": 29328,
     "count": 10000
    },
    {
     "id": 6744567,
     "count": 4
    },
    {
     "id": 3517880,
     "count": 12
    }
   ],
   "attackBase": 52.8,
   "attackAdd": 3.6,
   "hpBase": 116.16,
   "hpAdd": 7.92,
   "defenseBase": 46.2,
   "defenseAdd": 3.15
  },
  {
   "promotion": 2,
   "maxLevel": 40,
   "cost": [
    {
     "id": 29328,
     "count": 20000
    },
    {
     "id": 6471577,
     "count": 4
    },
    {
     "id": 3276614,
     "count": 8
    }
   ],
   "attackBase": 91.2,
   "attackAdd": 3.6,
   "hpBase": 200.64,
   "hpAdd": 7.92,
   "defenseBase": 79.8,
   "defenseAdd": 3.15
  },
  {
   "promotion": 3,
   "maxLevel": 50,
   "cost": [
    {
     "id": 29328,
     "count": 50000
    },
    {
     "id": 6471577,
     "count": 8
    },
    {
     "id": 3276614,
     "count": 12
    }
   ],
   "attackBase": 129.6,
   "attackAdd": 3.6,
   "hpBase": 285.12,
   "hpAdd": 7.92,
   "defenseBase": 113.4,
   "defenseAdd": 3.15
  },
  {
   "promotion": 4,
   "maxLevel": 60,
   "cost": [
    {
     "id": 29328,
     "count": 100000
    },
    {
     "id": 6720910,
     "count": 5
    },
    {
     "id": 3526997,
     "count": 6
    }
   ],
   "attackBase": 168,
   "attackAdd": 3.6,
   "hpBase": 369.6,
   "hpAdd": 7.92,
   "defenseBase": 147,
   "defenseAdd": 3.15
  },
  {
   "promotion": 5,
   "maxLevel": 70,
   "cost": [
    {
     "id": 29328,
     "count": 200000
    },
    {
     "id": 6720910,
     "count": 10
    },
    {
     "id": 3526997,
     "count": 8
    }
   ],
   "attackBase": 206.4,
   "attackAdd": 3.6,
   "hpBase": 454.08,
   "hpAdd": 7.92,
   "defenseBase": 180.6,
   "defenseAdd": 3.15
  },
  {
   "promotion": 6,
   "maxLevel": 80,
   "cost": [],
   "attackBase": 244.8,
   "attackAdd": 3.6,
   "hpBase": 538.56,
   "hpAdd": 7.92,
   "defenseBase": 214.2,
   "defenseAdd": 3.15
  }
 ],
 "skill": {
  "id": 23049,
  "name": "Sem Sono",
  "descHash": "Aumenta os PV máximos do usuário em <span style=\"display: inline-block; color: #f29e38ff; font-weight:bold;\"><nobr>#1[i]%</nobr></span>. Quando o Memoespírito do usuário usa uma habilidade, o usuário ganha \"Noctis\". Enquanto o usuário possui \"Noctis\", os Memoespíritos de todos os aliados ignoram <span style=\"display: inline-block; color: #f29e38ff; font-weight:bold;\"><nobr>#2[i]%</nobr></span> da DEF do alvo ao causar Dano. Aumenta o Dano causado pelo usuário e seu Memoespírito em <span style=\"display: inline-block; color: #f29e38ff; font-weight:bold;\"><nobr>#3[i]%</nobr></span>. Quando o Memoespírito do usuário desaparece, o usuário recupera <span style=\"display: inline-block; color: #f29e38ff; font-weight:bold;\"><nobr>#4[i]</nobr></span> de Energia. Efeitos similares não podem ser acumulados.",
  "levelData": [
   {
    "params": [
     0.3,
     0.2,
     0.3,
     8
    ],
    "level": 1,
    "levelReq": 0,
    "promotionReq": 0,
    "cost": []
   },
   {
    "params": [
     0.375,
     0.225,
     0.375,
     10
    ],
    "level": 2,
    "levelReq": 0,
    "promotionReq": 0,
    "cost": []
   },
   {
    "params": [
     0.45,
     0.25,
     0.45,
     12
    ],
    "level": 3,
    "levelReq": 0,
    "promotionReq": 0,
    "cost": []
   },
   {
    "params": [
     0.525,
     0.275,
     0.525,
     14
    ],
    "level": 4,
    "levelReq": 0,
    "promotionReq": 0,
    "cost": []
   },
   {
    "params": [
     0.6,
     0.3,
     0.6,
     16
    ],
    "level": 5,
    "levelReq": 0,
    "promotionReq": 0,
    "cost": []
   }
  ]
 },
 "calculator": {
  "expCost": {
   "1": 60,
   "2": 100,
   "3": 170,
   "4": 260,
   "5": 370,
   "6": 500,
   "7": 640,
   "8": 800,
   "9": 970,
   "10": 1160,
   "11": 1360,
   "12": 1580,
   "13": 1820,
   "14": 2060,
   "15": 2320,
   "16": 2600,
   "17": 2880,
   "18": 3180,
   "19": 3490,
   "20": 3620,
   "21": 3760,
   "22": 3910,
   "23": 4050,
   "24": 4200,
   "25": 4360,
   "26": 4510,
   "27": 4670,
   "28": 4830,
   "29": 4990,
   "30": 5160,
   "31": 5330,
   "32": 5500,
   "33": 5670,
   "34": 5850,
   "35": 6030,
   "36": 6210,
   "37": 6390,
   "38": 6580,
   "39": 6760,
   "40": 6950,
   "41": 7630,
   "42": 8060,
   "43": 8510,
   "44": 8970,
   "45": 9440,
   "46": 9910,
   "47": 10390,
   "48": 10890,
   "49": 11390,
   "50": 11900,
   "51": 12420,
   "52": 12940,
   "53": 13480,
   "54": 14020,
   "55": 14580,
   "56": 15140,
   "57": 15710,
   "58": 16290,
   "59": 16880,
   "60": 17470,
   "61": 18290,
   "62": 19270,
   "63": 20260,
   "64": 21260,
   "65": 22290,
   "66": 23320,
   "67": 24370,
   "68": 25440,
   "69": 26520,
   "70": 27620,
   "71": 30810,
   "72": 33710,
   "73": 36660,
   "74": 39650,
   "75": 42680,
   "76": 45750,
   "77": 48870,
   "78": 52030,
   "79": 55230,
   "80": 0
  },
  "expItemConfig": {
   "500": {
    "itemId": 694489,
    "cost": 250
   },
   "2000": {
    "itemId": 694488,
    "cost": 1000
   },
   "6000": {
    "itemId": 694487,
    "cost": 3000
   }
  },
  "sCoinId": 29328
 },
 "pageId": "23049"
}